Date,Open,High,Low,Close,Volume,Dividends,Stock Splits,RSI,MACD,SMA_50,SMA_200,Volume_MA
2017-03-30 00:00:00-04:00,33.31587499357841,33.38750159553107,33.156446221167535,33.25579833984375,84829200,0.0,0.0,73.41851098960817,0.5608389167953618,31.015184440612792,26.494006032943727,95868220.0
2017-03-31 00:00:00-04:00,33.207279354099846,33.33436051768321,33.043228483724,33.193416595458984,78646800,0.0,0.0,71.55358703877516,0.5554450999389715,31.127925872802734,26.549403696060182,95578940.0
2017-04-03 00:00:00-04:00,33.20498386217642,33.299713927446234,33.052486402532196,33.20267105102539,79942800,0.0,0.0,71.66856172154397,0.5456275635304095,31.23984016418457,26.60438096046448,95226080.0
2017-04-04 00:00:00-04:00,33.09868495318175,33.47761565559979,33.080200098719224,33.44989013671875,79565600,0.0,0.0,74.61968603649996,0.5514389641940483,31.35633068084717,26.663121213912962,95715100.0
2017-04-05 00:00:00-04:00,33.322810259170346,33.60932022602162,33.228076698482546,33.2765998840332,110871600,0.0,0.0,69.17997180769291,0.5358841273009745,31.469861450195314,26.72125678062439,97517240.0
2017-04-06 00:00:00-04:00,33.3389790868133,33.39212436243698,33.14489341459069,33.193416595458984,84596000,0.0,0.0,66.66759882151158,0.5109546437258246,31.5729402923584,26.778054485321046,97315860.0
2017-04-07 00:00:00-04:00,33.209606898182265,33.313581170781795,33.10332333974798,33.1194953918457,66688800,0.0,0.0,64.42836984902635,0.4797033039559011,31.674264755249023,26.83489231109619,96727740.0
2017-04-10 00:00:00-04:00,33.17955967379013,33.24425490924556,33.017818059525624,33.080204010009766,75733600,0.0,0.0,63.21301485004623,0.4466175764802429,31.774757347106934,26.89090765953064,97030080.0
2017-04-11 00:00:00-04:00,33.027070231356774,33.12180382246015,32.36162933373058,32.724388122558594,121517600,0.0,0.0,53.39088168729962,0.3872218778752199,31.869606056213378,26.948217229843138,100044140.0
2017-04-12 00:00:00-04:00,32.71743862243264,32.844516243081806,32.581113287907016,32.763648986816406,81400000,0.0,0.0,54.2358566762839,0.3394059222380079,31.9665283203125,27.00727108001709,98975780.0
2017-04-13 00:00:00-04:00,32.78908567149333,32.89768203463652,32.59037780761719,32.59037780761719,71291600,0.0,0.0,49.933411328966635,0.2842532028455125,32.02593650817871,27.063694343566894,98693960.0
2017-04-17 00:00:00-04:00,32.689717120605906,32.782141396308624,32.548773185081686,32.77058792114258,66328400,0.0,0.0,54.018914830946535,0.25217876562156505,32.08996116638183,27.12009663581848,93233380.0
2017-04-18 00:00:00-04:00,32.673553715856414,32.81911625943817,32.60423637215595,32.625030517578125,58790000,0.0,0.0,50.43875999110652,0.21256397189257115,32.14854404449463,27.174405250549317,91864480.0
2017-04-19 00:00:00-04:00,32.78213681645737,32.809862332481956,32.45172580612209,32.50486755371094,69313600,0.0,0.0,47.63217997891542,0.16951870935318425,32.199156227111814,27.227782955169676,87424180.0
2017-04-20 00:00:00-04:00,32.6296492538494,33.0224427935341,32.615786491662185,32.911537170410156,93278400,0.0,0.0,56.46175369364393,0.16630283252080602,32.25219623565674,27.284218463897705,86916060.0
2017-04-21 00:00:00-04:00,32.91152477518671,32.96697580305148,32.775202964186015,32.87224578857422,69283600,0.0,0.0,55.488296424398044,0.1587537266792296,32.30210391998291,27.339842872619627,86310980.0
2017-04-24 00:00:00-04:00,33.156449382600115,33.260423605852495,33.08250996345363,33.18879699707031,68537200,0.0,0.0,61.28026575716355,0.1762819740431567,32.35395275115967,27.39658329963684,85258720.0
2017-04-25 00:00:00-04:00,33.25119026285557,33.47993289925257,33.241946070614006,33.39444351196289,75486000,0.0,0.0,64.51104517987497,0.20441087018532045,32.411300849914554,27.453509702682496,84318000.0
2017-04-26 00:00:00-04:00,33.38057575895097,33.41061409080594,33.12872620522698,33.19804000854492,80164800,0.0,0.0,59.412293969058084,0.2084521945803388,32.45931411743164,27.509112586975096,81651280.0
2017-04-27 00:00:00-04:00,33.253499487413826,33.30895406388303,33.11255552381096,33.22346115112305,56985200,0.0,0.0,59.85457299485214,0.21127084820568598,32.49984123229981,27.564341764450074,78662540.0
2017-04-28 00:00:00-04:00,33.29277364954495,33.34129683760354,33.103310044002505,33.19110870361328,83441600,0.0,0.0,58.973812551638886,0.20849072804578128,32.53745693206787,27.62003517150879,78593160.0
2017-05-01 00:00:00-04:00,33.5261457777764,34.01136008674115,33.49379815717875,33.868106842041016,134411600,0.0,0.0,69.1905004211896,0.25794215801677467,32.58935199737549,27.676928176879883,81381400.0
2017-05-02 00:00:00-04:00,34.089916305108204,34.21699749566795,33.928178210589465,34.082984924316406,181408800,0.0,0.0,71.6073223126226,0.3108879156055764,32.643834838867186,27.734906969070433,86454700.0
2017-05-03 00:00:00-04:00,33.63935221272565,34.078359553815964,33.33436094186979,33.97900390625,182788000,0.0,0.0,68.79500987050103,0.3405319702170786,32.691709213256836,27.791170654296874,91615820.0
2017-05-04 00:00:00-04:00,33.85425046780604,33.99750373953712,33.69019952306005,33.85655975341797,93487600,0.0,0.0,65.5312137988216,0.3501090381885845,32.73524017333985,27.846776609420775,90746620.0
2017-05-05 00:00:00-04:00,33.909686058779336,34.42262928078691,33.909686058779336,34.41801071166992,109310800,0.0,0.0,72.07364046162013,0.3984107030617068,32.792680473327636,27.905087375640868,91982360.0
2017-05-08 00:00:00-04:00,34.43419436903658,35.51322292684159,34.43419436903658,35.35379409790039,195009600,0.0,0.0,79.17017938592917,0.506362981814739,32.86823535919189,27.9686803150177,98398400.0
2017-05-09 00:00:00-04:00,35.55249403747193,35.78586225291136,35.4554511904516,35.580223083496094,156521600,0.0,0.0,80.46381900578969,0.6032331707791343,32.94707130432129,28.034281845092774,102437800.0
2017-05-10 00:00:00-04:00,35.4970453320954,35.56867194825436,35.145840106230295,35.41155242919922,103222800,0.0,0.0,76.6452117056207,0.6587989569950352,33.0222566986084,28.10054256439209,101523060.0
2017-05-11 00:00:00-04:00,35.36978271379286,35.74563982195557,35.337301584956826,35.717796325683594,109020400,0.1575,0.0,78.62835837840956,0.7192554370034543,33.09062782287597,28.16909707069397,102904080.0
2017-05-12 00:00:00-04:00,35.89181032003133,36.29086629146974,35.884850329613776,36.21662521362305,130108000,0.0,0.0,81.39902041785135,0.7982175997288223,33.17281097412109,28.232997579574587,105844900.0
2017-05-15 00:00:00-04:00,36.19573970097141,36.344225388633426,35.973012939567404,36.123817443847656,104038800,0.0,0.0,79.33817553414022,0.8435825763580311,33.24934898376465,28.294851865768432,107730420.0
2017-05-16 00:00:00-04:00,36.17950585219005,36.207345816128424,35.896454418221445,36.07046127319336,80194000,0.0,0.0,78.11373269136364,0.8652551276095366,33.326852798461914,28.356587324142456,108800620.0
2017-05-17 00:00:00-04:00,35.63659927380828,35.86164838463973,34.73408401394015,34.85936737060547,203070800,0.0,0.0,56.717001935212764,0.7757631099778166,33.379302978515625,28.410172948837282,115488480.0
2017-05-18 00:00:00-04:00,35.09602929903596,35.57628645594224,35.063548155767805,35.39067840576172,134272800,0.0,0.0,61.67653208011988,0.7391914623873319,33.44478233337402,28.468202190399168,117538200.0
2017-05-19 00:00:00-04:00,35.5855513624464,35.72475467671366,35.411544564479314,35.51130676269531,107843200,0.0,0.0,62.72094761492481,0.711737402721262,33.51415328979492,28.525343437194824,119466180.0
2017-05-22 00:00:00-04:00,35.72941537506011,35.86398113051497,35.476526206788755,35.72709655761719,91865600,0.0,0.0,64.58053540701741,0.699330844996922,33.58571411132812,28.582819776535032,120632600.0
2017-05-23 00:00:00-04:00,35.93821037343643,35.93821037343643,35.56931673150193,35.68300247192383,79675600,0.0,0.0,63.87932833726146,0.6781235482630308,33.65611587524414,28.63823314666748,120842080.0
2017-05-24 00:00:00-04:00,35.69227942289396,35.768842851420054,35.420829198216694,35.57627487182617,76712000,0.0,0.0,62.12114097458858,0.6452663585262641,33.72535331726074,28.692094316482542,120669440.0
2017-05-25 00:00:00-04:00,35.666768125919795,35.81061621627435,35.50436241762813,35.699249267578125,76942400,0.0,0.0,63.372089930730795,0.6219800065870587,33.790257415771485,28.746066846847533,121667300.0
2017-05-26 00:00:00-04:00,35.72940324238091,35.78508670371627,35.56931638869759,35.638919830322266,87710400,0.0,0.0,62.28534447883125,0.5918350178326577,33.85289207458496,28.80066470146179,121880740.0
2017-05-30 00:00:00-04:00,35.59484499988018,35.82917297765768,35.57396502506591,35.65284729003906,80507600,0.0,0.0,62.44545491003372,0.562583612970208,33.91903984069824,28.855412282943725,119185540.0
2017-05-31 00:00:00-04:00,35.722459394582664,35.76886052990759,35.35356558950685,35.44172668457031,97804800,0.0,0.0,58.39827164281547,0.5164131065822275,33.9741724395752,28.90881817817688,115005340.0
2017-06-01 00:00:00-04:00,35.536835236080066,35.573957543617595,35.3164272878654,35.539154052734375,65616400,0.0,0.0,59.696438432274924,0.4821265670539461,34.03874000549317,28.961223459243776,109146760.0
2017-06-02 00:00:00-04:00,35.631962843537316,36.065818786621094,35.471875976360536,36.065818786621094,111082800,0.0,0.0,65.89239417243917,0.4917827149466305,34.106539001464846,29.016376514434814,110026520.0
2017-06-05 00:00:00-04:00,35.80828605555389,35.83380719987951,35.60412044112713,35.71316146850586,101326800,0.0,0.0,59.316650910349665,0.46561150384541605,34.1695955657959,29.06994938850403,109627320.0
2017-06-06 00:00:00-04:00,35.70619176790843,36.149329907878446,35.678351814461834,35.833797454833984,106499600,0.0,0.0,60.75928161900642,0.4494242632442038,34.236358642578125,29.12428565979004,105201820.0
2017-06-07 00:00:00-04:00,35.96605159431426,36.1887783473258,35.84076469808959,36.0472526550293,84278400,0.0,0.0,63.242950318830424,0.448648073464021,34.30628173828125,29.179368772506713,101589660.0
2017-06-08 00:00:00-04:00,36.019423740514945,36.08670484231927,35.82221452940671,35.959102630615234,85003200,0.0,0.0,61.51148689908847,0.4358952382304011,34.36094841003418,29.234983882904054,100678680.0
2017-06-09 00:00:00-04:00,36.00550639611998,36.00550639611998,33.87798257029216,34.564727783203125,259530800,0.0,0.0,41.94775482640417,0.30970405199192896,34.386248931884765,29.283238029479982,108204200.0
2017-06-12 00:00:00-04:00,33.81301415713416,33.89421523399402,33.06362206785271,33.73876953125,289229200,0.0,0.0,34.87250382381647,0.14141851501689473,34.39590835571289,29.32830079078674,116160260.0
2017-06-13 00:00:00-04:00,34.142462655827934,34.2097437423721,33.676122062916065,34.010215759277344,136661600,0.0,0.0,38.541326414836476,0.029613095235035303,34.41224433898926,29.37524724006653,117791400.0
2017-06-14 00:00:00-04:00,34.22133663456883,34.22133663456883,33.3721826182651,33.678436279296875,126124800,0.0,0.0,35.880758558788685,-0.08478795393990879,34.42175964355469,29.42125575065613,120087940.0
2017-06-15 00:00:00-04:00,33.25155501532048,33.52068295447054,32.994024702203426,33.476600646972656,128661600,0.0,0.0,34.328255660535135,-0.1895530092459765,34.42229385375977,29.466392431259155,116367480.0
2017-06-16 00:00:00-04:00,33.35827088059254,33.525317729657,32.99169604737768,33.007938385009766,201444400,0.0,0.0,30.97665581291497,-0.30685990812673936,34.4169206237793,29.510124197006224,119726060.0
2017-06-19 00:00:00-04:00,33.330423064225315,34.04501140788911,33.330423064225315,33.952205657958984,130165600,0.0,0.0,43.0428042106775,-0.31994387940059,34.4320964050293,29.558462867736818,120842180.0
2017-06-20 00:00:00-04:00,34.075187273103715,34.075187273103715,33.62741125315838,33.64365005493164,99600400,0.0,0.0,40.54838518045015,-0.35116289212843554,34.44257949829102,29.604537734985353,121228920.0
2017-06-21 00:00:00-04:00,33.76196529026394,33.8895710035528,33.55083615920216,33.84316635131836,85063200,0.0,0.0,42.85449787942229,-0.35570454635298177,34.457838745117186,29.65046582221985,121498300.0
2017-06-22 00:00:00-04:00,33.81997198142515,34.03573877374179,33.66916392232728,33.78749084472656,76425200,0.0,0.0,42.36069857735624,-0.3596505603441713,34.47910079956055,29.696149854660035,121483960.0
2017-06-23 00:00:00-04:00,33.671480603015574,34.14245877583678,33.66683942993293,33.938289642333984,141757600,0.0,0.0,44.23497794267793,-0.3466140511509934,34.5025936126709,29.74183256149292,124724720.0
2017-06-26 00:00:00-04:00,34.14479139191816,34.402321729330055,33.72949650771373,33.831581115722656,102769600,0.0,0.0,43.165340217793556,-0.3409626053173369,34.52741767883301,29.79023186683655,125477680.0
2017-06-27 00:00:00-04:00,33.64365116570499,33.91046385671273,33.321158535145855,33.3466796875,99047600,0.0,0.0,38.59789318447388,-0.3713308160430131,34.538939514160155,29.838941822052004,126404680.0
2017-06-28 00:00:00-04:00,33.52300142879953,33.89885509731291,33.21442885223566,33.833892822265625,88329600,0.0,0.0,44.90591952992744,-0.35202587847022215,34.563116760253905,29.887444219589234,125930920.0
2017-06-29 00:00:00-04:00,33.5740403930402,33.67148379594912,33.01025640599368,33.33506774902344,125997600,0.0,0.0,40.33686503290517,-0.3726815499926772,34.57972076416016,29.930580034255982,128949980.0
2017-06-30 00:00:00-04:00,33.513714088391175,33.63204099616929,33.358268414814425,33.4139518737793,92096400,0.0,0.0,41.353099288171,-0.3783249345383837,34.58976905822754,29.969738597869874,128000660.0
2017-07-03 00:00:00-04:00,33.61349352621814,33.71093696393949,33.200517439607935,33.29331970214844,57111200,0.0,0.0,40.224760682048924,-0.3880580736198027,34.598190536499025,30.003945236206054,125789880.0
2017-07-05 00:00:00-04:00,33.33739642246375,33.59260437172023,33.11234725637412,33.430198669433594,86278400,0.0,0.0,42.1534707500486,-0.3803423182606238,34.603018569946286,30.039580154418946,124778820.0
2017-07-06 00:00:00-04:00,33.18194297823651,33.293306356681505,33.040417283475556,33.11465835571289,96515200,0.0,0.0,39.02727166304803,-0.3951341324696287,34.59742286682129,30.07517086982727,125390660.0
2017-07-07 00:00:00-04:00,33.154108868848056,33.583327248020424,33.154108868848056,33.451080322265625,76806800,0.0,0.0,43.811835101206775,-0.37538312766655935,34.602483673095705,30.1124551486969,124980840.0
2017-07-10 00:00:00-04:00,33.43482738099695,33.861723222218814,33.26313939390278,33.655235290527344,84362400,0.0,0.0,46.55273074692,-0.33934495688924216,34.61111915588379,30.150783081054687,116222420.0
2017-07-11 00:00:00-04:00,33.57867424849451,33.83852683386078,33.49747319196195,33.7642822265625,79127200,0.0,0.0,48.01152135595498,-0.29854384292826097,34.622582626342776,30.188431730270384,105717320.0
2017-07-12 00:00:00-04:00,33.84316613027823,33.915088384522775,33.5995594085281,33.81300735473633,99538000,0.0,0.0,48.68547795829137,-0.2592880443531911,34.62148063659668,30.22850980758667,103861140.0
2017-07-13 00:00:00-04:00,33.75733476658762,34.45104347027611,33.74341478259706,34.28399658203125,100797600,0.0,0.0,54.78690877553659,-0.18800543708876205,34.62550086975098,30.270748329162597,102594780.0
2017-07-14 00:00:00-04:00,34.33039583744347,34.645928438020356,34.18191011600604,34.578643798828125,80528400,0.0,0.0,58.14015233686205,-0.10651010712754783,34.63749366760254,30.31421974182129,100188120.0
2017-07-17 00:00:00-04:00,34.52759911588152,35.010174972615246,34.46959683558217,34.699283599853516,95174000,0.0,0.0,59.46570348759798,-0.03182301141086441,34.65434814453125,30.35731014251709,94874600.0
2017-07-18 00:00:00-04:00,34.61576565314673,34.831536010902305,34.49280108266514,34.8199348449707,71475200,0.0,0.0,60.80255295964023,0.03667977557207536,34.662386627197264,30.403029403686524,91940080.0
2017-07-19 00:00:00-04:00,34.912730369299176,35.13081950217448,34.78976582249554,35.03801727294922,83692000,0.0,0.0,63.16720935083575,0.1073289359749765,34.65607109069824,30.44884346008301,91144660.0
2017-07-20 00:00:00-04:00,35.149384286938314,35.205067754332376,34.845452883625036,34.880252838134766,68974800,0.0,0.0,60.33171337668466,0.14887252341684132,34.64207168579102,30.494475221633913,90340240.0
2017-07-21 00:00:00-04:00,34.799051397356024,34.90345479996306,34.541521116163516,34.864013671875,105010400,0.0,0.0,60.03299176958386,0.17842893309652652,34.63112091064453,30.539476470947264,91769500.0
2017-07-24 00:00:00-04:00,34.93594138266693,35.36747858219408,34.77817330554504,35.28627395629883,85972800,0.0,0.0,64.89967723885661,0.23323686726574522,34.62249046325684,30.586531810760498,88980260.0
2017-07-25 00:00:00-04:00,35.21899120640794,35.69228833526864,35.21899120640794,35.43708038330078,75415600,0.0,0.0,66.47000195084894,0.2855497287572675,34.60689956665039,30.633379850387573,87612560.0
2017-07-26 00:00:00-04:00,35.57860864023195,35.71317084727418,35.51132399653175,35.604129791259766,63124000,0.0,0.0,68.16879772216569,0.3366073396347389,34.59650581359863,30.680868587493897,85816380.0
2017-07-27 00:00:00-04:00,35.67141095788023,35.72709443481554,34.174952474512295,34.93130111694336,129905200,0.0,0.0,55.88698297149912,0.319100817560404,34.57372261047363,30.722715816497804,87895160.0
2017-07-28 00:00:00-04:00,34.77585483488103,34.854737104138636,34.613449121650966,34.68537139892578,68854800,0.0,0.0,52.185959937646665,0.28213007982485294,34.570242691040036,30.763047285079956,85038020.0
2017-07-31 00:00:00-04:00,34.778167945206754,34.877933714220624,34.36751432489266,34.506717681884766,79383600,0.0,0.0,49.615480958858775,0.23569766593960395,34.5525634765625,30.801295289993288,84402380.0
2017-08-01 00:00:00-04:00,34.59256125152247,34.85241033339182,34.43247439209287,34.81296920776367,141474400,0.0,0.0,53.81511222895402,0.22106330195786228,34.53859672546387,30.841486539840698,88620540.0
2017-08-02 00:00:00-04:00,36.954419546336645,37.06346413718461,36.23055208383855,36.45792007446289,279747200,0.0,0.0,68.83905722515934,0.3382995440227248,34.55321319580078,30.88915870666504,98293980.0
2017-08-03 00:00:00-04:00,36.437042487073036,36.474164805577196,35.96606413411134,36.09366989135742,108389200,0.0,0.0,63.88337472556885,0.3972390405036137,34.56142654418945,30.935101165771485,98887680.0
2017-08-04 00:00:00-04:00,36.20966014716039,36.51822911955738,36.12149556065968,36.28390121459961,82239600,0.0,0.0,65.28879179642556,0.454064916346951,34.57557907104492,30.98208631515503,99159320.0
2017-08-07 00:00:00-04:00,36.4393590208106,36.870896210885,36.348875587739144,36.845375061035156,87481200,0.0,0.0,69.10958858232706,0.5382020214515819,34.59850158691406,31.0322793674469,99315260.0
2017-08-08 00:00:00-04:00,36.79663841541217,37.546026689659826,36.720075000617484,37.140010833740234,144823600,0.0,0.0,70.91859544285424,0.6214917577869343,34.628523406982424,31.084014263153076,102600080.0
2017-08-09 00:00:00-04:00,36.949776311581175,37.416116973301776,36.914976354816375,37.367393493652344,104526000,0.0,0.0,72.26833215972889,0.6978035097487947,34.66281433105469,31.13741250038147,102849480.0
2017-08-10 00:00:00-04:00,37.243945192944345,37.267238638725885,36.01645807921951,36.17717361450195,163217200,0.1575,0.0,57.28169794414551,0.6546934275103524,34.67752326965332,31.18365800857544,105970460.0
2017-08-11 00:00:00-04:00,36.47531517491972,36.9341683844951,36.351867717935605,36.68028259277344,105028400,0.0,0.0,60.96649192667797,0.6535908778408057,34.700345840454105,31.231732444763182,107195460.0
2017-08-14 00:00:00-04:00,37.10885236838199,37.316151228789415,36.97608613268702,37.2322998046875,88490800,0.0,0.0,64.57693574246129,0.6893142888467949,34.72367546081543,31.28561110496521,106861300.0
2017-08-15 00:00:00-04:00,37.42096985308881,37.77966548996639,37.299850322653825,37.639915466308594,117862000,0.0,0.0,67.00392687931894,0.7419636318572032,34.762210540771484,31.34279814720154,109180640.0
2017-08-16 00:00:00-04:00,37.71911011424637,37.85187282362059,37.302180829366435,37.48851776123047,110686400,0.0,0.0,65.2166426867195,0.7626803813108936,34.795304946899414,31.400097942352296,110530360.0
2017-08-17 00:00:00-04:00,37.38836380228439,37.43261922350006,36.76413561275204,36.768795013427734,111762400,0.0,0.0,57.380722699269505,0.7128061580517624,34.809735794067386,31.45400513648987,112669740.0
2017-08-18 00:00:00-04:00,36.76878794908287,37.15077698722718,36.50325902688598,36.6849365234375,109712400,0.0,0.0,56.52847600753273,0.6589181986551935,34.82425247192383,31.509839086532594,112904840.0
2017-08-21 00:00:00-04:00,36.68494262303436,36.775781386413854,36.12826331840998,36.61739730834961,105474000,0.0,0.0,55.80952174042632,0.6038015044924023,34.86530586242676,31.565220890045165,113879900.0
2017-08-22 00:00:00-04:00,36.854957371464366,37.26722706602458,36.80604612622486,37.21598434448242,86418400,0.0,0.0,60.59319191772532,0.6014885133214207,34.934850158691404,31.624964427947997,114430040.0
2017-08-23 00:00:00-04:00,37.050622350639216,37.37670924800208,37.00636693869412,37.262577056884766,77596400,0.0,0.0,60.94756119053703,0.5965385683697377,34.99989738464355,31.686079750061037,115153660.0
2017-08-24 00:00:00-04:00,37.367394724546074,37.43960298887121,36.929507062848636,37.09720993041992,79275600,0.0,0.0,58.922303072395515,0.5726705664432146,35.06827285766602,31.74456226348877,112622180.0
2017-08-25 00:00:00-04:00,37.18572719842804,37.397685539940476,37.09721989471758,37.234642028808594,101920400,0.0,0.0,60.108689141738324,0.5584076489483891,35.14343368530273,31.80298426628113,114275460.0
2017-08-28 00:00:00-04:00,37.29984246277203,37.733074197574055,37.250927654646475,37.60962677001953,103864000,0.0,0.0,63.22924923955911,0.5707826912476364,35.23546745300293,31.86348822593689,115499480.0
2017-08-29 00:00:00-04:00,37.290525026344106,37.993941463572725,37.267231584971434,37.945030212402344,118067600,0.0,0.0,65.8058363624219,0.6007294213160748,35.315323944091794,31.929223613739012,114329140.0
2017-08-30 00:00:00-04:00,38.15233307291767,38.17329503991752,37.87515744009567,38.04751968383789,109078400,0.0,0.0,66.57654477591319,0.625521838078896,35.40340133666992,31.994735231399535,105795700.0
2017-08-31 00:00:00-04:00,38.115069771003085,38.320040729401555,38.077801677825,38.19892120361328,107140400,0.0,0.0,67.73352336962145,0.6498952563443439,35.49051643371582,32.064132652282716,105733260.0
2017-09-01 00:00:00-04:00,38.385246164315454,38.41785484717344,38.112729981699495,38.21055603027344,66364400,0.0,0.0,67.82569505305445,0.6625131598888032,35.578977737426754,32.13197786331177,104939500.0
2017-09-05 00:00:00-04:00,38.14068917207796,38.257149291687355,37.39767304031707,37.751712799072266,117874000,0.0,0.0,60.48732740178977,0.6282460953917592,35.65524620056152,32.19421599388122,106459140.0
2017-09-06 00:00:00-04:00,37.8984493074153,37.963666682533365,37.388353473821574,37.71211242675781,86606800,0.0,0.0,59.88512319713175,0.5910801764656668,35.732856826782225,32.256302165985105,103548300.0
2017-09-07 00:00:00-04:00,37.75403893758368,37.78897910426357,37.35108793792291,37.56071472167969,87714000,0.0,0.0,57.527055654495385,0.5431483127826908,35.81713752746582,32.317504806518556,102707700.0
2017-09-08 00:00:00-04:00,37.467546467779975,37.535091767309375,36.92484193250823,36.94813537597656,114446000,0.0,0.0,49.10214177664093,0.4505384055358661,35.87942237854004,32.37372357368469,100269140.0
2017-09-11 00:00:00-04:00,37.38369886793957,37.74472595411591,37.24161737805395,37.61661911010742,126323200,0.0,0.0,56.57587479571134,0.42617278285963067,35.96505340576172,32.43320423126221,101333880.0
2017-09-12 00:00:00-04:00,37.875154916994575,38.18959861736738,36.980742177111466,37.46754455566406,286856000,0.0,0.0,54.64872503527536,0.39033425040430814,36.04612525939942,32.49259521484375,111252140.0
2017-09-13 00:00:00-04:00,37.23694981866018,37.25791533696274,36.78042823433006,37.185707092285156,179629600,0.0,0.0,51.10448529500986,0.3353246139329684,36.123973007202146,32.54993282318115,114340520.0
2017-09-14 00:00:00-04:00,37.03199022957224,37.127484826851486,36.822359881166186,36.866615295410156,95042800,0.0,0.0,47.35948681362109,0.262949916503203,36.19270133972168,32.605928058624265,113558340.0
2017-09-15 00:00:00-04:00,36.910881288728575,37.493182055504654,36.801408460248126,37.23929977416992,196458400,0.0,0.0,51.8020306164045,0.23297932945498445,36.27519416809082,32.66391324043274,117793140.0
2017-09-18 00:00:00-04:00,37.292868099975266,37.38370687170587,36.80140614161699,36.957462310791016,113077600,0.0,0.0,48.47059048322898,0.18436030458122588,36.345321807861325,32.72157049179077,117961400.0
2017-09-19 00:00:00-04:00,37.153105416508424,37.213666952238235,36.903882613105765,36.97142791748047,83242400,0.0,0.0,48.6468279625883,0.14528156933534575,36.41164566040039,32.78048239707947,116849820.0
2017-09-20 00:00:00-04:00,36.77810477619086,36.861956205442226,35.83012123973316,36.351863861083984,211805600,0.0,0.0,41.81433230823746,0.06358478287078384,36.46339729309082,32.835824842453,123119180.0
2017-09-21 00:00:00-04:00,36.28897304494731,36.28897304494731,35.578565622840415,35.72763442993164,150046800,0.0,0.0,36.28475712672328,-0.05094336380017239,36.50168983459473,32.88895483970642,126741700.0
2017-09-22 00:00:00-04:00,35.296734239749,35.46676858657564,35.06847338265814,35.378257751464844,186581600,0.0,0.0,33.60608889655427,-0.16796334635395738,36.5235750579834,32.939371738433834,132107000.0
2017-09-25 00:00:00-04:00,34.935712069931256,35.36428450753414,34.7423878221462,35.06614685058594,177549200,0.0,0.0,31.37758244990053,-0.2826292923410989,36.533325119018556,32.986985769271854,135888440.0
2017-09-26 00:00:00-04:00,35.352631428347586,35.851080567151044,35.33166946109935,35.669403076171875,146640000,0.0,0.0,39.700695347513985,-0.3211234338245603,36.55272750854492,33.03636226654053,138027240.0
2017-09-27 00:00:00-04:00,35.823143856228384,36.037430111752734,35.76258230191636,35.92329788208008,102016800,0.0,0.0,42.842846349729975,-0.3273694184605276,36.57479476928711,33.084903192520144,137224700.0
2017-09-28 00:00:00-04:00,35.84409641492313,35.93493516844684,35.56692075430234,35.7020149230957,88022000,0.0,0.0,40.84512980745856,-0.3461844923995798,36.58807472229004,33.13308541297913,136171880.0
2017-09-29 00:00:00-04:00,35.685708417667065,35.89999459326319,35.40387338808492,35.89766311645508,105199200,0.0,0.0,43.35986569226388,-0.34137326148670866,36.608422927856445,33.18007180213928,136074820.0
2017-10-02 00:00:00-04:00,35.93027956667778,35.97453498662579,35.571583914714,35.82546615600586,74795200,0.0,0.0,42.63951841388277,-0.3394727866878213,36.62765197753906,33.22669720649719,136496360.0
2017-10-03 00:00:00-04:00,35.87204119119061,36.12359545099182,35.84875130203596,35.98151397705078,64921200,0.0,0.0,44.77508220084426,-0.3216669157313987,36.6415567779541,33.273378190994265,133848720.0
2017-10-04 00:00:00-04:00,35.78352872178293,35.83709936853621,35.51101253515113,35.74858856201172,80655200,0.0,0.0,42.246734727547434,-0.3226316719853912,36.647786941528324,33.318722019195555,133551140.0
2017-10-05 00:00:00-04:00,35.91163877835149,36.20512053804694,35.88136156571288,36.19347381591797,85135200,0.0,0.0,48.256679470483846,-0.28422139897266874,36.659573822021486,33.36551956176758,133422200.0
2017-10-06 00:00:00-04:00,36.09564033966873,36.21675982760827,36.00014221352256,36.17250442504883,69630400,0.0,0.0,48.003116484916966,-0.2525616618500095,36.6843978881836,33.41185567855835,131181420.0
2017-10-09 00:00:00-04:00,36.29129911567504,36.50558529280248,36.21676649297357,36.29828643798828,65051600,0.0,0.0,49.71008964424379,-0.21484493615646016,36.71665618896484,33.45869414329529,128117840.0
2017-10-10 00:00:00-04:00,36.349531579630025,36.801397407591345,36.12593014262862,36.31226348876953,62468000,0.0,0.0,49.90688240789079,-0.181731441192845,36.75276710510254,33.50648822784424,116898440.0
2017-10-11 00:00:00-04:00,36.32857844129487,36.56382665812951,36.277335692426874,36.46367263793945,67622400,0.0,0.0,52.093842512101006,-0.14163858348195646,36.785781173706056,33.55477479934692,111298080.0
2017-10-12 00:00:00-04:00,36.417071886230794,36.6546479129913,36.27265895658116,36.335548400878906,64500400,0.0,0.0,50.10055832434155,-0.11883342232318483,36.783333740234376,33.6015695476532,109770960.0
2017-10-13 00:00:00-04:00,36.505577701629406,36.633684507533886,36.43104509442666,36.566139221191406,65576800,0.0,0.0,53.54567834875358,-0.08121719446933184,36.792783126831054,33.650092363357544,103226880.0
2017-10-16 00:00:00-04:00,36.77811500794435,37.26724907366899,36.71988493126674,37.23929977416992,96486000,0.0,0.0,61.830551809668165,0.002879178525212467,36.811891098022464,33.70201551437378,102397300.0
2017-10-17 00:00:00-04:00,37.21599345963665,37.469875653227085,37.08788662440458,37.376708984375,75989200,0.0,0.0,63.27053118813819,0.07969525757120266,36.822517776489256,33.755672473907474,102034640.0
2017-10-18 00:00:00-04:00,37.3650624314904,37.43261128768263,37.17406969325437,37.211334228515625,65496800,0.0,0.0,60.32103893225374,0.1257782990051055,36.82394424438476,33.80812297821045,94719200.0
2017-10-19 00:00:00-04:00,36.510240199006,36.587104289072464,36.10728926085157,36.33089065551758,170336800,0.0,0.0,47.59891024178878,0.09021506012862801,36.80321418762207,33.85632080078125,95733700.0
2017-10-20 00:00:00-04:00,36.47762734187022,36.743156188964846,36.326230655591935,36.393775939941406,95896400,0.0,0.0,48.435426880127196,0.06634052175917304,36.80754623413086,33.90415434837341,91199440.0
2017-10-23 00:00:00-04:00,36.542847776453726,36.729184635748865,36.2190888606344,36.375144958496094,87937200,0.0,0.0,48.18997725501024,0.045393149624970874,36.80144348144531,33.95039937973022,86718840.0
2017-10-24 00:00:00-04:00,36.40309420715049,36.66629515392034,36.382132243446684,36.59176254272461,71028800,0.0,0.0,51.28125476344542,0.04574412518905291,36.788632736206054,33.99648519515991,82938280.0
2017-10-25 00:00:00-04:00,36.54752475452925,36.696593602850925,36.165535608574864,36.43106460571289,84828400,0.0,0.0,48.9480088304737,0.032678596821632766,36.76445571899414,34.04162944793701,82078860.0
2017-10-26 00:00:00-04:00,36.62204727186381,36.7618008334198,36.517233877737176,36.66397476196289,68002000,0.0,0.0,52.33318166929875,0.040649393649765386,36.74796485900879,34.087202072143555,81077860.0
2017-10-27 00:00:00-04:00,37.10186349629206,38.10575271694487,36.96444140755853,37.97764587402344,177816800,0.0,0.0,66.01936962117841,0.15122535573190987,36.7721418762207,34.1399181842804,84708740.0
2017-10-30 00:00:00-04:00,38.17329011177043,39.146898362121874,38.13369410563347,38.832454681396484,178803200,0.0,0.0,71.71115562692432,0.304325454752167,36.81509223937988,34.197149953842164,89909140.0
2017-10-31 00:00:00-04:00,39.107304337739436,39.514914731300486,38.883702912128214,39.372833251953125,144187200,0.0,0.0,74.60681888678019,0.46391470086938824,36.87020095825196,34.25597933769226,93872440.0
2017-11-01 00:00:00-04:00,39.566152425643104,39.58245854526735,38.57391367345149,38.87205123901367,134551200,0.0,0.0,67.69164356878069,0.5437138106028883,36.903322296142576,34.31231631278992,96567240.0
2017-11-02 00:00:00-04:00,38.80451499973989,39.2470620522876,38.497058564350645,39.15622329711914,165573600,0.0,0.0,69.42356752420658,0.622707307928394,36.941195220947264,34.3703157043457,100589160.0
2017-11-03 00:00:00-04:00,40.52812566342561,40.5886836521891,39.85731417031122,40.17874526977539,237594400,0.0,0.0,74.68263172743767,0.7590691249288923,37.00282592773438,34.43317464828491,108987360.0
2017-11-06 00:00:00-05:00,40.14845455042654,40.75870790356975,39.9970578389901,40.58634567260742,140105200,0.0,0.0,76.42343177184812,0.8897700777913329,37.069860000610355,34.49797955513,112740040.0
2017-11-07 00:00:00-05:00,40.507170027659015,40.81928237515132,40.4349653036656,40.716796875,97446000,0.0,0.0,76.96923593215222,0.9924376430135524,37.13200340270996,34.56356323242188,114488940.0
2017-11-08 00:00:00-05:00,40.68185130490328,41.04986572265625,40.60498719669403,41.04986572265625,97638000,0.0,0.0,78.34750738852709,1.088134958108796,37.19410011291504,34.62861518859863,115989720.0
2017-11-09 00:00:00-05:00,40.786657677747385,41.017249962642765,40.32780458464305,40.966007232666016,117930400,0.0,0.0,77.09650308825006,1.144021522493503,37.252469863891605,34.69317886352539,118661220.0
2017-11-10 00:00:00-05:00,40.93328678973554,40.996402330142,40.73693129386803,40.8304328918457,100582000,0.1575,0.0,75.01117340719212,1.1639549628719976,37.30510009765625,34.75705315589905,120411480.0
2017-11-13 00:00:00-05:00,40.556938922656,40.79069649569724,40.533561738608874,40.666805267333984,67928400,0.0,0.0,72.46361670967524,1.1532549707531032,37.35422508239746,34.820477418899536,118983600.0
2017-11-14 00:00:00-05:00,40.44940432809518,40.55225821938238,40.01461514838106,40.05201721191406,99130000,0.0,0.0,63.70873362991726,1.0826863574554793,37.400231170654294,34.88114982604981,120140640.0
2017-11-15 00:00:00-05:00,39.73177916566144,39.81359575159804,39.36010544137141,39.52373504638672,116632400,0.0,0.0,57.30215035128604,0.9729170847448358,37.436463623046876,34.930668659210205,122697420.0
2017-11-16 00:00:00-05:00,40.01461955559179,40.175912851342744,39.808915317218215,39.99592208862305,94550000,0.0,0.0,61.07040455972389,0.9134954860217874,37.48516777038574,34.98280149459839,118908080.0
2017-11-17 00:00:00-05:00,39.98188974925974,40.063706318434406,39.654630606275354,39.77384567260742,87598000,0.0,0.0,58.45736213045748,0.8388143998640629,37.54168197631836,35.03319128990174,118493160.0
2017-11-20 00:00:00-05:00,39.80657606378088,39.869691608046615,39.63593403195173,39.73411178588867,65049600,0.0,0.0,57.979357224826735,0.767574784134851,37.58403182983398,35.08199055671692,117348780.0
2017-11-21 00:00:00-05:00,39.921099122569274,40.60367048439972,39.921099122569274,40.4727668762207,100525200,0.0,0.0,63.8905993533545,0.7619370321896213,37.64413627624512,35.1330567073822,118823600.0
2017-11-22 00:00:00-05:00,40.524210357777335,40.907572609846746,40.451746085565624,40.898223876953125,102355600,0.0,0.0,66.78862102137947,0.7827765367674289,37.71838661193848,35.18566351890564,119699960.0
2017-11-24 00:00:00-05:00,40.930948094323455,41.0244496868098,40.82575434420491,40.90055847167969,56106800,0.0,0.0,66.8043645777652,0.7903694890869915,37.79906547546387,35.237184534072874,119105200.0
2017-11-27 00:00:00-05:00,40.91925590275337,40.92626834322991,40.51952896130642,40.694847106933594,82867200,0.0,0.0,63.928668005105955,0.770901300251225,37.86817642211914,35.28802357673645,114357720.0
2017-11-28 00:00:00-05:00,40.74393400265719,40.87717392629052,40.17356511741134,40.45641326904297,105715200,0.0,0.0,60.66881496571405,0.7278428826108296,37.93815544128418,35.336318759918214,110703320.0
2017-11-29 00:00:00-05:00,40.353564015160494,40.42135213023279,39.074910025823634,39.617225646972656,166665600,0.0,0.0,50.842226080264524,0.6188694073985204,37.99107139587402,35.3784193611145,111827240.0
2017-11-30 00:00:00-05:00,39.8392915065516,40.239018425988334,39.374116335223185,40.17123031616211,166108800,0.0,0.0,55.918370335284095,0.5706327903738,38.06745872497559,35.422723894119265,113405120.0
2017-12-01 00:00:00-05:00,39.72709530718462,40.12915858256177,39.38814756965987,39.984230041503906,159037200,0.0,0.0,53.895321720981286,0.511420230448671,38.152590637207034,35.46627827644348,113078300.0
2017-12-04 00:00:00-05:00,40.31849649404904,40.35122240453448,39.652289694840306,39.6920280456543,130169600,0.0,0.0,50.80244879553266,0.43589091197289775,38.23886604309082,35.5079442024231,107707060.0
2017-12-05 00:00:00-05:00,39.519056556395874,40.094101782104794,39.36477569500352,39.65463638305664,109400800,0.0,0.0,50.403836324174016,0.3687652915128936,38.33063583374023,35.54829095840454,106171840.0
2017-12-06 00:00:00-05:00,39.15439352879619,39.785538263351555,38.911287221974995,39.50736618041992,114240000,0.0,0.0,48.780395929156185,0.3002234896143676,38.407395095825194,35.5874277305603,107011540.0
2017-12-07 00:00:00-05:00,39.512046098907895,39.84164516474968,39.483996328830415,39.579837799072266,102693200,0.0,0.0,49.63999566742723,0.24888250910643706,38.48052589416504,35.627596940994266,107264300.0
2017-12-08 00:00:00-05:00,39.853329305384676,39.972544381752805,39.4629545923694,39.59151840209961,93420800,0.0,0.0,49.78626879162481,0.206753612265004,38.558315963745116,35.66767428398132,106038820.0
2017-12-11 00:00:00-05:00,39.55177980714525,40.41434580408775,39.455938348183324,40.362918853759766,141095200,0.0,0.0,58.38325443903204,0.2329266936497092,38.64762107849121,35.71129674911499,108064480.0
2017-12-12 00:00:00-05:00,40.241359614608676,40.29746270901659,40.08006990604287,40.13616943359375,77636800,0.0,0.0,55.38173444423204,0.23268996100453165,38.73383514404297,35.75371618270874,108549900.0
2017-12-13 00:00:00-05:00,40.323172410848755,40.566278663503006,40.2062936502376,40.2694091796875,95273600,0.0,0.0,56.78756812290874,0.24048156091674855,38.819593048095705,35.79356702804566,108357080.0
2017-12-14 00:00:00-05:00,40.299803226735804,40.470448819217914,40.124485051039116,40.257728576660156,81906000,0.0,0.0,56.619145386010565,0.2429137741572731,38.90977584838867,35.83431833267212,106620760.0
2017-12-15 00:00:00-05:00,40.58732854854576,40.71355606857073,40.3138326161104,40.666805267333984,160677200,0.0,0.0,60.983498914511266,0.27468400459426334,38.99924247741699,35.87616777420044,109927120.0
2017-12-18 00:00:00-05:00,40.879528279802386,41.421844031172604,40.87485212930518,41.2395133972168,117684400,0.0,0.0,66.12216877637368,0.3421310273535596,39.100582656860354,35.921388988494876,111431440.0
2017-12-19 00:00:00-05:00,40.914572206054125,40.998725043105935,40.69483960003795,40.80002975463867,109745600,0.0,0.0,59.63173271233831,0.35601668307209877,39.19061752319336,35.96420484542847,113666240.0
2017-12-20 00:00:00-05:00,40.87717419954598,41.00574154205617,40.49848817874916,40.75562286376953,93902400,0.0,0.0,59.00152694574975,0.35929615784694846,39.27948471069336,36.00739940643311,113335100.0
2017-12-21 00:00:00-05:00,40.713552805108094,41.146005707313414,40.69719163107256,40.909908294677734,83799600,0.0,0.0,60.56104213330638,0.3700786735082744,39.368409423828126,36.051735153198244,112407300.0
2017-12-22 00:00:00-05:00,40.83276787373455,41.00574974798811,40.79069322605128,40.909908294677734,65397600,0.0,0.0,60.56104213330638,0.3743090926331547,39.459896621704104,36.09553941726685,112871840.0
2017-12-26 00:00:00-05:00,39.92579923009247,40.08241639578265,39.66398828976532,39.87203598022461,132742000,0.0,0.0,46.70169074038479,0.2905646598243834,39.52601455688477,36.13408502578736,115365580.0
2017-12-27 00:00:00-05:00,39.762149577951504,39.921102955471504,39.67098430158418,39.8790283203125,85992800,0.0,0.0,46.79004058562239,0.22219944005443892,39.57880912780762,36.17290815353394,114379460.0
2017-12-28 00:00:00-05:00,39.97254423626185,40.171239596342964,39.85098930185255,39.99124526977539,65920800,0.0,0.0,48.272007751829015,0.1750565380259772,39.63109985351562,36.210594158172604,109342220.0
2017-12-29 00:00:00-05:00,39.860341373505804,39.87670254845045,39.556455822653554,39.55879211425781,103999600,0.0,0.0,43.27048021431378,0.10162858200197178,39.67804901123047,36.24585218429566,106236760.0
2018-01-02 00:00:00-05:00,39.77618586634448,40.276426884472016,39.56580192963127,40.26707458496094,102223600,0.0,0.0,52.03595099330578,0.09944256190248524,39.756772689819336,36.285460262298585,103396080.0
2018-01-03 00:00:00-05:00,40.33019115208112,40.80238241744237,40.19695119893329,40.26006317138672,118071600,0.0,0.0,51.95037762582073,0.0960373044807028,39.834098434448244,36.323335094451906,102791180.0
2018-01-04 00:00:00-05:00,40.33252097704683,40.54991732565844,40.22499451516484,40.44706344604492,89738400,0.0,0.0,54.11759580884277,0.10719232636536447,39.91553680419922,36.36401653289795,101808060.0
2018-01-05 00:00:00-05:00,40.54291247080879,40.99406285723671,40.45174716352319,40.90757369995117,94640000,0.0,0.0,59.01956890507858,0.15144631161378186,40.00185302734375,36.40517505645752,100828060.0
2018-01-08 00:00:00-05:00,40.75562286376953,41.05015603918301,40.65744157177521,40.75562286376953,82271200,0.0,0.0,56.860895577120075,0.1722709192598657,40.088344192504884,36.4461515045166,99806960.0
2018-01-09 00:00:00-05:00,40.802376800591794,40.921591854561065,40.53589336412295,40.75094985961914,86336000,0.0,0.0,56.79210062369274,0.18625051843200424,40.17008369445801,36.48742803573609,99452720.0
2018-01-10 00:00:00-05:00,40.477456442146824,40.74393989480724,40.440054379738385,40.741600036621094,95839600,0.0,0.0,56.64443071455785,0.1943348279894579,40.22536277770996,36.52838054656982,97189940.0
2018-01-11 00:00:00-05:00,40.81172918317203,41.02211311511454,40.7883555686387,40.9730224609375,74670800,0.0,0.0,59.45459948244411,0.21691509493305006,40.26817413330078,36.567116813659666,97041640.0
2018-01-12 00:00:00-05:00,41.18340555601736,41.45924133390934,41.05951433352114,41.39612579345703,101672400,0.0,0.0,64.04333103816958,0.26588605316752734,40.308639984130856,36.60759893417358,97361580.0
2018-01-16 00:00:00-05:00,41.58546481936825,41.93376483703263,41.17405283422285,41.18574142456055,118263600,0.0,0.0,60.38381772486671,0.28444077388750344,40.354913787841795,36.64724864959717,99179460.0
2018-01-17 00:00:00-05:00,41.176398125146065,41.901048082180715,40.923943066330935,41.86598587036133,137547200,0.0,0.0,66.95812907246547,0.3500009721349784,40.40910903930664,36.69061149597168,98022960.0
2018-01-18 00:00:00-05:00,41.92908718934309,42.09973275509077,41.667279896046836,41.90337371826172,124773600,0.0,0.0,67.27953014666188,0.40035969113990433,40.44360160827637,36.734115009307864,98377420.0
2018-01-19 00:00:00-05:00,41.75143564894141,41.97818075507873,41.47092730566695,41.716373443603516,129700400,0.0,0.0,63.930000237202435,0.4203346235369594,40.46620216369629,36.77544742584229,99375160.0
2018-01-22 00:00:00-05:00,41.44521189759825,41.557414516297534,41.2815823355666,41.375083923339844,108434400,0.0,0.0,58.2319337261339,0.40396898635079737,40.479367904663086,36.815939846038816,100101760.0
2018-01-23 00:00:00-05:00,41.44521681046371,41.94545785474811,41.33301417846406,41.384437561035156,130756400,0.0,0.0,58.341523106132435,0.3872894298945866,40.48605934143066,36.856894950866696,102449600.0
2018-01-24 00:00:00-05:00,41.433527740131495,41.44521633156787,40.48680890350173,40.725242614746094,204420400,0.0,0.0,48.65310874962451,0.317222494734672,40.48124404907227,36.8949236869812,109400740.0
2018-01-25 00:00:00-05:00,40.79302707903376,40.89588096747637,39.86267306723772,39.998252868652344,166116000,0.0,0.0,40.638047049050165,0.20071819263056767,40.4646004486084,36.929513931274414,111069440.0
2018-01-26 00:00:00-05:00,40.206297393461384,40.206297393461384,39.75280718937289,40.09175491333008,156572000,0.0,0.0,41.96233882924768,0.1146113590175446,40.45309944152832,36.96635076522827,114598400.0
2018-01-29 00:00:00-05:00,39.776194571434615,39.776194571434615,39.053884434411934,39.26192855834961,202561600,0.0,0.0,34.58759880720146,-0.020354346449998673,40.437297668457035,36.99884216308594,121430440.0
2018-01-30 00:00:00-05:00,38.693887061115404,39.124000098125286,38.499867866116375,39.03049850463867,184192800,0.0,0.0,32.85345430356283,-0.14432640662572993,40.42743293762207,37.03104276657105,125440100.0
2018-01-31 00:00:00-05:00,39.00711972420556,39.37412077565685,38.92063057543217,39.138023376464844,129915600,0.0,0.0,34.496697815094436,-0.23123328557356615,40.4102749633789,37.062879943847655,126824700.0
2018-02-01 00:00:00-05:00,39.077256358536815,39.416204154709504,38.9814148894474,39.2198486328125,188923200,0.0,0.0,35.78459327583272,-0.2901602126123777,40.39919502258301,37.09585403442383,130367280.0
2018-02-02 00:00:00-05:00,38.80375590576933,38.990762671698725,37.42458769489759,37.518089294433594,346375200,0.0,0.0,24.84411338874301,-0.4687742455463777,40.35487457275391,37.12092014312744,143199120.0
2018-02-05 00:00:00-05:00,37.190826320809336,38.30818708507509,36.46617651460954,36.580718994140625,290954000,0.0,0.0,21.030121251481376,-0.6781478366656586,40.2770336151123,37.13926605224609,153014820.0
2018-02-06 00:00:00-05:00,36.19269291919745,38.27079802903582,35.99867366557429,38.10950469970703,272975200,0.0,0.0,37.80112110104923,-0.712504379273291,40.22125923156738,37.16545234680176,162550020.0
2018-02-07 00:00:00-05:00,38.12352610597919,38.19599039124016,37.183823122658545,37.29368591308594,206434400,0.0,0.0,33.68940942017056,-0.796381751710328,40.14912178039551,37.18597679138183,168554940.0
2018-02-08 00:00:00-05:00,37.46900037296808,37.634969821723445,36.23943680447615,36.267486572265625,217562000,0.0,0.0,29.362882820610125,-0.9348841219562303,40.06057456970215,37.20034200668335,174641060.0
2018-02-09 00:00:00-05:00,36.86599613070262,37.0584569628266,35.262922282513344,36.71108627319336,282690400,0.1575,0.0,33.34767330240881,-0.9973565541608451,39.98566802978516,37.21790723800659,185042040.0
2018-02-12 00:00:00-05:00,37.20161779637437,38.46670736871754,36.96925308992011,38.18975067138672,243278000,0.0,0.0,44.5720964878477,-0.9169801709420753,39.95711853027344,37.24273868560791,192122320.0
2018-02-13 00:00:00-05:00,38.011387447072025,38.66857795561748,37.94097353876356,38.57234573364258,130196800,0.0,0.0,47.05646535365492,-0.8130369008221479,39.925140838623044,37.26964487075806,192718980.0
2018-02-14 00:00:00-05:00,38.267211068093054,39.323408669280425,38.22966009746978,39.28350830078125,162579600,0.0,0.0,51.41558523674913,-0.6656035710040626,39.911126403808595,37.296721878051756,193970600.0
2018-02-15 00:00:00-05:00,39.85150811191413,40.626053748209934,39.66608832808962,40.60258483886719,204588800,0.0,0.0,58.277454883177434,-0.43728242271233597,39.92933753967285,37.32931987762451,197961360.0
2018-02-16 00:00:00-05:00,40.454725377080166,41.032115117639805,40.31624696133215,40.471153259277344,160704400,0.0,0.0,57.40743723443608,-0.2638996271494918,39.945667877197266,37.361780624389645,199511560.0
2018-02-20 00:00:00-05:00,40.38195192353985,40.900660247326115,40.234083127038424,40.33501052856445,135722000,0.0,0.0,56.467060066631,-0.13591139117108497,39.96222076416016,37.39417287826538,200875940.0
2018-02-21 00:00:00-05:00,40.565047980468094,40.86782318727282,40.137872816147336,40.15195846557617,149886400,0.0,0.0,55.158742635075,-0.048689303720728105,39.97366317749024,37.42284261703491,201832440.0
2018-02-22 00:00:00-05:00,40.32328643776861,40.827912853294784,40.302163340873086,40.48758316040039,123967600,0.0,0.0,57.12044097711121,0.046975433369894404,39.99158447265625,37.44851156234741,197809800.0
2018-02-23 00:00:00-05:00,40.76218681135434,41.22691276622604,40.73167328929835,41.191707611083984,135249600,0.0,0.0,60.97744704787612,0.1775605774883644,40.008160247802735,37.47656898498535,196266480.0
2018-02-26 00:00:00-05:00,41.39122004619365,42.10473876856565,41.358360702033096,42.006160736083984,152648800,0.0,0.0,64.9092684813221,0.342818012880457,40.04556007385254,37.509542026519775,196070320.0
2018-02-27 00:00:00-05:00,42.03667174392078,42.360569950834076,41.81604319718002,41.870025634765625,155712400,0.0,0.0,63.75297710797543,0.45752667340578057,40.077572402954104,37.54030317306518,193727860.0
2018-02-28 00:00:00-05:00,42.074225856264114,42.39343245337469,41.79022800216865,41.80665588378906,151128400,0.0,0.0,63.18869468842714,0.5371290150681673,40.10855094909668,37.56825332641601,192074640.0
2018-03-01 00:00:00-05:00,41.9052378328404,42.19628032785042,40.525141647587134,41.074363708496094,195208000,0.0,0.0,56.919078089532505,0.5349579238678288,40.11670211791992,37.59300605773926,195339260.0
2018-03-02 00:00:00-05:00,40.55799620973738,41.37948338697755,40.47584605945342,41.358360290527344,153816000,0.0,0.0,58.633295593754845,0.5498155378886551,40.11907905578613,37.61944555282593,193583900.0
2018-03-05 00:00:00-05:00,41.12365304716473,41.71747068327421,40.96170213160757,41.50153732299805,113605600,0.0,0.0,59.50806659551195,0.5666119441945057,40.13310920715332,37.652656402587894,181945420.0
2018-03-06 00:00:00-05:00,41.757370145425206,41.83717090219632,41.339585499505745,41.46632766723633,95154000,0.0,0.0,59.17665555114,0.5705056581432331,40.147323303222656,37.683034648895266,172155420.0
2018-03-07 00:00:00-05:00,41.06027491477236,41.273862430596104,40.903019234965775,41.081398010253906,126814000,0.0,0.0,55.53528859375441,0.5363481604447173,40.15075309753418,37.71088510513306,164847360.0
2018-03-08 00:00:00-05:00,41.187022122543205,41.57194742905669,41.090793481964944,41.529701232910156,95096400,0.0,0.0,58.721081303717575,0.5392364388649469,40.163148956298826,37.73989812850952,159280460.0
2018-03-09 00:00:00-05:00,41.76910835419292,42.24791649869535,41.63532156620826,42.243221282958984,128740800,0.0,0.0,63.235943183334754,0.5922731688121559,40.21057266235351,37.7726992225647,154839400.0
2018-03-12 00:00:00-04:00,42.31597330142616,42.80886700334209,42.29719960470139,42.651611328125,128828400,0.0,0.0,65.55792649888738,0.6596547338403127,40.266024322509764,37.80807590484619,147146300.0
2018-03-13 00:00:00-04:00,42.85580825010609,43.06939575890961,42.069529876916704,42.240867614746094,126774000,0.0,0.0,61.36030172922751,0.6721632451587496,40.31101676940918,37.84078399658203,141321100.0
2018-03-14 00:00:00-04:00,42.32301671345703,42.36995811673612,41.73389082089603,41.88175964355469,117473600,0.0,0.0,57.871457125638116,0.6456565911376018,40.35747611999512,37.871998195648196,140684940.0
2018-03-15 00:00:00-04:00,41.89584037623486,42.30423809273555,41.79491654145905,41.93104553222656,90975200,0.0,0.0,58.222547019369394,0.6214629975833219,40.39075553894043,37.90338918685913,137104720.0
2018-03-16 00:00:00-04:00,41.931045473172695,42.04135973699052,41.689293851971776,41.783180236816406,157618800,0.0,0.0,56.69595731244266,0.5836301813746445,40.421217880249024,37.935096454620364,134756220.0
2018-03-19 00:00:00-04:00,41.618895738906545,41.654100905167574,40.75985386813316,41.144779205322266,133787200,0.0,0.0,50.53516174712115,0.4964114518455176,40.43517219543457,37.9631245803833,133410360.0
2018-03-20 00:00:00-04:00,41.13068389892578,41.49683183577984,41.060270007669395,41.13068389892578,78597600,0.0,0.0,50.40492806237991,0.42129616692531613,40.43963439941406,37.98844890594482,130554140.0
2018-03-21 00:00:00-04:00,41.08374718435731,41.09548343216158,40.196541287634304,40.198890686035156,148219600,0.0,0.0,42.590881384766085,0.28331298179228526,40.42849975585938,38.01087755203247,130470800.0
2018-03-22 00:00:00-04:00,39.90081335623402,40.52983622418944,39.57221985527231,39.630897521972656,165963200,0.0,0.0,38.6568508775284,0.12666786375095995,40.406098709106445,38.029863052368164,132570580.0
2018-03-23 00:00:00-04:00,39.52291999681884,39.88202694835137,38.71316909790039,38.71316909790039,164115200,0.0,0.0,33.30412629274936,-0.0707124063071305,40.36553009033203,38.04319263458252,134013860.0
2018-03-26 00:00:00-04:00,39.44781747650699,40.628411664082556,39.06523800187792,40.55095672607422,150164800,0.0,0.0,48.64083596214276,-0.07794508736662209,40.357088775634764,38.06615190505981,133889660.0
2018-03-27 00:00:00-04:00,40.76454247240878,41.10956740172063,39.177899826116274,39.51118850708008,163690400,0.0,0.0,42.663404107981975,-0.16566792803251218,40.319390029907225,38.0908842086792,134288560.0
2018-03-28 00:00:00-04:00,39.2553474561917,39.905496814461294,38.77184419806612,39.07461929321289,166674000,0.0,0.0,40.41753384296052,-0.2673347299107789,40.277167587280275,38.11756345748901,135065840.0
2018-03-29 00:00:00-04:00,39.38679033049858,40.31155078767656,39.17320279721128,39.3797492980957,153594000,0.0,0.0,42.68838314122289,-0.31960080244684974,40.22744285583496,38.144411125183105,132985140.0
2018-04-02 00:00:00-04:00,39.11218373669499,39.65201896404017,38.60286204080597,39.1215705871582,150347200,0.0,0.0,41.25562397892737,-0.3775032829137501,40.17180679321289,38.171626796722414,132811700.0
2018-04-03 00:00:00-04:00,39.3468933425305,39.607422308079656,38.69909323586246,39.522926330566406,121112000,0.0,0.0,44.380850965991854,-0.386549460068494,40.12793785095215,38.20185842514038,133187020.0
2018-04-04 00:00:00-04:00,38.69908884100521,40.372573155198666,38.673270529102645,40.278690338134766,138422000,0.0,0.0,49.79695206205331,-0.3289429320495998,40.10600997924805,38.238212184906004,135350420.0
2018-04-05 00:00:00-04:00,40.506362030743446,40.89363314796675,40.38900671262728,40.55799865722656,107732800,0.0,0.0,51.67005262269055,-0.2577799694627956,40.08948120117188,38.271241149902345,134396360.0
2018-04-06 00:00:00-04:00,40.12846839403067,40.482880082690045,39.47831908067078,39.52056884765625,140021200,0.0,0.0,44.96012206436998,-0.2818457816529616,40.06538772583008,38.300625743865965,136642600.0
2018-04-09 00:00:00-04:00,39.87264006137012,40.62605912311723,39.865599029495826,39.912540435791016,116070800,0.0,0.0,47.72244795441973,-0.26622045617691725,40.06367347717285,38.33097261428833,136009100.0
2018-04-10 00:00:00-04:00,40.60493090520861,40.83964148847571,40.25990606129403,40.66360855102539,113634400,0.0,0.0,52.62841665260385,-0.19103027510232096,40.075110549926755,38.365353202819826,135249400.0
2018-04-11 00:00:00-04:00,40.42420468274402,40.820866160421915,40.29980835418697,40.47349548339844,89726400,0.0,0.0,51.31568196179236,-0.145109320679623,40.09934188842774,38.398029232025145,133397020.0
2018-04-12 00:00:00-04:00,40.70117124541933,41.07436028792793,40.61432587688714,40.87250900268555,91557200,0.0,0.0,53.91396426044542,-0.0756475591725021,40.13618209838867,38.43323387145996,132101200.0
2018-04-13 00:00:00-04:00,41.022707312449086,41.27149990829417,40.80442823241848,41.01097106933594,100497200,0.0,0.0,54.81515744645422,-0.009318463681452727,40.1736410522461,38.47155532836914,132577300.0
2018-04-16 00:00:00-04:00,41.08139942006313,41.353664598056646,41.0344580124711,41.266822814941406,86313600,0.0,0.0,56.50756339978319,0.06316479555421495,40.21458053588867,38.50871997833252,129012040.0
2018-04-17 00:00:00-04:00,41.42407623230813,41.99911650197846,41.40529895401935,41.83481979370117,106421600,0.0,0.0,60.082115360126934,0.16454414744271872,40.30091514587402,38.55121873855591,127643760.0
2018-04-18 00:00:00-04:00,41.73390668928958,41.97096677529501,41.5156274694162,41.74094772338867,83018000,0.0,0.0,59.215909075896434,0.2346088973310856,40.404119720458986,38.592853717803955,127864780.0
2018-04-19 00:00:00-04:00,40.78331886242555,41.16589834553228,40.525139311410044,40.55799865722656,139235200,0.0,0.0,49.525925362194116,0.19246301920413345,40.45308959960938,38.62917711257935,127415560.0
2018-04-20 00:00:00-04:00,40.041640869366155,40.18716033557367,38.828183580053235,38.8962516784668,261964400,0.0,0.0,39.69845420227817,0.02468842100753932,40.48514091491699,38.656507377624514,132215620.0
2018-04-23 00:00:00-04:00,39.15677747678798,39.177900575378345,38.51366901785712,38.78358840942383,146062000,0.0,0.0,39.1315130862995,-0.11602764657450138,40.53546295166016,38.684852027893065,131312960.0
2018-04-24 00:00:00-04:00,38.88450667946601,39.03941654299841,37.84004517183039,38.24374771118164,134768000,0.0,0.0,36.44568372384802,-0.268017240732739,40.566116180419925,38.70881536483765,130543120.0
2018-04-25 00:00:00-04:00,38.16863352002018,38.82582386282192,38.11934630361461,38.41038513183594,113528400,0.0,0.0,37.86340489032064,-0.370750065952862,40.57052886962891,38.73259111404419,128035020.0
2018-04-26 00:00:00-04:00,38.52070551465223,38.89858975322706,38.34467255099439,38.5441780090332,111852000,0.0,0.0,39.03922635621038,-0.43634073863150036,40.569965515136715,38.756490592956546,125293920.0
2018-04-27 00:00:00-04:00,38.49253285734537,38.56998777396035,37.70155939528785,38.09822082519531,142623200,0.0,0.0,36.556100940705186,-0.5183318303111619,40.546259765625,38.77791666030884,124745380.0
2018-04-30 00:00:00-04:00,38.05362736516511,39.25769020153432,37.985559291589546,38.78826904296875,169709600,0.0,0.0,42.63614516465253,-0.5216163681829755,40.50997344970703,38.80043802261353,125713500.0
2018-05-01 00:00:00-04:00,39.05819166644517,39.71303266229741,38.790621726653995,39.6895637512207,214277600,0.0,0.0,49.45023810795718,-0.44634722462445353,40.494341659545896,38.82599262237549,130371780.0
2018-05-02 00:00:00-04:00,41.12834088273352,41.719812647104675,40.792706415671205,41.44285583496094,266157600,0.0,0.0,59.523029861281934,-0.24242533937711386,40.51649856567383,38.85971048355103,136758560.0
2018-05-03 00:00:00-04:00,41.28090316830111,41.66113320985868,40.94291931740563,41.51795959472656,136272800,0.0,0.0,59.891716086434435,-0.07390361551966862,40.54381858825683,38.8932006072998,138185560.0
2018-05-04 00:00:00-04:00,41.83716129232139,43.24542478603207,41.81838401597067,43.146846771240234,224805200,0.0,0.0,66.92773320101568,0.18891099834146985,40.597003860473635,38.93374475479126,142424760.0
2018-05-07 00:00:00-04:00,43.46371415611706,44.04814493310454,43.36279030101084,43.459022521972656,169805600,0.0,0.0,68.08332202321984,0.4175699608456114,40.64235015869141,38.976638603210446,145111500.0
2018-05-08 00:00:00-04:00,43.41911505261652,43.70780808695571,43.10929534247727,43.66790771484375,113611200,0.0,0.0,68.86720398299556,0.6086232948788037,40.6755850982666,39.020658073425295,145110340.0
2018-05-09 00:00:00-04:00,43.7852611249509,43.98476297690126,43.473095611593955,43.97537612915039,92844800,0.0,0.0,70.03385612882262,0.7759004723152714,40.717692108154296,39.06410358428955,145266260.0
2018-05-10 00:00:00-04:00,44.064580428056125,44.68186702612727,44.04345374687312,44.60441207885742,111957200,0.0,0.0,72.31924851360259,0.9482954252997686,40.773647232055666,39.10994024276734,146286260.0
2018-05-11 00:00:00-04:00,44.646817320397844,44.78111639096404,44.16615931102086,44.43476104736328,104848800,0.1825,0.0,70.75201238666958,1.0590224950653067,40.84085517883301,39.15409339904785,146503840.0
2018-05-14 00:00:00-04:00,44.53371481746541,44.656235967916004,44.262758245240285,44.331085205078125,83115200,0.0,0.0,69.75712290180834,1.1254354028182334,40.90030967712402,39.201092319488524,146343920.0
2018-05-15 00:00:00-04:00,44.008285328036614,44.07661587132766,43.61245281112909,43.92817687988281,94780800,0.0,0.0,65.88005548947636,1.1325019980185544,40.94884246826172,39.24730634689331,145761880.0
2018-05-16 00:00:00-04:00,43.84100824044488,44.40412953249525,43.82451341829647,44.33815383911133,76732400,0.0,0.0,67.83883034109445,1.1578372132505024,41.00627899169922,39.29646352767944,145447600.0
2018-05-17 00:00:00-04:00,44.29575178319089,44.51016293392808,43.90934217740125,44.05778121948242,69176000,0.0,0.0,65.08694142039772,1.1421261077980063,41.06580665588379,39.342687587738034,141944640.0
2018-05-18 00:00:00-04:00,44.10490308433846,44.25098366663279,43.85515101968935,43.897560119628906,73190800,0.0,0.0,63.50165982310851,1.1040199846455039,41.11316383361817,39.379885787963865,132505960.0
2018-05-21 00:00:00-04:00,44.29575668563138,44.594989665645436,44.038936405996104,44.208580017089844,73603200,0.0,0.0,65.2700181024214,1.0863940396978862,41.15247100830078,39.42046033859253,128883020.0
2018-05-22 00:00:00-04:00,44.385294663248395,44.50310253434082,44.008308037668286,44.097843170166016,60962800,0.0,0.0,64.07958364358788,1.0513702712270785,41.1813956451416,39.45953004837036,125192760.0
2018-05-23 00:00:00-04:00,43.90699078528495,44.41356314433773,43.76797477836174,44.380577087402344,80233600,0.0,0.0,65.7949332192673,1.0345028417918556,41.224189834594725,39.4972060585022,123528020.0
2018-05-24 00:00:00-04:00,44.47716935972642,44.493660586497064,43.87399384244604,44.331085205078125,92936000,0.0,0.0,65.20791398787205,1.0055503427407686,41.27317634582519,39.53316143035889,122582220.0
2018-05-25 00:00:00-04:00,44.34994044932966,44.6845142986647,44.21328291731223,44.43240737915039,69844000,0.0,0.0,65.87908889274318,0.9794901782507708,41.323203582763675,39.568486499786374,118943260.0
2018-05-29 00:00:00-04:00,44.201500640550265,44.472457219965484,44.02949861480413,44.27218246459961,90056400,0.0,0.0,63.783650741450145,0.9351289145608135,41.372983627319336,39.608961544036866,114960600.0
2018-05-30 00:00:00-04:00,44.229783744648095,44.295755859375,44.00830439011752,44.177947998046875,74762000,0.0,0.0,62.5240333174216,0.8821989195851572,41.43364700317383,39.64644987106323,107984820.0
2018-05-31 00:00:00-04:00,44.1119774419747,44.34994803599016,43.857512021089384,44.029510498046875,109931200,0.0,0.0,60.497357750485044,0.8188348332699178,41.49162353515625,39.68043592453003,100173500.0
2018-06-01 00:00:00-04:00,44.293389239832464,44.82823419974906,44.2368401871287,44.823524475097656,93770000,0.0,0.0,66.71294080175062,0.8231993013259071,41.5841162109375,39.71635396957397,98048360.0
2018-06-04 00:00:00-04:00,45.15338689688778,45.57278250226014,45.0850599344167,45.19815444946289,105064800,0.0,0.0,69.17720256754073,0.8471225799365172,41.6954613494873,39.75490215301514,92061340.0
2018-06-05 00:00:00-04:00,45.490314287367944,45.69529874796764,45.32302559759376,45.54685974121094,86264000,0.0,0.0,71.3064968280888,0.8840290171647638,41.83213516235352,39.79879247665405,87884260.0
2018-06-06 00:00:00-04:00,45.622267652366574,45.72829399486384,45.219363236624766,45.70473098754883,83734400,0.0,0.0,72.24144944071232,0.9154636298900343,41.935210647583006,39.84389144897461,86390420.0
2018-06-07 00:00:00-04:00,45.74243130384017,45.756567670436446,45.318322329900795,45.58221435546875,85388800,0.0,0.0,70.32630935059998,0.919885847216662,42.05663116455078,39.888715534210206,86017620.0
2018-06-08 00:00:00-04:00,45.04264261096891,45.23820402855917,44.71278214467778,45.167518615722656,106627200,0.0,0.0,64.1292004340832,0.8797863761712605,42.178489151000974,39.928473205566405,85751120.0
2018-06-11 00:00:00-04:00,45.08506190990398,45.231142481373176,44.81646017789385,45.056785583496094,73234000,0.0,0.0,62.544337882308795,0.8295099518279159,42.29202987670899,39.96744424819946,84170380.0
2018-06-12 00:00:00-04:00,45.09448614256514,45.381937568012425,45.0379370834704,45.30418395996094,67644400,0.0,0.0,64.64652889594092,0.8004019690338566,42.41568214416504,40.00847911834717,83396840.0
2018-06-13 00:00:00-04:00,45.337174592969205,45.44555940171566,44.870656492735385,44.931915283203125,86553600,0.0,0.0,59.257137795611655,0.7387785328694036,42.52386192321777,40.04696548461914,82985480.0
2018-06-14 00:00:00-04:00,45.13218279322,45.13689611332946,44.818813517322575,44.95547103881836,86440400,0.0,0.0,59.48728782578938,0.6839580259763167,42.61739753723145,40.08369470596313,83470880.0
2018-06-15 00:00:00-04:00,44.774035503795204,44.80466668453565,44.356994854181366,44.49365234375,246876800,0.0,0.0,53.14845499630239,0.5963728551460648,42.69611061096192,40.11643781661987,92355920.0
2018-06-18 00:00:00-04:00,44.267470793974596,44.583194911549555,44.107250277682624,44.47010040283203,73939600,0.0,0.0,52.839225120074666,0.5190769356457636,42.79510124206543,40.14855072021484,92393360.0
2018-06-19 00:00:00-04:00,43.62188314112478,43.90226635171033,43.2236921005594,43.75147247314453,134314000,0.0,0.0,44.35855344846548,0.3952756033482743,42.8718798828125,40.1763134765625,95428900.0
2018-06-20 00:00:00-04:00,43.90698467710195,44.10725585377342,43.76090050653034,43.942325592041016,82514800,0.0,0.0,46.800634721233294,0.3090004424761901,42.93745422363281,40.20497232437134,96506500.0
2018-06-21 00:00:00-04:00,44.11903902665944,44.37821773005367,43.57476734474176,43.697288513183594,102847600,0.0,0.0,44.123042829566096,0.21833745325187692,43.00193008422852,40.234700202941895,97637200.0
2018-06-22 00:00:00-04:00,43.852787370982426,43.85985555346904,43.51821355084701,43.57004928588867,108801600,0.0,0.0,42.755141141653084,0.13466688284176342,43.05588088989258,40.26398988723755,98430480.0
2018-06-25 00:00:00-04:00,43.21191397426476,43.570050812040066,42.58282054445238,42.9221076965332,126652400,0.0,0.0,36.542366300480595,0.015890703650590865,43.09410362243652,40.29079685211182,101270900.0
2018-06-26 00:00:00-04:00,43.11531391910178,43.94939183167297,43.009283988552895,43.45459747314453,98276800,0.0,0.0,43.77338241213884,-0.034870830101716876,43.137859115600584,40.32332916259766,101681920.0
2018-06-27 00:00:00-04:00,43.64307897376259,44.12609169928207,43.36034095730524,43.39097213745117,101141200,0.0,0.0,43.14081430744639,-0.07931939950596956,43.16898216247559,40.35220092773437,103000880.0
2018-06-28 00:00:00-04:00,43.37684271328096,43.873991879852326,43.306157299059485,43.706703186035156,69460800,0.0,0.0,47.21708000758939,-0.08805333006947791,43.20829727172852,40.38339672088623,100977360.0
2018-06-29 00:00:00-04:00,43.892831832045076,44.10488804506475,43.096453489095396,43.61480712890625,90950800,0.0,0.0,46.179374400201645,-0.10122343600765049,43.26943344116211,40.41554222106934,100836400.0
2018-07-02 00:00:00-04:00,43.31087761470998,44.13081920457902,43.216629182120954,44.102542877197266,70925200,0.0,0.0,52.18565529723628,-0.0714806566253543,43.37355926513672,40.451721858978274,99129420.0
2018-07-03 00:00:00-04:00,44.246281600809105,44.28398098492946,43.244914629583356,43.334449768066406,55819200,0.0,0.0,43.88058568170614,-0.10863569964254793,43.46457649230957,40.48219760894776,97607180.0
2018-07-05 00:00:00-04:00,43.65016518948845,43.92112541341989,43.419262800087296,43.68315124511719,66416800,0.0,0.0,47.93183533600745,-0.10869112036543527,43.57336456298828,40.515826053619385,96741300.0
2018-07-06 00:00:00-04:00,43.687867834498626,44.39706988118077,43.63603208674531,44.28868865966797,69940800,0.0,0.0,54.12514079126829,-0.05919091697487033,43.69093063354492,40.552412357330326,95968900.0
2018-07-09 00:00:00-04:00,44.64916397921801,44.927188709958024,44.60204157004962,44.903629302978516,79026400,0.0,0.0,59.40583201640302,0.029320928076415953,43.81811965942383,40.595171184539794,94588860.0
2018-07-10 00:00:00-04:00,44.934267130145,45.06856619589097,44.80938751433222,44.84944534301758,63756400,0.0,0.0,58.763958729525164,0.0940113064179755,43.95314414978027,40.640780239105226,94114980.0
2018-07-11 00:00:00-04:00,44.41355187208477,44.71513962901053,44.20385407867217,44.26747131347656,75326000,0.0,0.0,52.23559542458227,0.0971980186433612,44.06272819519043,40.68522630691528,94499060.0
2018-07-12 00:00:00-04:00,44.65623911158645,45.09919773617647,44.60440337487018,45.00966262817383,72164400,0.0,0.0,58.55861438626138,0.15779320553490805,44.169130172729496,40.734943885803226,93779600.0
2018-07-13 00:00:00-04:00,45.02143742844953,45.20050402258601,44.979024743264155,45.08034133911133,50055600,0.0,0.0,59.11369418765637,0.20910804165822583,44.2418798828125,40.78199857711792,91960360.0
2018-07-16 00:00:00-04:00,45.12511762037944,45.391360903359555,44.86593892521994,44.98139190673828,60172400,0.0,0.0,57.94355991294129,0.23903557345548165,44.31114852905274,40.82728904724121,82625140.0
2018-07-17 00:00:00-04:00,44.708077547367004,45.20758166383214,44.5784881977529,45.10862350463867,62138000,0.0,0.0,59.06558494623292,0.26990854693590904,44.3503840637207,40.87432209014892,82035060.0
2018-07-18 00:00:00-04:00,45.186379767318016,45.191093088092565,44.750489273536566,44.861228942871094,65573600,0.0,0.0,55.940401824633845,0.2712857144284584,44.37842819213867,40.91913991928101,78598040.0
2018-07-19 00:00:00-04:00,44.693942903525354,45.36780395227822,44.693942903525354,45.20994186401367,81147200,0.0,0.0,59.21601908093077,0.2970906716783972,44.40926887512207,40.96606229782105,78529660.0
2018-07-20 00:00:00-04:00,45.18637448948724,45.33952324227363,44.80703310367688,45.106266021728516,82704800,0.0,0.0,57.83922404322229,0.3056521445360474,44.43188667297363,41.01168605804443,77522520.0
2018-07-23 00:00:00-04:00,44.927203484664524,45.22879491198378,44.66331503037205,45.14632797241211,63957600,0.0,0.0,58.24323775434514,0.3120724609943153,44.442724990844724,41.05867475509643,75280320.0
2018-07-24 00:00:00-04:00,45.34423421199465,45.62933074980564,45.24998938365914,45.47382354736328,74791600,0.0,0.0,61.49185216764125,0.33967124526974857,44.46350624084473,41.105076503753665,72687280.0
2018-07-25 00:00:00-04:00,45.487959243995,45.90971329334485,45.33952022609749,45.902645111083984,66839600,0.0,0.0,65.29875877474004,0.3916313150100521,44.49493743896485,41.153727207183834,71115420.0
2018-07-26 00:00:00-04:00,45.85316358781776,46.171246165870855,45.61754792858129,45.75891876220703,76304000,0.0,0.0,63.0489684834437,0.4164123866624365,44.53155227661133,41.20103036880493,69873560.0
2018-07-27 00:00:00-04:00,45.942700152902404,45.98982256720947,44.790539686327264,44.99787902832031,96096000,0.0,0.0,52.69589056132041,0.3703725935254809,44.544746780395506,41.244458446502684,71205320.0
2018-07-30 00:00:00-04:00,45.214642349023656,45.285327763928684,44.547853215165986,44.74576950073242,84118000,0.0,0.0,49.77973500035496,0.30996945888381333,44.55850654602051,41.28586893081665,70863680.0
2018-07-31 00:00:00-04:00,44.837674162581855,45.27120624316856,44.61148147976534,44.8353157043457,157492000,0.0,0.0,50.820753418243164,0.266255937058105,44.57726165771484,41.32836776733399,75192020.0
2018-08-01 00:00:00-04:00,46.918150683987434,47.53781746675014,46.48932842822588,47.476558685302734,271742800,0.0,0.0,70.34632612645017,0.4396706413786049,44.642621231079104,41.38291986465454,85988200.0
2018-08-02 00:00:00-04:00,47.259788264801436,49.097591083256724,47.2055976710928,48.86433029174805,249616000,0.0,0.0,75.78610135754828,0.6812317983674703,44.73795097351074,41.44104501724243,95148160.0
2018-08-03 00:00:00-04:00,48.7795065572694,49.182410890959616,48.414301589521656,49.005699157714844,133789600,0.0,0.0,76.26377853673705,0.8740030782123043,44.830453414916995,41.49918996810913,98340600.0
2018-08-06 00:00:00-04:00,49.008063284816416,49.30258289590306,48.7889424198688,49.26017379760742,101701600,0.0,0.0,77.13807357517265,1.0353745299543888,44.92903518676758,41.55943416595459,99474360.0
2018-08-07 00:00:00-04:00,49.3190672462524,49.36147633554189,48.71588819086374,48.79835510253906,102349600,0.0,0.0,71.95798588151163,1.1131657768129202,45.016354141235354,41.621771488189694,101404020.0
2018-08-08 00:00:00-04:00,48.548614122141466,48.96329644635382,48.1881224005045,48.83135223388672,90102000,0.0,0.0,72.10214050133102,1.1640599348088685,45.107537536621095,41.683959369659426,102142820.0
2018-08-09 00:00:00-04:00,49.36855326479255,49.42745718493813,48.819568297610594,49.21540451049805,93970400,0.0,0.0,73.79090915577592,1.2213052836828524,45.208286666870116,41.748160667419434,103233120.0
2018-08-10 00:00:00-04:00,49.02861098938335,49.44002134910859,48.865465439702334,49.06880569458008,98444800,0.1825,0.0,71.99926345290064,1.240543126873476,45.30907257080078,41.81054588317871,105652580.0
2018-08-13 00:00:00-04:00,49.489674247514394,49.87743898167193,49.10900248470338,49.38563919067383,103563600,0.0,0.0,73.49698103745826,1.266752734453398,45.40031486511231,41.87531875610352,107822140.0
2018-08-14 00:00:00-04:00,49.690653943503335,49.78522930486312,49.2414119574974,49.593711853027344,82992000,0.0,0.0,74.46302854077831,1.2894497877085769,45.48822601318359,41.939967441558835,108864840.0
2018-08-15 00:00:00-04:00,49.46839237417397,49.82778520144578,49.25795915190542,49.709564208984375,115230400,0.0,0.0,75.00923547184323,1.3017795781961397,45.57148010253906,41.998627033233646,111347680.0
2018-08-16 00:00:00-04:00,50.066597106681336,50.55366708451775,50.00039363053768,50.43781280517578,114001600,0.0,0.0,78.17005644257246,1.3546984806595503,45.6661417388916,42.05665382385254,112990400.0
2018-08-17 00:00:00-04:00,50.46619080521633,51.532543132376475,50.39998732105406,51.44506072998047,141708000,0.0,0.0,81.63068324596289,1.4610712617117656,45.783398666381835,42.117014961242674,115940560.0
2018-08-20 00:00:00-04:00,51.56799711668782,51.82335127939345,50.86103429992759,50.943790435791016,121150800,0.0,0.0,75.23831906569319,1.487774001042844,45.898924102783205,42.17737365722656,118800220.0
2018-08-21 00:00:00-04:00,51.26062262083593,51.352834849865985,50.60567731793008,50.844482421875,104639200,0.0,0.0,74.00194965738616,1.4838182543825198,46.01467803955078,42.23581495285034,120292600.0
2018-08-22 00:00:00-04:00,50.62223217694636,51.15658978265497,50.560754949723034,50.84685134887695,76072400,0.0,0.0,74.01291996272799,1.463998387165816,46.125531387329104,42.28915548324585,120754240.0
2018-08-23 00:00:00-04:00,50.75228315845391,51.31974622714638,50.74046394254264,50.950897216796875,75532800,0.0,0.0,74.52144296924276,1.4400862141415942,46.245911026000975,42.3409782409668,120715680.0
2018-08-24 00:00:00-04:00,51.213352865683774,51.28428259912692,50.861052889031185,51.109317779541016,73905600,0.0,0.0,75.31354875044022,1.4175779045080077,46.36898796081543,42.392940845489505,119606160.0
2018-08-27 00:00:00-04:00,51.34338303977495,51.71932859234506,51.14950246004533,51.530174255371094,82100400,0.0,0.0,77.32991171542714,1.4173610513911186,46.50971839904785,42.44534238815308,119505280.0
2018-08-28 00:00:00-04:00,51.78315496872447,52.14491089711803,51.76187605712912,51.9463005065918,91107200,0.0,0.0,79.143840265389,1.4342341460391879,46.659242401123045,42.50024385452271,116186040.0
2018-08-29 00:00:00-04:00,52.052704797907644,52.84242381895519,51.877740027109745,52.72183609008789,109019200,0.0,0.0,82.02974793472433,1.492975344848162,46.838649673461916,42.559700870513915,108049860.0
2018-08-30 00:00:00-04:00,52.78568028191906,53.970253487975114,52.58470312439228,53.206546783447266,195175200,0.0,0.0,83.56081406959024,1.5606500676605322,47.02393409729004,42.62239957809448,105327820.0
2018-08-31 00:00:00-04:00,53.55647159158061,54.11447480869955,53.43588748059386,53.8212890625,173360400,0.0,0.0,85.27440727586537,1.6449256583050698,47.226414108276366,42.69124593734741,107306360.0
2018-09-04 00:00:00-04:00,54.005711675140766,54.18776939590025,53.584845253725106,53.99388885498047,109560400,0.0,0.0,85.72434794332985,1.7059765955799406,47.4348908996582,42.76359670639038,107699300.0
2018-09-05 00:00:00-04:00,54.14285726319419,54.30363609852174,53.22309798700196,53.641597747802734,133332000,0.0,0.0,80.32921581080215,1.7062642034639666,47.64928070068359,42.83182508468628,109248420.0
2018-09-06 00:00:00-04:00,53.49027078929188,53.75508827339755,52.32461350158914,52.75020980834961,137160000,0.0,0.0,68.56992048250795,1.6159370611550372,47.8351929473877,42.896706905364994,111601320.0
2018-09-07 00:00:00-04:00,52.4546669488255,53.28694031504542,52.185123173027854,52.324623107910156,150479200,0.0,0.0,63.770039860625644,1.492802759183867,48.01386596679688,42.9596594619751,114426760.0
2018-09-10 00:00:00-04:00,52.24185615259656,52.45465610496239,51.18259706413789,51.622379302978516,158066000,0.0,0.0,56.71529173464625,1.3232985693921506,48.17217948913574,43.01540752410889,117407820.0
2018-09-11 00:00:00-04:00,51.54671589005231,53.033937997206316,51.203875733106486,52.92753982543945,142996000,0.0,0.0,64.56210677012936,1.279531185228663,48.358434143066404,43.07555410385132,119379440.0
2018-09-12 00:00:00-04:00,53.18527415765987,53.19946010310294,51.97941828552849,52.27024459838867,197114800,0.0,0.0,58.782622193848994,1.1782251403759716,48.52178817749024,43.13240253448486,125085580.0
2018-09-13 00:00:00-04:00,52.84952340827975,53.99153884293053,52.6249042019705,53.532840728759766,166825600,0.0,0.0,65.22276032506817,1.1861471596192672,48.7257559967041,43.196592502593994,127665340.0
2018-09-14 00:00:00-04:00,53.376791326239925,53.63451228780782,52.613084535836826,52.92518615722656,127997200,0.0,0.0,60.33654855205848,1.1303626543500371,48.91059669494629,43.25893636703491,128365120.0
2018-09-17 00:00:00-04:00,52.52559609238329,52.71475044000342,51.371761426756805,51.5159912109375,148780400,0.0,0.0,50.82687681266514,0.9613608080180285,49.05514274597168,43.318430194854734,128718740.0
2018-09-18 00:00:00-04:00,51.494699140442705,52.454656645298286,51.33628344092451,51.60110092163086,126286800,0.0,0.0,51.32584880595378,0.8247856539611647,49.18909217834473,43.37557954788208,128975540.0
2018-09-19 00:00:00-04:00,51.662586001449505,51.9273999330875,50.90597219118434,51.6318473815918,108495200,0.0,0.0,51.51724634269407,0.7108357704780417,49.32474021911621,43.43381763458252,129168340.0
2018-09-20 00:00:00-04:00,52.07398836223533,52.55632846390417,51.81626383542605,52.02433395385742,106435200,0.0,0.0,54.003672042468274,0.6447675738503094,49.47987747192383,43.49547916412354,130686480.0
2018-09-21 00:00:00-04:00,52.20167586016159,52.33881268301883,51.37649180131732,51.4639778137207,384986800,0.0,0.0,50.05661249070802,0.5409561884034204,49.60896377563476,43.55452587127686,146159180.0
2018-09-24 00:00:00-04:00,51.265350143429465,52.3151494694153,51.22042559146119,52.20402145385742,110773600,0.0,0.0,54.759412425473414,0.5124925592647358,49.75143737792969,43.618009147644045,148002580.0
2018-09-25 00:00:00-04:00,51.95813414435409,52.68401288099076,51.94631132173357,52.53505325317383,98217600,0.0,0.0,56.72249163642907,0.5107587191811547,49.9025106048584,43.682785224914554,148808440.0
2018-09-26 00:00:00-04:00,52.253694901749306,52.903910562291436,51.96050545054438,52.11655807495117,95938800,0.0,0.0,53.55844432886581,0.47019545453743916,50.04266929626465,43.745410423278805,149050020.0
2018-09-27 00:00:00-04:00,52.92044888482368,53.53992575525717,52.8542418072406,53.187625885009766,120724800,0.0,0.0,59.74709648142666,0.5184980730174118,50.209197235107425,43.80953395843506,149635300.0
2018-09-28 00:00:00-04:00,53.149793573596064,53.39805838572912,52.96773583814115,53.37441635131836,91717600,0.0,0.0,60.72991554440124,0.5653338589050563,50.372486724853516,43.87572519302368,144462420.0
2018-10-01 00:00:00-04:00,53.89695599056796,54.244526037328285,53.51865093552065,53.73381042480469,94403200,0.0,0.0,62.620975137039025,0.6242556245492068,50.54503761291504,43.943047199249264,140514560.0
2018-10-02 00:00:00-04:00,53.731441209871306,54.38165667005677,53.584848333349555,54.21141815185547,99152800,0.0,0.0,65.03094905312409,0.701405138541709,50.726339416503905,44.012815647125244,139994180.0
2018-10-03 00:00:00-04:00,54.39348370673561,55.20211492695663,54.3296433555075,54.871097564697266,114619200,0.0,0.0,68.09109760924832,0.8064806922549295,50.91428489685059,44.08383710861206,139058540.0
2018-10-04 00:00:00-04:00,54.566089500033,54.93730520599613,53.60849859022037,53.90641784667969,128168000,0.0,0.0,59.84378229849989,0.8026596734447367,51.0743603515625,44.147171630859376,138608940.0
2018-10-05 00:00:00-04:00,53.8993118042979,54.005709966738436,52.15436895212806,53.03156661987305,134322000,0.0,0.0,53.513522374696066,0.7207301770995329,51.21981330871582,44.208329315185544,137801080.0
2018-10-08 00:00:00-04:00,52.53976625487125,53.15215002734901,52.06451563579391,52.90861511230469,118655600,0.0,0.0,52.67027990586822,0.6385188539791855,51.378028030395505,44.26909427642822,135830560.0
2018-10-09 00:00:00-04:00,52.87789106435932,53.73617671665903,52.549236814198565,53.641597747802734,107564000,0.0,0.0,57.018531763883196,0.625303254320869,51.55594459533691,44.33275272369385,134058960.0
2018-10-10 00:00:00-04:00,53.308217052458474,53.51865029661315,51.08329687705558,51.156593322753906,167962400,0.0,0.0,42.69683184552601,0.40958921778329227,51.68237014770508,44.383986148834225,132601340.0
2018-10-11 00:00:00-04:00,50.72154687603227,51.89902721215979,50.20137511528744,50.704994201660156,212497600,0.0,0.0,40.69630613901817,0.19988980949386104,51.74693885803222,44.43815093994141,134884940.0
2018-10-12 00:00:00-04:00,52.11654858627355,52.698197531427574,51.27008573845108,52.516136169433594,161351600,0.0,0.0,50.67740759145979,0.1777960162747405,51.819974975585936,44.50133647918701,136552660.0
2018-10-15 00:00:00-04:00,52.291520137503866,52.44993586441361,51.371760786579564,51.39303970336914,123164000,0.0,0.0,45.55703646775732,0.06886815801215818,51.867721786499025,44.55834545135498,135271840.0
2018-10-16 00:00:00-04:00,51.76425673692637,52.72421449906567,51.25117791678364,52.52560043334961,116736000,0.0,0.0,50.940248824216845,0.07308772150275189,51.93303031921387,44.62317949295044,134794300.0
2018-10-17 00:00:00-04:00,52.561065306134864,52.64145473247039,51.86119529237717,52.298614501953125,91541600,0.0,0.0,49.875831273976836,0.057453598980814036,52.00303550720215,44.6833371925354,133946620.0
2018-10-18 00:00:00-04:00,51.51125865851134,51.95577081093266,50.36215029617322,51.07620620727539,130325200,0.0,0.0,44.484879860150876,-0.05296415127683218,52.04793258666992,44.73741790771484,135141120.0
2018-10-19 00:00:00-04:00,51.55853916023749,52.31515279784084,51.409579553774584,51.85409164428711,132314800,0.0,0.0,48.31345200027039,-0.07681666546320542,52.100706329345705,44.79445304870605,122507520.0
2018-10-22 00:00:00-04:00,51.9675848788607,52.811684539021144,51.76661134631194,52.17092514038086,115168400,0.0,0.0,49.831063393730375,-0.06935466218335762,52.16274871826172,44.8507698059082,122727260.0
2018-10-23 00:00:00-04:00,51.0312826427505,52.78568203373293,50.764102000238935,52.6627311706543,155071200,0.0,0.0,52.17829296743844,-0.023485606917418522,52.22829055786133,44.91030534744263,125569940.0
2018-10-24 00:00:00-04:00,52.63198967990546,53.01738767953561,50.726264164214655,50.85630798339844,163702000,0.0,0.0,44.029793296331796,-0.13138280525746637,52.25354248046875,44.96083213806153,128958100.0
2018-10-25 00:00:00-04:00,51.47578116524493,52.34352273336572,51.248795294149254,51.96994400024414,119423200,0.0,0.0,49.28766347336789,-0.1255833461429532,52.29875007629394,45.01697385787964,128893020.0
2018-10-26 00:00:00-04:00,51.04783511210514,52.0621734864531,50.284128331310725,51.14241409301758,189033600,0.0,0.0,45.84149257386313,-0.18562224289873797,52.31284210205078,45.06782081604004,133758820.0
2018-10-29 00:00:00-04:00,51.82572439213365,51.94394539631925,48.72833263934348,50.18245315551758,183742000,0.0,0.0,42.158987929897854,-0.30712399186239736,52.287589950561525,45.11175245285034,138225760.0
2018-10-30 00:00:00-04:00,49.92473763551753,50.87759881261275,49.480229032865715,50.43309020996094,146640000,0.0,0.0,43.436592676953275,-0.3788238422132295,52.27737594604492,45.15798919677734,140600120.0
2018-10-31 00:00:00-04:00,51.27953799594369,52.123633992083754,51.218060771877376,51.7476921081543,153435600,0.0,0.0,49.71093044215792,-0.32581333032779725,52.295440139770506,45.20739772796631,142540940.0
2018-11-01 00:00:00-04:00,51.792635302853604,52.57525796442497,51.26300377595323,52.54215621948242,233292800,0.0,0.0,53.09701301317592,-0.21719185110560346,52.32934623718262,45.26059164047241,147797180.0
2018-11-02 00:00:00-04:00,49.5464321657824,50.515842403483035,48.572288469085706,49.0569953918457,365314800,0.0,0.0,40.28313848183774,-0.4076329593201393,52.291468200683596,45.297294750213624,159346820.0
2018-11-05 00:00:00-05:00,48.30510036768756,48.326379281390906,46.85570978180658,47.66434097290039,264654800,0.0,0.0,36.493236489212535,-0.6632885053377606,52.22256866455078,45.32874103546143,166646780.0
2018-11-06 00:00:00-05:00,47.742359984938645,48.40439819248706,47.68797934449321,48.179779052734375,127531600,0.0,0.0,38.78861702176849,-0.8149120235660803,52.15556076049805,45.36271774291992,167645160.0
2018-11-07 00:00:00-05:00,48.699960659016895,49.66700760551551,48.264908230328544,49.64099884033203,133697600,0.0,0.0,44.87181733030277,-0.8078540901352937,52.10945472717285,45.40729652404785,165931920.0
2018-11-08 00:00:00-05:00,49.82132566766374,49.85454290419516,49.0549542402841,49.46780014038086,101450400,0.1825,0.0,44.3097184983775,-0.8069344763023096,52.044374008178714,45.454644260406496,160379560.0
2018-11-09 00:00:00-05:00,48.77022964453493,48.87937043055105,47.98724786748592,48.513980865478516,137463200,0.0,0.0,41.245486756432456,-0.8731062939319045,51.95052268981934,45.49675539016724,159185140.0
2018-11-12 00:00:00-05:00,47.21614498875257,47.41782343812402,45.97998201189665,46.07014465332031,204542000,0.0,0.0,34.636341285096975,-1.1099502785838666,51.79549980163574,45.53079647064209,163254040.0
2018-11-13 00:00:00-05:00,45.46747093822109,46.784299734622806,45.42476100071037,45.60982894897461,187531600,0.0,0.0,33.54596220529555,-1.319583140084255,51.62781860351563,45.56369312286377,166793820.0
2018-11-14 00:00:00-05:00,46.006077416821554,46.14369273389911,44.11505882624037,44.32148361206055,243204000,0.0,0.0,30.63874393836464,-1.571561412978454,51.44141632080078,45.58961042404175,174376940.0
2018-11-15 00:00:00-05:00,44.69872449335649,45.548140683443364,44.345195403445636,45.4152717590332,185915200,0.0,0.0,35.73115536869388,-1.6638170006672013,51.29471755981445,45.620587539672854,177156440.0
2018-11-16 00:00:00-05:00,45.19936660019544,46.25995045257277,44.95261049624972,45.91828536987305,147713200,0.0,0.0,37.98605443131762,-1.677009700120827,51.16659080505371,45.66258852005005,177926360.0
2018-11-19 00:00:00-05:00,45.080723353294985,45.24680950472581,43.89201716190447,44.09843826293945,167701200,0.0,0.0,33.417855206411474,-1.8134076275949127,51.01611198425293,45.700177116394045,180553000.0
2018-11-20 00:00:00-05:00,42.32130943637899,43.05683851163266,41.64272573882717,41.99150848388672,271300800,0.0,0.0,29.060492937181778,-2.067680657106223,50.79739135742187,45.71958713531494,186364480.0
2018-11-21 00:00:00-05:00,42.64399822705807,42.772124438484425,41.889490881307914,41.944061279296875,124496800,0.0,0.0,28.968887307927773,-2.2471190679771738,50.59086769104004,45.74283901214599,184404220.0
2018-11-23 00:00:00-05:00,41.507494383952164,41.90135851863127,40.83365689452534,40.87873458862305,94496000,0.0,0.0,26.917223019134994,-2.4470798487648366,50.33778556823731,45.765895252227786,183157860.0
2018-11-26 00:00:00-05:00,41.34139771589679,41.50985523537514,40.397072578660236,41.431556701660156,179994000,0.0,0.0,29.699622132603366,-2.5317575586124406,50.10791297912598,45.78949760437012,182705880.0
2018-11-27 00:00:00-05:00,40.69366994529131,41.46716283590815,40.54419416749373,41.34141159057617,165549600,0.0,0.0,29.502378554909825,-2.5764396186807943,49.90442138671875,45.80525590896607,181796260.0
2018-11-28 00:00:00-05:00,41.93221055520353,43.014147874168636,41.50512908182037,42.93110656738281,184250000,0.0,0.0,37.39816378174173,-2.455272520941442,49.73102149963379,45.82704971313476,183676760.0
2018-11-29 00:00:00-05:00,43.33918830928703,43.37240554234032,42.16234247178632,42.601287841796875,167080000,0.0,0.0,36.485137989786296,-2.358671046167423,49.55041030883789,45.84363861083985,184358980.0
2018-11-30 00:00:00-05:00,42.776860200784085,42.78635290696132,42.003371186044795,42.37113571166992,158126000,0.0,0.0,35.82781702014012,-2.2744664019965697,49.35734634399414,45.85248136520386,180600640.0
2018-12-03 00:00:00-05:00,43.76626450623012,43.88015163194145,42.995146895539094,43.851680755615234,163210000,0.0,0.0,42.94847405328731,-2.0644681000437473,49.20510040283203,45.86938400268555,170495400.0
2018-12-04 00:00:00-05:00,42.9334627157085,43.27512777330079,41.823054898940676,41.922706604003906,165377200,0.0,0.0,37.162601878496,-2.030291093798496,48.99947410583496,45.87732248306274,165531520.0
2018-12-06 00:00:00-05:00,40.75297606435523,41.46952337319293,40.435039173164846,41.45528793334961,172393600,0.0,0.0,35.900523829303864,-2.0176639760938926,48.777878799438476,45.88383913040161,167774620.0
2018-12-07 00:00:00-05:00,41.163438773149345,41.40070569037687,39.93202289347355,39.97710418701172,169126400,0.0,0.0,32.17870128092176,-2.1026954052230025,48.53508972167969,45.881286735534665,169546060.0
2018-12-10 00:00:00-05:00,39.14905645625793,40.356744662283546,38.7528209859677,40.24048614501953,248104000,0.0,0.0,33.50154552414517,-2.124342603415009,48.27614692687988,45.87653062820434,176878740.0
2018-12-11 00:00:00-05:00,40.72926824390135,40.76011050274341,39.623602770741925,40.01034927368164,189126800,0.0,0.0,32.89774483596169,-2.1354521233198653,48.00886558532715,45.866551570892334,179461920.0
2018-12-12 00:00:00-05:00,40.43028940365676,40.79093620431171,40.10286345370511,40.12184524536133,142510800,0.0,0.0,33.52285815910864,-2.110926260851272,47.73662628173828,45.85781066894531,176360360.0
2018-12-13 00:00:00-05:00,40.451669250356666,40.94518525363543,40.22863759671632,40.56081008911133,127594400,0.0,0.0,36.04881251339202,-2.0326375632807085,47.4636141204834,45.85158143997192,173363500.0
2018-12-14 00:00:00-05:00,40.098131937076026,40.117113735755545,39.21549821072196,39.2629508972168,162814800,0.0,0.0,32.158124612423165,-2.051669230767935,47.15145118713379,45.84252437591553,169344040.0
2018-12-17 00:00:00-05:00,39.25582050641888,39.94389690996211,38.610454041222965,38.89754867553711,177151600,0.0,0.0,31.139133844878515,-2.0723481306053912,46.85127380371094,45.83022031784058,168905860.0
2018-12-18 00:00:00-05:00,39.23921640915953,39.74933899527448,39.00432078305257,39.402931213378906,135366000,0.0,0.0,34.24267429138909,-2.0246176288199536,46.57870109558105,45.81972728729248,168288500.0
2018-12-19 00:00:00-05:00,39.386319792315824,39.73035619895045,37.746804045316345,38.173885345458984,196189200,0.0,0.0,30.62750164092195,-2.0621929159865644,46.28400650024414,45.80326507568359,169712900.0
2018-12-20 00:00:00-05:00,38.05762401069301,38.463352159374345,36.847564525579564,37.2105827331543,259092000,0.0,0.0,28.121511500126715,-2.14497612240082,45.95538619995117,45.783910999298094,169102460.0
2018-12-21 00:00:00-05:00,37.217692120543504,37.52613986469643,35.5022531687816,35.76324462890625,382978400,0.0,0.0,24.833738455745817,-2.300847758279062,45.647519226074216,45.75507871627808,182026540.0
2018-12-24 00:00:00-05:00,35.151107914787005,35.95781796306272,34.780971939167266,34.83791732788086,148676800,0.0,0.0,22.983651024400785,-2.470564206319267,45.33017768859863,45.71805219650268,184735580.0
2018-12-26 00:00:00-05:00,35.18668070978635,37.30547231165693,34.811798587020675,37.291236877441406,234330000,0.0,0.0,36.49250634532881,-2.3796719527525525,45.02567970275879,45.69125032424927,187452380.0
2018-12-27 00:00:00-05:00,36.97569934391403,37.19635960176957,35.60667095581887,37.049251556396484,212468400,0.0,0.0,35.82502110824204,-2.3006449768192283,44.738803939819334,45.665292243957516,189798320.0
2018-12-28 00:00:00-05:00,37.369559838178496,37.61157323941613,36.66962277481481,37.06822967529297,169165600,0.0,0.0,35.924009012233455,-2.210997154545595,44.429656524658206,45.64122459411621,189044100.0
2018-12-31 00:00:00-05:00,37.61394158656188,37.81087365387044,37.12754345601977,37.4265022277832,140014000,0.0,0.0,37.872269145639194,-2.0869835613457184,44.1322142791748,45.61870187759399,187690800.0
2019-01-02 00:00:00-05:00,36.750288975035055,37.689867977237725,36.59369187126671,37.469207763671875,148158800,0.0,0.0,38.11381558548775,-1.9626319163877994,43.860074310302736,45.59713201522827,187192440.0
2019-01-03 00:00:00-05:00,34.16169045076521,34.57453619881333,33.69190295843866,33.73698425292969,365248800,0.0,0.0,27.903451525299488,-2.140566469868716,43.497732162475586,45.560093040466306,197294380.0
2019-01-04 00:00:00-05:00,34.292191797955375,35.24600594521999,34.11898793915867,35.17719650268555,234428400,0.0,0.0,35.12573887251108,-2.1406912372037894,43.15785758972168,45.53032560348511,200746940.0
2019-01-07 00:00:00-05:00,35.28160408429917,35.31244995449789,34.61725572428317,35.098907470703125,219111200,0.0,0.0,34.92095042642231,-2.1226389265594463,42.80658111572266,45.50482568740845,203082820.0
2019-01-08 00:00:00-05:00,35.4856418830653,36.021867468143824,35.238885865982304,35.76799011230469,164101200,0.0,0.0,38.235195188378725,-2.030931647077182,42.50481475830078,45.48551115036011,202831560.0
2019-01-09 00:00:00-05:00,35.89612398881753,36.66487039683081,35.50226350768915,36.375404357910156,180396400,0.0,0.0,41.16455239068976,-1.8874819965846399,42.1929239654541,45.473822326660155,199446180.0
2019-01-10 00:00:00-05:00,36.18322463099874,36.53200747936951,35.794106819127585,36.49167251586914,143122800,0.0,0.0,41.73419895543201,-1.7443079501611578,41.89990913391113,45.45352590560913,197145980.0
2019-01-11 00:00:00-05:00,36.27339028412049,36.467947396033274,35.9483319411463,36.133399963378906,108092800,0.0,0.0,40.43504163520286,-1.6408365453253353,41.61892807006836,45.436636962890624,195425080.0
2019-01-14 00:00:00-05:00,35.7917243040485,35.89137599820077,35.40497797975705,35.59004592895508,129756800,0.0,0.0,38.4787025827454,-1.584414694763268,41.322067184448244,45.41921409606934,195533200.0
2019-01-15 00:00:00-05:00,35.65411403047625,36.39438593118797,35.601914999486866,36.31846237182617,114843600,0.0,0.0,42.49541061315322,-1.4640462386834656,41.01348258972168,45.40390766143799,193134640.0
2019-01-16 00:00:00-05:00,36.320836811858406,36.98518520942271,36.30185501531,36.76215362548828,122278800,0.0,0.0,44.85708651196505,-1.317662006548936,40.6978825378418,45.39211057662964,190391000.0
2019-01-17 00:00:00-05:00,36.586577880660485,37.40752345530275,36.36354627747528,36.98044204711914,119284800,0.0,0.0,46.031424903178014,-1.1705440929624515,40.45635147094727,45.3793981552124,189586940.0
2019-01-18 00:00:00-05:00,37.36955746448795,37.459720094996186,37.008910562862575,37.20821762084961,135004000,0.0,0.0,47.292772700020464,-1.0237711052912601,40.24722900390625,45.364045791625976,186527680.0
2019-01-22 00:00:00-05:00,37.11093991098238,37.18686348386207,36.21169577007339,36.37303924560547,121576000,0.0,0.0,43.29693508595223,-0.963735032573581,40.01109420776367,45.34312099456787,179651880.0
2019-01-23 00:00:00-05:00,36.57470818551413,36.80960382903162,35.99340473442524,36.520137786865234,92522400,0.0,0.0,44.19132840732212,-0.8939811314826116,39.748676986694335,45.328118839263915,165129080.0
2019-01-24 00:00:00-05:00,36.5652336744921,36.65302134475879,36.00291179450928,36.23068618774414,101766000,0.0,0.0,42.761999145925735,-0.852232976067917,39.4839347076416,45.309709568023685,162783540.0
2019-01-25 00:00:00-05:00,36.89026785958372,37.519027508765205,36.615040923074886,37.431236267089844,134142000,0.0,0.0,49.987425083729406,-0.714041873888462,39.26227981567383,45.293547706604,157774140.0
2019-01-28 00:00:00-05:00,36.963818953658674,37.09194514242652,36.458442779137826,37.0848274230957,104768400,0.0,0.0,48.100636691120116,-0.6252690164438235,39.08257347106934,45.27660436630249,152389140.0
2019-01-29 00:00:00-05:00,37.07296946155649,37.51903258864824,36.5652182166273,36.70045852661133,166348800,0.0,0.0,46.0247766541788,-0.5792539658412821,38.90438606262207,45.25574411392212,152248300.0
2019-01-30 00:00:00-05:00,38.73383622739391,39.421909052183295,38.017288901847,39.208370208740234,244439200,0.0,0.0,58.58402876659298,-0.3365397724547563,38.80212379455566,45.24673110961914,157469560.0
2019-01-31 00:00:00-05:00,39.41242410665209,40.098125636928835,39.04465950838577,39.49072265625,162958400,0.0,0.0,59.72039554617813,-0.12002002658186228,38.6836328125,45.23785060882568,158209540.0
2019-02-01 00:00:00-05:00,39.61410265633867,40.09337942283648,39.36971429863973,39.50970458984375,130672400,0.0,0.0,59.800251553195636,0.052499928865437084,38.555461196899415,45.2262250328064,146480720.0
2019-02-04 00:00:00-05:00,39.72086886633868,40.72925360434192,39.69002299817537,40.63197326660156,125982000,0.0,0.0,64.30592396912436,0.2765925527451003,38.48613189697266,45.22068016052246,141058400.0
2019-02-05 00:00:00-05:00,41.013973143644144,41.54070616529914,40.89296827882337,41.32716369628906,144406400,0.0,0.0,66.7891055417794,0.5044684313410457,38.472845001220705,45.224525985717776,137323160.0
2019-02-06 00:00:00-05:00,41.43868832837846,41.65697719767212,41.011610539919296,41.34141159057617,112958400,0.0,0.0,66.84002199562781,0.6783913200264067,38.46079200744629,45.23675178527832,134766020.0
2019-02-07 00:00:00-05:00,40.904826038437854,41.27021921626802,40.41605663729461,40.55841827392578,126966800,0.0,0.0,61.27986058422928,0.7444637309727327,38.454385681152345,45.24562593460083,132094540.0
2019-02-08 00:00:00-05:00,40.26771540968325,40.665650250891964,40.131891443963546,40.6060791015625,95280000,0.1825,0.0,61.48985809272361,0.791547951087189,38.43787612915039,45.25743759155274,129702400.0
2019-02-11 00:00:00-05:00,40.75857827237781,40.796704677929405,40.329665299757814,40.372554779052734,83973600,0.0,0.0,59.77912595123507,0.8007880869756576,38.41849899291992,45.267248439788816,128496440.0
2019-02-12 00:00:00-05:00,40.5322157324539,40.74667043828146,40.436899701914584,40.720458984375,89134000,0.0,0.0,61.497734810254144,0.8266547615353446,38.374286041259765,45.27812984466553,126465300.0
2019-02-13 00:00:00-05:00,40.83960316682641,41.09933254456883,40.48932446490647,40.55127716064453,89960800,0.0,0.0,60.151712539443736,0.8240041216302743,38.33328582763672,45.29039512634277,125221160.0
2019-02-14 00:00:00-05:00,40.43927960962729,40.80861781758018,40.36064525814671,40.69900894165039,87342800,0.0,0.0,60.95534891655998,0.8243219205127517,38.299843292236325,45.29994882583618,123474360.0
2019-02-15 00:00:00-05:00,40.80623611906368,40.91346345759115,40.44880923334926,40.60845947265625,98507200,0.0,0.0,60.15456530610727,0.8079536067771187,38.23497886657715,45.30454330444336,122435480.0
2019-02-19 00:00:00-05:00,40.43927284620034,40.85150410234934,40.386849953980956,40.729976654052734,75891200,0.0,0.0,60.896985969908926,0.7956156591266748,38.21112426757813,45.300978908538816,119479840.0
2019-02-20 00:00:00-05:00,40.791937772979175,41.29948509114437,40.7442815842349,40.992095947265625,104457600,0.0,0.0,62.51926503769154,0.7977921319744894,38.201860427856445,45.29834959030151,118623920.0
2019-02-21 00:00:00-05:00,40.93729535437326,41.07311568683924,40.57986845134195,40.760963439941406,68998800,0.0,0.0,60.149558848134355,0.7719677767043223,38.21753761291504,45.28642017364502,117447740.0
2019-02-22 00:00:00-05:00,40.884871894446135,41.223235588397145,40.837215701877646,41.216087341308594,75652800,0.0,0.0,63.11433275325582,0.779243846311644,38.23704963684082,45.2752054977417,116142080.0
2019-02-25 00:00:00-05:00,41.499648872153486,41.90711352229098,41.449607503854075,41.516326904296875,87493600,0.0,0.0,64.96603315053576,0.8000149332644568,38.26716918945313,45.26444759368896,113809660.0
2019-02-26 00:00:00-05:00,41.39241821936573,41.77128984933254,41.263742503117236,41.54015350341797,68280800,0.0,0.0,65.11569872819533,0.8090722949577795,38.29553535461426,45.2522714805603,111985280.0
2019-02-27 00:00:00-05:00,41.2732773821219,41.699805218546146,41.15889815564964,41.668827056884766,111341600,0.0,0.0,65.96139855079127,0.8172128783848578,38.317695693969725,45.23759355545044,109234920.0
2019-02-28 00:00:00-05:00,41.537772157173244,41.67835919496109,41.20417154412631,41.258975982666016,112861600,0.0,0.0,60.89726160668567,0.7815831885010383,38.35761619567871,45.221714630126954,102656040.0
2019-03-01 00:00:00-05:00,41.52824051212283,41.735546954193026,41.19702505785762,41.692657470703125,103544800,0.0,0.0,64.0430394536651,0.7793569326405958,38.41351837158203,45.20852249145508,99685360.0
2019-03-04 00:00:00-05:00,41.86422496802693,42.35509069759693,41.45437513566205,41.90235137939453,109744800,0.0,0.0,65.48874946283297,0.7854588738120398,38.46350677490234,45.19839336395264,98638980.0
2019-03-05 00:00:00-05:00,41.92379696336586,41.93809345893184,41.59019631110894,41.82609939575195,78949600,0.0,0.0,64.47359963180668,0.7752057193530817,38.536551055908205,45.18583309173584,96287360.0
2019-03-06 00:00:00-05:00,41.621171381521776,41.81656650222476,41.44722463850816,41.58543014526367,83241600,0.0,0.0,61.246595336145404,0.7391396812696129,38.62404800415039,45.17347133636475,93229120.0
2019-03-07 00:00:00-05:00,41.43054036805001,41.56636432916655,40.98971605951243,41.10409164428711,99185600,0.0,0.0,55.286522360843854,0.6640621962970243,38.730864944458006,45.15950399398804,92540480.0
2019-03-08 00:00:00-05:00,40.584626117481065,41.239908627013946,40.38923104211764,41.2017822265625,95997600,0.0,0.0,56.21774711349336,0.6054661255023319,38.85814224243164,45.1444700050354,90992020.0
2019-03-11 00:00:00-04:00,41.816560802649775,42.681531325611424,41.78320110804429,42.62910842895508,128044000,0.0,0.0,67.02389006486857,0.666518403839774,38.964899673461915,45.13712633132935,92630220.0
2019-03-12 00:00:00-04:00,42.89122670675174,43.52744613325643,42.74110624977912,43.10806655883789,129870400,0.0,0.0,69.72427769947005,0.744963220261873,39.086075973510745,45.13076377868652,94925060.0
2019-03-13 00:00:00-04:00,43.42736668986569,43.677566237487994,43.11044774766869,43.2986946105957,124130000,0.0,0.0,70.7509055839448,0.8131400210716961,39.2106852722168,45.125601825714114,96674860.0
2019-03-14 00:00:00-04:00,43.820525788582664,43.86818560569597,43.50122537515146,43.7800178527832,94318000,0.0,0.0,73.22013599789722,0.895684496626302,39.337755584716795,45.12233987808227,96892720.0
2019-03-15 00:00:00-04:00,44.04691422627257,44.63785907607292,43.78241814804206,44.34953308105469,156171600,0.0,0.0,75.82112477568253,0.9955802777733425,39.475362091064454,45.122726631164554,100334160.0
2019-03-18 00:00:00-04:00,44.27328821787753,44.890444582071645,44.27090304440481,44.80228042602539,104879200,0.0,0.0,77.67727283967548,1.0986171563018914,39.69666801452637,45.12584829330444,100652760.0
2019-03-19 00:00:00-04:00,44.880899504425805,45.033401481377794,44.30186611779311,44.44721984863281,126585600,0.0,0.0,72.94772624469638,1.1385002810972011,39.882068481445316,45.12793684005737,103187480.0
2019-03-20 00:00:00-04:00,44.375741144089886,45.15255128641642,44.018314235196435,44.83563232421875,124140800,0.0,0.0,74.7583129066904,1.1877578523528385,40.07680297851562,45.127997379302975,104171640.0
2019-03-21 00:00:00-04:00,45.27883009897217,46.78240499086003,45.228788744888206,46.48693084716797,204136800,0.0,0.0,80.67889710310365,1.3445417820635726,40.29118179321289,45.13444126129151,110928540.0
2019-03-22 00:00:00-04:00,46.54649663713052,47.106466705960244,45.459919822317524,45.52425765991211,169630800,0.0,0.0,70.32312860132579,1.375261338471077,40.47415885925293,45.13432825088501,115627440.0
2019-03-25 00:00:00-04:00,45.633888431682614,45.745882499269285,44.46391365530103,44.97384262084961,175381200,0.0,0.0,65.17225131442356,1.3397491207059176,40.64380226135254,45.130673809051515,120021820.0
2019-03-26 00:00:00-04:00,45.66962270436676,45.96033017793337,43.98256747013785,44.50917434692383,199202000,0.0,0.0,61.10327711790942,1.2595908072068696,40.81131774902344,45.12530860900879,126567880.0
2019-03-27 00:00:00-04:00,44.9762271618102,45.216893346560575,44.45200166512448,44.909507751464844,119393600,0.0,0.0,63.23309642845372,1.2143698268253402,40.997706985473634,45.1240185546875,126970480.0
2019-03-28 00:00:00-04:00,45.0238672363422,45.16922096451442,44.68550359481245,44.96906280517578,83121600,0.0,0.0,63.552820363123544,1.1698521419013588,41.17071899414063,45.1235799407959,125483480.0
2019-03-29 00:00:00-04:00,45.23356826498443,45.29313941789581,44.92617907983829,45.26216125488281,94256000,0.0,0.0,65.15862590202877,1.145023038397369,41.34071914672852,45.12336982727051,125019040.0
2019-04-01 00:00:00-04:00,45.66486577166774,45.67439555693616,44.88805919660428,45.56955337524414,111448000,0.0,0.0,66.81019814991936,1.137042650229077,41.512501373291016,45.126558017730716,125104200.0
2019-04-02 00:00:00-04:00,45.5337998404147,46.33682135310815,45.52427005695858,46.23197555541992,91062800,0.0,0.0,70.09952621336583,1.1706752533565066,41.692976531982424,45.13294054031372,125709860.0
2019-04-03 00:00:00-04:00,46.0485014625707,46.822926454826096,46.02467154689668,46.54890060424805,93087200,0.0,0.0,71.55216658690456,1.2089663251906941,41.89649375915528,45.14321678161621,126202140.0
2019-04-04 00:00:00-04:00,46.41545880854789,46.79194893860823,46.02229064603285,46.62991714477539,76457200,0.0,0.0,71.92762429096513,1.2316519166106517,42.09868934631348,45.15401586532593,125065720.0
2019-04-05 00:00:00-04:00,46.810997523319536,46.96588465709566,46.68708854348536,46.942054748535156,74106400,0.0,0.0,73.38507587716944,1.2602894746713886,42.3129167175293,45.16996877670288,123971160.0
2019-04-08 00:00:00-04:00,46.803855058079535,47.71171869297622,46.7847918560636,47.68074417114258,103526800,0.0,0.0,76.49516382205823,1.327290826241267,42.51790687561035,45.18866086959839,122745300.0
2019-04-09 00:00:00-04:00,47.73318355230563,48.33604343501235,47.47345051658223,47.53778839111328,143072800,0.0,0.0,74.67648574345512,1.3532550613863634,42.726966094970706,45.207863368988036,123405420.0
2019-04-10 00:00:00-04:00,47.342391815910105,47.833261241829014,47.22324949267385,47.804664611816406,86781200,0.0,0.0,75.83169558011431,1.3794649719249534,42.949050216674806,45.22903644561767,121537980.0
2019-04-11 00:00:00-04:00,47.85944671301608,47.89518793620714,47.28518015419182,47.40670394897461,83603200,0.0,0.0,70.65564269480203,1.3525332538361923,43.11301689147949,45.25145942687988,121002240.0
2019-04-12 00:00:00-04:00,47.46628769869107,47.69027578606465,46.75381913013985,47.38765335083008,111042800,0.0,0.0,70.40788770647035,1.3144997146971562,43.27095550537109,45.27112470626831,118745800.0
2019-04-15 00:00:00-04:00,47.31855093020654,47.62117335589848,47.182726978383926,47.47343444824219,70146400,0.0,0.0,70.9026500732969,1.2765642406387983,43.43023010253906,45.291537017822264,117009160.0
2019-04-16 00:00:00-04:00,47.528248000421726,47.98336882392176,47.313789678479274,47.478206634521484,102785600,0.0,0.0,70.93176728564089,1.2326756619698926,43.56715476989746,45.310394535064695,115819160.0
2019-04-17 00:00:00-04:00,47.54730369870625,48.462319253167394,47.325700783597725,48.402748107910156,115627200,0.0,0.0,75.95243192178467,1.2579950336879975,43.70866645812988,45.334334239959716,115393480.0
2019-04-18 00:00:00-04:00,48.40037779428186,48.64581069721619,48.25740918333284,48.57670974731445,96783200,0.0,0.0,76.76560995397345,1.27737330431777,43.85337242126465,45.356705074310305,110025800.0
2019-04-22 00:00:00-04:00,48.331267903197975,48.83404857594951,48.214507135311784,48.736351013183594,77758000,0.0,0.0,77.5169659348888,1.2907336651446855,44.01693107604981,45.38371458053589,105432160.0
2019-04-23 00:00:00-04:00,48.712520316675125,49.50362695477499,48.58622976622122,49.43928909301758,93292000,0.0,0.0,80.50624563346702,1.34256680133322,44.193595275878906,45.41249526977539,101327700.0
2019-04-24 00:00:00-04:00,49.4106933007407,49.6775708811361,49.33682565873371,49.363037109375,70162400,0.0,0.0,79.2749387481709,1.3617941224287193,44.37340492248535,45.43786701202393,94875720.0
2019-04-25 00:00:00-04:00,49.28440764800036,49.506010596011244,48.87693935413123,48.91506576538086,74172800,0.0,0.0,72.28066472854113,1.3256036357612402,44.537297058105466,45.45792419433594,92614680.0
2019-04-26 00:00:00-04:00,48.82450618641079,48.848336097417246,48.16207538289125,48.68153762817383,74596400,0.0,0.0,68.86946534930102,1.2635136465350314,44.69990226745605,45.47708465576172,92188420.0
2019-04-29 00:00:00-04:00,48.70536406711703,49.07947258276034,48.57669200067746,48.75540542602539,88818800,0.0,0.0,69.36201027872467,1.2063612155278918,44.861030197143556,45.49952432632446,91916560.0
2019-04-30 00:00:00-04:00,48.386062610715946,48.467078489226644,47.44483931736575,47.81656265258789,186139600,0.0,0.0,57.01478988466718,1.072942523091072,45.005192260742184,45.513558826446534,95651140.0
2019-05-01 00:00:00-04:00,50.01117901340884,51.30506280144106,49.856291823259944,50.16368103027344,259309200,0.0,0.0,70.94147820670722,1.1434194577426524,45.1938663482666,45.53897552490234,104063460.0
2019-05-02 00:00:00-04:00,50.00162852825814,50.67120752436083,49.59416398853506,49.83721160888672,127985200,0.0,0.0,67.65795660056736,1.1595628634389072,45.37076866149902,45.56325462341309,105808360.0
2019-05-03 00:00:00-04:00,50.25183931905875,50.4782089626399,50.0945706099009,50.456764221191406,83569600,0.0,0.0,70.45291091059623,1.2084194396703865,45.56468467712402,45.58999532699585,106163980.0
2019-05-06 00:00:00-04:00,48.6791498523468,49.76334529835149,48.49090665482442,49.67756271362305,129772400,0.0,0.0,63.07062795581693,1.170767697485367,45.73391418457031,45.61407699584961,108947280.0
2019-05-07 00:00:00-04:00,49.05803373574075,49.42499041337888,47.854695800035216,48.33841323852539,155054800,0.0,0.0,52.82585703145556,1.0210996485008863,45.87035591125488,45.62971935272217,111523680.0
2019-05-08 00:00:00-04:00,48.109657759852,48.92935733960514,48.073916525359294,48.34794235229492,105358000,0.0,0.0,52.88450419367224,0.8929620505544733,46.00651168823242,45.645927734375,109637940.0
2019-05-09 00:00:00-04:00,47.75223838411033,48.057242419549205,46.861056195160906,47.8284912109375,139634400,0.0,0.0,49.28737876439006,0.740955442020315,46.12970497131348,45.659338550567625,112280600.0
2019-05-10 00:00:00-04:00,47.223295764690995,47.565356793291954,46.111007044630455,47.16588592529297,164834800,0.1925,0.0,45.07561787354324,0.5605606069404843,46.247843170166014,45.667798862457275,116342180.0
2019-05-13 00:00:00-04:00,44.90065057528068,45.32403587911326,43.73812763352999,44.42463684082031,229722400,0.0,0.0,32.646446235333016,0.19416232648479337,46.302482757568356,45.66040882110596,122276160.0
2019-05-14 00:00:00-04:00,44.589690316645736,45.37666407819567,44.35048807727735,45.12789535522461,146118800,0.0,0.0,37.414339447003606,-0.039014135133257355,46.36699363708496,45.657253704071046,126074780.0
2019-05-15 00:00:00-04:00,44.556202404072714,45.867029661329525,44.49640184388846,45.66849136352539,106178800,0.0,0.0,40.878921652030215,-0.17813317266034545,46.44384147644043,45.66060676574707,126244440.0
2019-05-16 00:00:00-04:00,45.42688825122322,46.039245266520595,45.17094015892705,45.467552185058594,132125600,0.0,0.0,39.99271822635808,-0.30112889809163335,46.52148391723633,45.6642156791687,127069360.0
2019-05-17 00:00:00-04:00,44.714074297471804,45.663707510433305,44.673410353458074,45.209224700927734,131516400,0.0,0.0,38.82735196285868,-0.41466872275516664,46.60358657836914,45.66608522415161,128806020.0
2019-05-20 00:00:00-04:00,43.89839872325471,44.09693703228056,43.12338210548431,43.79553985595703,154449200,0.0,0.0,33.13675121462492,-0.6116714365746247,46.65546173095703,45.647680130004886,132640580.0
2019-05-21 00:00:00-04:00,44.30504299247997,44.97002498483525,44.180656795007685,44.6351432800293,113459200,0.0,0.0,38.86734812988531,-0.6920707661473529,46.695582427978515,45.62653419494629,133648940.0
2019-05-22 00:00:00-04:00,44.17109119736444,44.422254305979834,43.66637427145734,43.72138977050781,118994400,0.0,0.0,35.31948921117946,-0.8200668653909773,46.70784889221191,45.60011264801025,136090540.0
2019-05-23 00:00:00-04:00,43.00856675291308,43.18557408801563,42.53255294513371,42.97507858276367,146118800,0.0,0.0,32.694476578369404,-0.9705380137877597,46.701376571655274,45.568687171936034,139687840.0
2019-05-24 00:00:00-04:00,43.10423814743245,43.56829102566304,42.72629821206873,42.810020446777344,94858800,0.0,0.0,32.12579065779774,-1.0905352831939723,46.68197662353516,45.53874549865723,140700960.0
2019-05-28 00:00:00-04:00,42.79806098088244,43.19752825231062,42.55646805143749,42.63301086425781,111792800,0.0,0.0,31.493147694229037,-1.1862429078790981,46.64764617919922,45.50775379180908,141849660.0
2019-05-29 00:00:00-04:00,42.20006316366321,42.90092769825239,42.09959865033098,42.4296989440918,113924800,0.0,0.0,30.74425502627571,-1.2639276911313644,46.60019454956055,45.47382526397705,138238920.0
2019-05-30 00:00:00-04:00,42.56602753223366,42.87220603302129,42.25984903144603,42.649749755859375,84873600,0.0,0.0,32.61205572334457,-1.2928341922719682,46.56424514770508,45.44172998428345,129517140.0
2019-05-31 00:00:00-04:00,42.15460420382392,42.57560242696121,41.85799580108924,41.877132415771484,108174400,0.0,0.0,29.594143131595303,-1.3623818747991479,46.50507514953613,45.404187450408934,128526600.0
2019-06-03 00:00:00-04:00,42.00391264942133,42.558859919788816,40.72896433762629,41.4537467956543,161584400,0.0,0.0,28.06165172592671,-1.43511943194747,46.404411468505856,45.36348762512207,132427340.0
2019-06-04 00:00:00-04:00,41.96563498785348,43.01573251076257,41.74556939956014,42.97028350830078,123872000,0.0,0.0,40.039045398592464,-1.354775621502725,46.35333198547363,45.32979122161865,132132320.0
2019-06-05 00:00:00-04:00,44.080180266448075,44.25001543111583,43.32908551905767,43.66396713256836,119093600,0.0,0.0,44.58400662137236,-1.221052567833766,46.32713447570801,45.29592199325562,130334260.0
2019-06-06 00:00:00-04:00,43.793134501142,44.36482755162113,43.57067458111561,44.30502700805664,90105200,0.0,0.0,48.47117804688224,-1.051229985087403,46.32305152893066,45.260221824645996,129571620.0
2019-06-07 00:00:00-04:00,44.613602808905426,45.90768763912735,44.4365955097193,45.48429870605469,122737600,0.0,0.0,54.75811654380204,-0.8121253191627673,46.33454734802246,45.23292436599731,128726780.0
2019-06-10 00:00:00-04:00,45.881376473575656,46.73293577866847,45.835927468539325,46.0655632019043,104883600,0.0,0.0,57.509942252061464,-0.5691689365709891,46.35647735595703,45.20902976989746,125729220.0
2019-06-11 00:00:00-04:00,46.61094460560243,46.8836349896468,46.309551123217446,46.59898376464844,107731600,0.0,0.0,59.91927328303048,-0.32978017099874535,46.38321380615234,45.18779043197632,119629680.0
2019-06-12 00:00:00-04:00,46.393273742142995,46.87646328917654,46.259321071663166,46.45068359375,73012800,0.0,0.0,58.91899449080748,-0.15029690481296853,46.40083641052246,45.165289363861085,115974380.0
2019-06-13 00:00:00-04:00,46.57267447769808,47.072606273434246,46.30955420885947,46.44111251831055,86698400,0.0,0.0,58.85071189613667,-0.008726831570697868,46.40501914978027,45.14194833755493,115000360.0
2019-06-14 00:00:00-04:00,45.81918484080178,46.307155751593456,45.52018207317705,46.10383605957031,75046000,0.0,0.0,56.37144200284056,0.07538409897966858,46.39611785888672,45.114816646575925,112146380.0
2019-06-17 00:00:00-04:00,46.14211377579519,46.63487348967202,45.96749715069551,46.37892532348633,58676400,0.0,0.0,57.92824966984158,0.16236834084599394,46.39109802246094,45.0869797706604,108504380.0
2019-06-18 00:00:00-04:00,46.8955931379687,47.90980815375586,46.69466416124891,47.46967697143555,106204000,0.0,0.0,63.49112662570653,0.3156795639013623,46.401650466918944,45.06071897506714,106092120.0
2019-06-19 00:00:00-04:00,47.76389951339883,47.811742879326864,47.1969913965281,47.3309440612793,84496800,0.0,0.0,62.36168186583654,0.4211306938165862,46.39465446472168,45.0313409614563,104644000.0
2019-06-20 00:00:00-04:00,47.928952089147415,47.98636194123762,47.36921971853001,47.711280822753906,86056000,0.0,0.0,64.23981021211227,0.5292901447359952,46.398124313354494,45.00079092025757,102997080.0
2019-06-21 00:00:00-04:00,47.55339956808391,48.04376482331306,47.39791594328948,47.548614501953125,191202400,0.0,0.0,62.796549262045275,0.5950224280450271,46.39300331115723,44.96856454849243,105251260.0
2019-06-24 00:00:00-04:00,47.491215693151446,47.87872584119384,47.40271202381546,47.50078582763672,72881600,0.0,0.0,62.35296806740303,0.6359258050163774,46.39488494873047,44.9378604888916,104152400.0
2019-06-25 00:00:00-04:00,47.46490339125709,47.66344170794164,46.71380842991327,46.78078842163086,84281200,0.0,0.0,55.94625017089614,0.6032899021072353,46.382747650146484,44.90801338195801,102776820.0
2019-06-26 00:00:00-04:00,47.30702611814578,48.07725759186515,47.20656161939147,47.792606353759766,104270000,0.0,0.0,61.87477932529962,0.6515601847031576,46.38913108825684,44.885353298187255,102294080.0
2019-06-27 00:00:00-04:00,47.90980612080103,48.215988288918595,47.737583898017675,47.77824783325195,83598800,0.0,0.0,61.747786998593966,0.6808081858451658,46.39513191223145,44.86613264083862,102230340.0
2019-06-28 00:00:00-04:00,47.52469551117032,47.720843084338505,47.13479837293914,47.34290313720703,124442400,0.0,0.0,57.86965188872932,0.6612364367893662,46.373935012817384,44.83820945739746,103043740.0
2019-07-01 00:00:00-04:00,48.59871861867151,48.91446732715429,47.99592795243673,48.211212158203125,109012000,0.0,0.0,62.87763558544208,0.7076338038844909,46.36662506103516,44.81791429519653,100415120.0
2019-07-02 00:00:00-04:00,48.17771659878482,48.589144680081205,48.16575575864351,48.49346160888672,67740800,0.0,0.0,64.36063602410465,0.7584364402228445,46.361767272949216,44.792717399597166,97608560.0
2019-07-03 00:00:00-04:00,48.62501745406386,48.902492850834626,48.483889047924336,48.89531707763672,45448000,0.0,0.0,66.41765424825468,0.8216527717247146,46.350887832641604,44.77256805419922,93926280.0
2019-07-05 00:00:00-04:00,48.64176894973504,49.05558773477184,48.53412503952128,48.852264404296875,69062000,0.0,0.0,65.97829054320351,0.8583832709344037,46.34067237854004,44.759249420166014,92874120.0
2019-07-08 00:00:00-04:00,48.03420208422318,48.17533053234699,47.46011815799339,47.84523391723633,101354400,0.0,0.0,56.55432580661185,0.7970456656957481,46.31927574157715,44.74047008514404,91804960.0
2019-07-09 00:00:00-04:00,47.649087439105884,48.201644052257606,47.55579870766386,48.137062072753906,82312000,0.0,0.0,58.408319761502895,0.763185734787136,46.30838623046875,44.722996158599855,90676380.0
2019-07-10 00:00:00-04:00,48.28297103527144,48.73266874059022,48.21360034539757,48.613067626953125,71588400,0.0,0.0,61.308635827918906,0.7659319786006975,46.305539474487304,44.705939826965334,88869220.0
2019-07-11 00:00:00-04:00,48.6321995013914,48.89053831965134,48.24947816503057,48.2590446472168,80767200,0.0,0.0,58.06552821125773,0.7311138751867716,46.314389114379885,44.68991516113281,89256940.0
2019-07-12 00:00:00-04:00,48.42649079222815,48.79725497916496,48.36669023465564,48.62981414794922,70380800,0.0,0.0,60.426554403711116,0.7250800064714724,46.2837117767334,44.672044124603275,88441060.0
2019-07-15 00:00:00-04:00,48.81878002796971,49.24455968604115,48.797252704231944,49.08668899536133,67789600,0.0,0.0,63.17772885751352,0.7485354532092074,46.26870132446289,44.654802303314206,88078240.0
2019-07-16 00:00:00-04:00,48.938385998971945,49.301974430162524,48.677656430195476,48.9168586730957,67467200,0.0,0.0,61.46708519848511,0.7448341911482501,46.23790321350098,44.638803806304935,88517780.0
2019-07-17 00:00:00-04:00,48.80921404901501,49.057982753514956,48.62263660815599,48.64177322387695,56430000,0.0,0.0,58.694834551676784,0.7115020646255061,46.21718742370606,44.616074542999264,86029080.0
2019-07-18 00:00:00-04:00,48.797255539973115,49.246956906066245,48.725494140074105,49.194332122802734,74162400,0.0,0.0,62.36647707977429,0.7213576376103106,46.2343058013916,44.59517412185669,85512360.0
2019-07-19 00:00:00-04:00,49.2254225596,49.39525773939744,48.40496070844038,48.45997619628906,83717200,0.0,0.0,55.327496675472084,0.6622775409664285,46.236546478271485,44.56880495071411,85395420.0
2019-07-22 00:00:00-04:00,48.71353210630533,49.56987651762095,48.7039656231899,49.56748580932617,89111600,0.0,0.0,62.24781699422706,0.696790738755908,46.27132637023926,44.545585289001465,80290880.0
2019-07-23 00:00:00-04:00,49.86409602597792,49.97173629421098,49.5842262186613,49.95499038696289,73420800,0.0,0.0,64.32992813322404,0.7468024043140602,46.327108459472655,44.52100475311279,80317840.0
2019-07-24 00:00:00-04:00,49.67512729577653,50.029145578681785,49.5555261792605,49.914329528808594,59966400,0.0,0.0,63.931489859587586,0.7742311632397474,46.43690231323242,44.50104431152344,79102100.0
2019-07-25 00:00:00-04:00,49.96695653329002,50.050678778547585,49.450278810987754,49.519649505615234,55638400,0.0,0.0,60.04398639125161,0.7554133381747619,46.52473739624023,44.483484725952145,76670520.0
2019-07-26 00:00:00-04:00,49.62967291854977,50.16787788464866,49.548345044101694,49.69186782836914,70475600,0.0,0.0,61.153982258803474,0.7457995427090651,46.60520492553711,44.46740098953247,76014360.0
2019-07-29 00:00:00-04:00,49.8641061577897,50.385565347597584,49.85932109046995,50.15592956542969,86693600,0.0,0.0,64.0519629011859,0.7667873965945091,46.69897247314453,44.44997264862061,74126920.0
2019-07-30 00:00:00-04:00,49.93585442943909,50.27073972938734,49.589011938368884,49.94063949584961,135742800,0.0,0.0,61.75040601455331,0.7573184173462977,46.79360076904297,44.443892879486086,75463460.0
2019-07-31 00:00:00-04:00,51.76815294335434,52.952203406591565,50.54343853369576,50.95964813232422,277125600,0.0,0.0,67.67163159694837,0.8225577303338909,46.93688293457031,44.4451661491394,85932700.0
2019-08-01 00:00:00-04:00,51.16535872118057,52.15326516054023,49.45267342174729,49.8569221496582,216071600,0.0,0.0,57.328949272224634,0.7763305298655254,47.04131851196289,44.43187007904053,94463880.0
2019-08-02 00:00:00-04:00,49.163230311330075,49.3785108420285,48.230343145055464,48.80203628540039,163448400,0.0,0.0,49.53028983058068,0.6471151268812463,47.14293144226074,44.418915061950685,99183200.0
2019-08-05 00:00:00-04:00,47.35965283602837,47.517523540558116,46.065567840975476,46.24736022949219,209572000,0.0,0.0,36.559613600518816,0.3347116343067995,47.208377075195315,44.387523860931395,104594080.0
2019-08-06 00:00:00-04:00,46.957783150481916,47.37878135711824,46.41479313620579,47.122833251953125,143299200,0.0,0.0,42.15052705709016,0.15597498938858934,47.294633331298826,44.361644954681395,107643440.0
2019-08-07 00:00:00-04:00,46.74251522038932,47.73520315465886,46.36218449713358,47.610816955566406,133457600,0.0,0.0,45.05706527377864,0.053089138651010614,47.394189453125,44.34431800842285,110736900.0
2019-08-08 00:00:00-04:00,47.888281812721345,48.684825611688794,47.694528606203654,48.66090393066406,108038000,0.0,0.0,50.78713511263515,0.05564318365184562,47.51881355285644,44.32835206985474,112100440.0
2019-08-09 00:00:00-04:00,48.33435204748465,48.6849121066314,47.85172652260763,48.259918212890625,98478800,0.1925,0.0,48.69854893794787,0.025022641039221583,47.63101692199707,44.30879703521728,113505340.0
2019-08-12 00:00:00-04:00,47.93097076329877,48.51444257030938,47.81811826695935,48.13746643066406,89927600,0.0,0.0,48.04871653247236,-0.009021204217113166,47.756223602294924,44.286170711517336,114612240.0
2019-08-13 00:00:00-04:00,48.267120536421295,50.93715403198438,48.137458527792965,50.176002502441406,188874000,0.0,0.0,58.07791436720458,0.12702733533029686,47.93066871643067,44.282769184112546,120682580.0
2019-08-14 00:00:00-04:00,48.780964420477915,49.56852841372435,48.644099355992225,48.682518005371094,146189600,0.0,0.0,50.40116298104467,0.11303210204325609,48.04491340637207,44.26633205413818,125170560.0
2019-08-15 00:00:00-04:00,48.852997569788144,49.256382389403456,47.942974606430376,48.440006256103516,108909600,0.0,0.0,49.26248857281898,0.08143339394752758,48.140434188842775,44.25282001495361,126907920.0
2019-08-16 00:00:00-04:00,49.049880924057916,49.741401862998586,48.94423148463047,49.58292770385742,110481600,0.0,0.0,54.481790863007014,0.1469217763834081,48.24599220275879,44.24982238769531,128246140.0
2019-08-19 00:00:00-04:00,50.57219735243816,51.07883190639441,50.43053268655295,50.50736999511719,97654400,0.0,0.0,58.22502975158181,0.2703007000859827,48.34645362854004,44.2501937866211,128673280.0
2019-08-20 00:00:00-04:00,50.634620585098965,51.2276951856261,50.50015898015101,50.509761810302734,107537200,0.0,0.0,58.23459974241905,0.3640755492115133,48.43533760070801,44.24400413513184,130379100.0
2019-08-21 00:00:00-04:00,51.14125698244228,51.29972750063154,50.807502749106995,51.05721664428711,86141600,0.0,0.0,60.46694375793642,0.47706847418084664,48.52450225830078,44.23657943725586,131687860.0
2019-08-22 00:00:00-04:00,51.189276167751544,51.48941498513007,50.60340461002002,51.01399612426758,89014800,0.0,0.0,60.19340444107697,0.5567112260591855,48.61576850891113,44.24636444091797,133356680.0
2019-08-23 00:00:00-04:00,50.28645358396467,50.91554700309597,48.2623192659155,48.65610122680664,187272000,0.0,0.0,47.55442947674703,0.42467092615434154,48.66006828308105,44.2513232421875,139196500.0
2019-08-26 00:00:00-04:00,49.42926093993379,49.748609076351144,49.23717136701609,49.58053207397461,104174400,0.0,0.0,51.825302074473974,0.3901247653060693,48.72960220336914,44.2583270072937,140070540.0
2019-08-27 00:00:00-04:00,49.90948253160488,50.07515974076012,48.86980125519638,49.02107238769531,103493200,0.0,0.0,49.21332384877501,0.3139835558749553,48.78244514465332,44.255227375030515,138458060.0
2019-08-28 00:00:00-04:00,49.0066681246404,49.39564686397116,48.81938179356974,49.35002517700195,63755200,0.0,0.0,50.78398890207329,0.276991850130031,48.82005210876465,44.25463850021362,127789540.0
2019-08-29 00:00:00-04:00,50.06315640226348,50.26004923163214,49.621352927714746,50.185611724853516,83962000,0.0,0.0,54.62294093475977,0.3115096189604216,48.87714546203613,44.262996654510495,121184060.0
2019-08-30 00:00:00-04:00,50.46174203034494,50.53137262674945,49.75101166966507,50.120784759521484,84573600,0.0,0.0,54.26926205540264,0.3298321059211631,48.925335540771485,44.283249855041504,117240320.0
2019-09-03 00:00:00-04:00,49.56613013550739,49.698191966663735,49.035486682776146,49.39085006713867,80092000,0.0,0.0,50.318551825182,0.2822001518009287,48.96218025207519,44.30215496063232,110766320.0
2019-09-04 00:00:00-04:00,50.03675026808803,50.29847047880786,49.77983330506893,50.22883987426758,76752400,0.0,0.0,54.42084716647902,0.3085139028246928,49.016741333007815,44.33169174194336,107438980.0
2019-09-05 00:00:00-04:00,50.903553620893206,51.37657278490871,50.785897861950716,51.21089553833008,95654800,0.0,0.0,58.72243503595771,0.403954884346021,49.1053434753418,44.36066986083984,105548840.0
2019-09-06 00:00:00-04:00,51.39577117230135,51.48461108870742,51.0259981022255,51.20608139038086,77449200,0.0,0.0,58.6931922804934,0.473743073059417,49.17361297607422,44.38710884094238,104019400.0
2019-09-09 00:00:00-04:00,51.585461226459756,51.96964040269282,50.680245133535024,51.42458724975586,109237600,0.0,0.0,59.674758384001855,0.5404523142743685,49.2465397644043,44.42373958587646,104557340.0
2019-09-10 00:00:00-04:00,51.35014804449725,52.05127185370454,50.83391076513622,52.03206253051758,127111600,0.0,0.0,62.3531655029998,0.6350179551243471,49.340322952270505,44.47394235610962,106416540.0
2019-09-11 00:00:00-04:00,52.361014009265396,53.715240070323695,52.27937347467052,53.686424255371094,177158400,0.0,0.0,68.49106630650053,0.8338430483127937,49.44982719421387,44.53265417098999,105830760.0
2019-09-12 00:00:00-04:00,53.97697494678176,54.36595374868243,53.51115883577232,53.566383361816406,128906800,0.0,0.0,67.62945631632613,0.9705392973556428,49.55128562927246,44.59609241485596,104966620.0
2019-09-13 00:00:00-04:00,52.8244384765625,53.01412462083623,52.10890847215429,52.52429962158203,159053200,0.0,0.0,60.51271001082134,0.9834480340245904,49.623865280151364,44.651556129455564,107473800.0
2019-09-16 00:00:00-04:00,52.27938208778277,52.855650852329696,52.238563645662204,52.80042266845703,84632400,0.0,0.0,61.663877441912504,1.0043812413190665,49.70282844543457,44.708851184844974,106181340.0
2019-09-17 00:00:00-04:00,52.81482810263167,53.02132375192014,52.61313203639829,52.99250793457031,73274800,0.0,0.0,62.48325191915878,1.0246590034041887,49.80577392578125,44.75915819168091,104962360.0
2019-09-18 00:00:00-04:00,53.07894480353371,53.508745607854166,52.68996609930479,53.48953628540039,101360000,0.0,0.0,64.59210418919315,1.0685180985125413,49.91282341003418,44.81359943389893,104653500.0
2019-09-19 00:00:00-04:00,53.3070606073627,53.72725500568296,52.913278574917605,53.05494689941406,88242400,0.0,0.0,61.34509547686378,1.0560356938206112,50.0016609954834,44.86701848983765,104758540.0
2019-09-20 00:00:00-04:00,53.155792256513266,53.439121573319625,52.21695705097918,52.27938461303711,221652400,0.0,0.0,55.94062003908803,0.9723532206464753,50.082067794799805,44.909157009124755,111390420.0
2019-09-23 00:00:00-04:00,52.57231054140675,52.78600921665871,52.260165462190585,52.517086029052734,76662000,0.0,0.0,57.18560270691672,0.9146710173500807,50.159813232421875,44.96212890625,105859920.0
2019-09-24 00:00:00-04:00,53.07174174905982,53.42230547207564,52.14971625438767,52.26736831665039,124763200,0.0,0.0,55.41407766566728,0.8391343053182467,50.223426818847656,45.0161893081665,106889360.0
2019-09-25 00:00:00-04:00,52.47627620043449,53.184603139280306,52.137718705200996,53.07175064086914,87613600,0.0,0.0,59.740481219487044,0.8345575875065592,50.306524658203124,45.081662540435794,106095380.0
2019-09-26 00:00:00-04:00,52.824431771617654,53.05013674812319,52.543502278670516,52.79801940917969,75334000,0.0,0.0,57.68899428421499,0.7996251025049972,50.38964958190918,45.144450206756595,106674320.0
2019-09-27 00:00:00-04:00,52.95409101125522,53.054940879557066,52.17133028274097,52.54110336303711,101408000,0.0,0.0,55.753793537281894,0.7426490823413516,50.456585006713865,45.20710397720337,107546620.0
2019-09-30 00:00:00-04:00,53.040529136604164,53.92413970007018,53.01411677472275,53.777671813964844,103909600,0.0,0.0,62.30766234654504,0.7881901500097612,50.562938919067385,45.275383110046384,108513420.0
2019-10-01 00:00:00-04:00,54.04181160923848,54.79816017272716,53.83291244317199,53.92655563354492,139223200,0.0,0.0,63.01793787098121,0.8267650216821565,50.65012031555176,45.34221183776855,111469980.0
2019-10-02 00:00:00-04:00,53.55917160743665,53.68403038252034,52.3274007167669,52.5747184753418,138449200,0.0,0.0,53.212842996719765,0.7397268142562154,50.70251487731934,45.40877067565918,114554820.0
2019-10-03 00:00:00-04:00,52.447459000713295,53.05494337549281,51.65509540469614,53.02132797241211,114426000,0.0,0.0,55.66700346972327,0.6987315197229051,50.764654846191405,45.47938957214355,115493380.0
2019-10-04 00:00:00-04:00,54.17865555013315,54.622862444828854,53.75846122523863,54.507606506347656,138478800,0.0,0.0,62.682328166786476,0.7772134766307275,50.86441398620605,45.5549129486084,118544860.0
2019-10-07 00:00:00-04:00,54.3299328547412,55.20873658677315,54.22668318942507,54.51961898803711,122306000,0.0,0.0,62.73365620819303,0.8308033163185726,50.96096900939941,45.63664161682129,119198280.0
2019-10-08 00:00:00-04:00,54.22187750074084,54.75972389234403,53.86411072762326,53.880916595458984,111820000,0.0,0.0,58.15363484044807,0.812371195682374,51.03546875,45.71999328613281,118433700.0
2019-10-09 00:00:00-04:00,54.512413024902344,54.694896109411246,54.17865880193493,54.512413024902344,74770400,0.0,0.0,61.171981853263254,0.8390480676673562,51.12690422058105,45.81373912811279,113314300.0
2019-10-10 00:00:00-04:00,54.728505896765036,55.331186933368876,54.577238437627656,55.24714660644531,113013600,0.0,0.0,64.39026223125336,0.9089981753836156,51.212654190063475,45.915785274505616,112519640.0
2019-10-11 00:00:00-04:00,55.933864711609424,57.05998604876927,55.78019379619807,56.71662902832031,166795600,0.0,0.0,69.78447409324423,1.070667106246674,51.34984832763672,46.01291223526001,112906760.0
2019-10-14 00:00:00-04:00,56.40208648570823,57.17764784685901,56.34686196781524,56.63499450683594,96427600,0.0,0.0,69.15772450279216,1.1786173084141822,51.50650749206543,46.110840950012204,113496520.0
2019-10-15 00:00:00-04:00,56.759854250095415,57.06239287164702,56.39728786256741,56.50293731689453,87360000,0.0,0.0,68.09233996055646,1.2392276646650302,51.71161903381348,46.208014488220215,114200780.0
2019-10-16 00:00:00-04:00,56.03472259479586,56.48373281401713,55.99390415010381,56.27483367919922,73903200,0.0,0.0,66.1954222308857,1.2543958568440985,51.8946590423584,46.302256145477294,112827940.0
2019-10-17 00:00:00-04:00,56.447706408334824,56.70222353757521,56.07073396138555,56.49332809448242,67585200,0.0,0.0,67.13973129925866,1.269414412541522,52.07230926513672,46.39737674713135,111795080.0
2019-10-18 00:00:00-04:00,56.32764461231242,57.04557789777624,56.25561057187668,56.7646484375,97433600,0.0,0.0,68.32306832188158,1.2883586141686436,52.23438415527344,46.5125150680542,105584140.0
2019-10-21 00:00:00-04:00,57.0311814328969,57.864367125177715,56.9831599524487,57.74911117553711,87247200,0.0,0.0,72.2306231843908,1.3670514280028954,52.424168014526366,46.62537464141846,106113400.0
2019-10-22 00:00:00-04:00,57.90519420446426,58.154908138327166,57.535421055865456,57.617061614990234,82293600,0.0,0.0,70.96607574154835,1.4025925402453367,52.61375991821289,46.73796541213989,103989920.0
2019-10-23 00:00:00-04:00,58.130888664552984,58.40461512439032,57.91958976088768,58.39020538330078,75828800,0.0,0.0,73.85245064732199,1.476129466793438,52.77804397583008,46.851076488494876,103400680.0
2019-10-24 00:00:00-04:00,58.7095571851868,58.77919144814045,58.06125802035155,58.48625564575195,69275200,0.0,0.0,74.195662824403,1.5245840089079294,52.9741187286377,46.961630744934084,103097740.0
2019-10-25 00:00:00-04:00,58.385401792575365,59.242596306464485,58.318170993988126,59.206581115722656,73477200,0.0,0.0,76.66898261593215,1.6026346533667137,53.18945022583008,47.07520528793335,101701200.0
2019-10-28 00:00:00-04:00,59.40826995257686,59.847673572322954,59.240192966177574,59.799652099609375,96572800,0.0,0.0,78.49649142826502,1.6928323062485617,53.39378471374512,47.1935365486145,101334360.0
2019-10-29 00:00:00-04:00,59.7804471734003,59.967733495416816,58.24373795075097,58.4166145324707,142839600,0.0,0.0,65.59329685584058,1.6338806636207224,53.551969604492186,47.30766939163208,101515180.0
2019-10-30 00:00:00-04:00,58.76958279527963,58.89924482176762,57.91719144782321,58.40941619873047,124522000,0.0,0.0,65.53291740095861,1.568499530509996,53.709962692260746,47.4181241607666,100818820.0
2019-10-31 00:00:00-04:00,59.36505627876599,59.828468838504534,56.968745403896456,59.73002243041992,139162000,0.0,0.0,70.8367695070501,1.604747863159048,53.8834188079834,47.53296350479126,102055620.0
2019-11-01 00:00:00-04:00,59.91730831812791,61.45161774300314,59.82606861277858,61.425209045410156,151125200,0.0,0.0,75.9522864399778,1.7500883909242262,54.09164306640625,47.655187339782714,102687940.0
2019-11-04 00:00:00-05:00,61.78778735460144,61.91264981872818,61.319575096954345,61.828609466552734,103272000,0.0,0.0,76.98679597993234,1.8761952381143132,54.355093231201174,47.77828929901123,101736240.0
2019-11-05 00:00:00-05:00,61.72054836324468,61.99427850362642,61.5452719696819,61.73976135253906,79897600,0.0,0.0,76.20918111446439,1.9465281578648401,54.59827781677246,47.905122909545895,100140120.0
2019-11-06 00:00:00-05:00,61.65332181124007,61.82620208877956,61.317167751471324,61.76617431640625,75864400,0.0,0.0,76.28586589647013,1.9815566572614713,54.85317985534668,48.031353092193605,100194820.0
2019-11-07 00:00:00-05:00,62.31285217221587,62.700595407259684,62.16112687805122,62.479026794433594,94940400,0.1925,0.0,78.31720432107986,2.043284520765148,55.11575988769531,48.16259479522705,99291160.0
2019-11-08 00:00:00-05:00,62.300803780835025,62.7222595989475,61.85767397402951,62.6500129699707,69986400,0.0,0.0,78.78659177775313,2.082001436136906,55.36504791259765,48.28868867874146,94450700.0
2019-11-11 00:00:00-05:00,62.20689431328376,63.21116685235938,62.202080319789076,63.14614486694336,81821200,0.0,0.0,80.1306575790129,2.128186162911611,55.62555511474609,48.418995265960696,93720380.0
2019-11-12 00:00:00-05:00,62.989591152239775,63.28822775645039,62.837873203264316,63.08833312988281,87388800,0.0,0.0,79.49857621637297,2.1355061816401104,55.899504776000974,48.550934638977054,93721820.0
2019-11-13 00:00:00-05:00,62.888439963309075,63.76747499464725,62.873990636188424,63.69281768798828,102734400,0.0,0.0,81.17103209413786,2.165125976656441,56.16878433227539,48.67335687637329,95163380.0
2019-11-14 00:00:00-05:00,63.519417983025704,63.79155922463415,63.12204679068359,63.252098083496094,89182800,0.0,0.0,76.28483797930643,2.128501449012802,56.409608383178714,48.79216375350952,96243260.0
2019-11-15 00:00:00-05:00,63.50256731633181,64.00831588526924,63.341214024330995,64.00350189208984,100206400,0.0,0.0,78.64511310510265,2.1354916363135814,56.66555679321289,48.91463274002075,96381900.0
2019-11-18 00:00:00-05:00,64.01311651070851,64.40567368628587,63.635016010866224,64.32620239257812,86703200,0.0,0.0,79.58483709414368,2.1423746818296223,56.923589096069335,49.03310388565063,96354700.0
2019-11-19 00:00:00-05:00,64.51889292314802,64.54297759366457,63.914409585956776,64.13115692138672,76167200,0.0,0.0,77.36873656194463,2.1077936721322814,57.16557098388672,49.14712385177612,96048380.0
2019-11-20 00:00:00-05:00,63.95050846949165,64.0805524112698,62.71262890433902,63.384552001953125,106234400,0.0,0.0,69.40215935581348,1.9971216205669364,57.35953353881836,49.257339553833006,97568660.0
2019-11-21 00:00:00-05:00,63.50497968466305,63.58204767524024,62.90048911733583,63.10038375854492,121395200,0.0,0.0,66.59158552152269,1.8649848357288477,57.55021354675293,49.3700493812561,100174660.0
2019-11-22 00:00:00-05:00,63.240067666749475,63.382157650570974,62.81861170894366,63.04499435424805,65325200,0.0,0.0,66.03027785307515,1.73578694828241,57.76062744140625,49.48224395751953,99767060.0
2019-11-25 00:00:00-05:00,63.26895253287637,64.16725825293672,63.22319387946589,64.15039825439453,84020400,0.0,0.0,71.24035467984704,1.7029628524510727,57.987626953125,49.60113317489624,99139440.0
2019-11-26 00:00:00-05:00,64.2877013825759,64.34068472209418,63.21840660292336,63.649497985839844,105207600,0.0,0.0,66.27960833024329,1.61788112799821,58.20076675415039,49.71577836990357,97257840.0
2019-11-27 00:00:00-05:00,63.96012738993233,64.53812978101467,63.895105428258134,64.50440979003906,65235600,0.0,0.0,70.1057679371106,1.6009823581436464,58.42106422424317,49.83554403305054,94293520.0
2019-11-29 00:00:00-05:00,64.20583397004111,64.54299741197234,64.0372485742696,64.36237335205078,46617600,0.0,0.0,68.7108176490557,1.5581672259321024,58.6472127532959,49.95386085510254,89666300.0
2019-12-02 00:00:00-05:00,64.36717100113304,64.6031890253518,63.44719827527335,63.618186950683594,94487200,0.0,0.0,61.77519084308671,1.4475004182392723,58.87398880004883,50.06890949249268,86834400.0
2019-12-03 00:00:00-05:00,62.20930043557878,62.503115708653056,61.722822542288654,62.48385238647461,114430400,0.0,0.0,52.99438151014007,1.2538116957710699,59.07332412719727,50.17767887115478,87392320.0
2019-12-04 00:00:00-05:00,62.873997512530956,63.413458716319425,62.78006952636724,63.03535079956055,67181600,0.0,0.0,56.25036832219528,1.131766995214285,59.28868377685547,50.28789514541626,86756520.0
2019-12-05 00:00:00-05:00,63.529082891614415,64.03483162167073,63.27380152922974,63.960166931152344,74424400,0.0,0.0,61.11460993117833,1.0970248044752395,59.506452102661136,50.40389116287231,86684520.0
2019-12-06 00:00:00-05:00,64.41773515061479,65.26546100190234,64.37437981221761,65.19561767578125,106075600,0.0,0.0,66.47678641458694,1.1558579075478121,59.754404067993164,50.52378881454468,87241280.0
2019-12-09 00:00:00-05:00,65.02462660501106,65.21728922547906,63.79879285948436,64.28286743164062,128042400,0.0,0.0,59.90437977743923,1.1159680638977463,59.989239349365235,50.637621517181394,90144080.0
2019-12-10 00:00:00-05:00,64.68746799612504,65.04149128263923,64.0275834068731,64.6585693359375,90420400,0.0,0.0,61.587826633640944,1.1019682748976223,60.20685729980469,50.753213596344,90574040.0
2019-12-11 00:00:00-05:00,64.73803916107421,65.28954641231785,64.66338184077233,65.21006774902344,78756800,0.0,0.0,63.97865269877284,1.1224359116263471,60.43252754211426,50.87091979980469,90142440.0
2019-12-12 00:00:00-05:00,64.48996866624496,65.64114490385342,64.37918804536231,65.37622833251953,137310400,0.0,0.0,64.69170964645889,1.1389354922297201,60.68855773925781,50.991506061553956,91871240.0
2019-12-13 00:00:00-05:00,65.37623737672222,66.30103115854632,65.2485967405498,66.26490783691406,133587600,0.0,0.0,68.3054032925188,1.209775004537562,60.95342933654785,51.11436731338501,94091480.0
2019-12-16 00:00:00-05:00,66.71045505717711,67.62321027270899,66.70564106368182,67.39923095703125,128186000,0.0,0.0,72.21444277432381,1.3419767516309804,61.21126182556152,51.24185171127319,95490460.0
2019-12-17 00:00:00-05:00,67.32939453528536,67.85922045100963,67.14394921761478,67.53169250488281,114158400,0.0,0.0,72.6388251052776,1.4408271698190447,61.47150329589844,51.37037967681885,96863220.0
2019-12-18 00:00:00-05:00,67.38478014032236,67.89052873128885,67.22101616979477,67.37033081054688,116028400,0.0,0.0,71.21194869983626,1.4889822378561774,61.7412915802002,51.499304180145266,98856280.0
2019-12-19 00:00:00-05:00,67.31250658669452,67.71710235790785,67.18005200015853,67.43773651123047,98369200,0.0,0.0,71.46411656015233,1.5151192018958568,61.99979804992676,51.630972404479984,98463020.0
2019-12-20 00:00:00-05:00,67.97000364021376,68.07114894305518,67.08614715319112,67.29808044433594,275978000,0.0,0.0,70.09415886317277,1.5071899096744374,62.24081672668457,51.76145389556885,106192160.0
2019-12-23 00:00:00-05:00,67.56056855635842,68.45646346454889,67.52203457271943,68.39625549316406,98572000,0.0,0.0,74.27092160505627,1.571405255451083,62.47440925598144,51.890289630889896,107854500.0
2019-12-24 00:00:00-05:00,68.562448734815,68.61061806486987,68.13617882730028,68.46129608154297,48478800,0.0,0.0,74.49809319167909,1.6089970946003262,62.710935287475586,52.01705577850342,106077420.0
2019-12-26 00:00:00-05:00,68.59375403067095,69.83644770700805,68.56485537418061,69.81958770751953,93121200,0.0,0.0,78.72313218723357,1.7284669889450015,62.977268295288084,52.14966024398804,105473100.0
2019-12-27 00:00:00-05:00,70.11099073385043,70.79736320865955,69.38849493923185,69.7930908203125,146266000,0.0,0.0,78.45008481460692,1.8002574167148282,63.24763343811035,52.279725608825686,109524620.0
2019-12-30 00:00:00-05:00,69.7112155576161,70.48910541724575,68.69009042144484,70.20732879638672,144114400,0.0,0.0,79.63906105443625,1.8690323491932332,63.52191345214844,52.409014587402346,114399460.0
2019-12-31 00:00:00-05:00,69.82440364292783,70.72752343141342,69.72566166410049,70.72029876708984,100805600,0.0,0.0,81.03452329168259,1.9425370107729378,63.80102645874023,52.538604679107664,114715380.0
2020-01-02 00:00:00-05:00,71.34405442839761,72.39408555090253,71.0911838210517,72.33387756347656,135480400,0.0,0.0,84.60804878373364,2.1067074956451677,64.09272178649903,52.67803796768189,115767880.0
2020-01-03 00:00:00-05:00,71.56322834377139,72.38928035156616,71.40668901147588,71.63066101074219,146322800,0.0,0.0,77.73378016150319,2.1552259853338285,64.37299377441406,52.8120131111145,119724940.0
2020-01-06 00:00:00-05:00,70.75401351048198,72.23994237629597,70.50354624985978,72.20140838623047,118387200,0.0,0.0,79.21018343149521,2.214207772333026,64.64921783447265,52.94058549880982,121923080.0
2020-01-07 00:00:00-05:00,72.21107183045073,72.46635318310075,71.64271179235746,71.86186981201172,108872000,0.0,0.0,75.98242134617891,2.2080997388781185,64.91673011779785,53.07227355957031,122062900.0
2020-01-08 00:00:00-05:00,71.56559876638666,73.31885447118653,71.56559876638666,73.01781463623047,132079200,0.0,0.0,79.10426291762619,2.270362835523443,65.19295478820801,53.21249341964722,122264740.0
2020-01-09 00:00:00-05:00,73.99318724898775,74.76144156312063,73.74272737606113,74.56877899169922,170108400,0.0,0.0,82.40826112693526,2.4169950354906717,65.4883373260498,53.36279144287109,126249140.0
2020-01-10 00:00:00-05:00,74.80238740809561,75.30091119032697,74.23643098983341,74.73735809326172,140644800,0.0,0.0,82.72793921364048,2.5177816158119697,65.81475219726562,53.51193069458008,129343540.0
2020-01-13 00:00:00-05:00,75.05286332420356,76.36057889021191,74.93485068528152,76.3340835571289,121532000,0.0,0.0,85.42884415972333,2.6954269038842966,66.1732455444336,53.668755798339845,128554620.0
2020-01-14 00:00:00-05:00,76.27149402827726,76.48101668324267,75.18052540962947,75.3033447265625,161954400,0.0,0.0,77.05249246666207,2.7216663892076554,66.48471199035644,53.818961715698244,129972960.0
2020-01-15 00:00:00-05:00,75.10343270524221,75.98246770801262,74.54951490172726,74.98060607910156,121923600,0.0,0.0,74.58646770068019,2.6854627162110347,66.75581993103027,53.96601697921753,129659840.0
2020-01-16 00:00:00-05:00,75.52248200660513,76.03064118697364,75.16123412136378,75.91985321044922,108829200,0.0,0.0,76.90320139825312,2.7014201485153677,67.0376448059082,54.11445636749268,129393380.0
2020-01-17 00:00:00-05:00,76.16790890123319,76.7627640392473,75.86205500785368,76.76036071777344,137816400,0.0,0.0,78.76845972487003,2.750186027417655,67.33805679321289,54.2655136680603,130482780.0
2020-01-21 00:00:00-05:00,76.38948797518701,76.8302072165908,76.10289736234121,76.24017333984375,110843200,0.0,0.0,74.74524100765012,2.71555533227928,67.62753677368164,54.413564949035646,131106480.0
2020-01-22 00:00:00-05:00,76.72423978617735,77.06381371935198,76.41838585398544,76.51231384277344,101832400,0.0,0.0,75.45165859143158,2.6791857356692077,67.90820251464844,54.56141624450684,122399200.0
2020-01-23 00:00:00-05:00,76.56528622859716,76.96024675038308,76.01859307367198,76.88077545166016,104472000,0.0,0.0,76.41363204265485,2.6495519551517646,68.19281776428222,54.70741640090942,122694200.0
2020-01-24 00:00:00-05:00,77.12644008388187,77.86819933392093,76.46896614550444,76.65922546386719,146537600,0.0,0.0,74.52262457803556,2.578466778168547,68.4630793762207,54.853023586273196,127597140.0
2020-01-27 00:00:00-05:00,74.67234921705278,75.08416976822737,73.42484155700832,74.405029296875,161940000,0.0,0.0,58.62564275755282,2.313567110194654,68.68941329956054,54.986025409698485,131038080.0
2020-01-28 00:00:00-05:00,75.28406920782065,76.68089158109271,75.18532722614749,76.50990295410156,162234000,0.0,0.0,65.93326456186617,2.247569347427543,68.94575500488281,55.13154140472412,131836480.0
2020-01-29 00:00:00-05:00,78.13794553717628,78.95677286932231,77.39858953140283,78.1114501953125,216229200,0.0,0.0,70.24024204912612,2.298007126923963,69.24294204711914,55.28516038894654,135442220.0
2020-01-30 00:00:00-05:00,77.19627050016777,78.05122092954578,76.76517927864235,77.99823760986328,126743200,0.0,0.0,69.57065382533614,2.302304586927491,69.52283676147461,55.43778440475464,136739100.0
2020-01-31 00:00:00-05:00,77.29019858022654,77.71165450707113,74.24608645041388,74.53990173339844,199588400,0.0,0.0,52.96174100346129,2.003555808044993,69.72711074829101,55.57309288024902,139944500.0
2020-02-03 00:00:00-05:00,73.28514366287956,75.498389394716,72.78421654858387,74.33517456054688,173788400,0.0,0.0,52.16775963873049,1.7303293172623313,69.93119110107422,55.702755012512206,141317780.0
2020-02-04 00:00:00-05:00,75.93673642473705,76.9795430880588,75.53214043347742,76.7892837524414,136616400,0.0,0.0,59.92376419919897,1.6923135199368886,70.19928573608398,55.84381788253784,142229240.0
2020-02-05 00:00:00-05:00,77.91393700101683,78.21257356762338,76.81334075627086,77.41542053222656,118826800,0.0,0.0,61.633125136735316,1.6931916723293199,70.48558647155761,55.98721323013306,142726980.0
2020-02-06 00:00:00-05:00,77.6851684350144,78.32337167005116,77.12884718583062,78.32096099853516,105425600,0.0,0.0,64.02310303615266,1.7468208981846942,70.79110580444336,56.13162158966065,141394300.0
2020-02-07 00:00:00-05:00,77.82123085871221,78.06987612347613,76.76629893571341,77.25634765625,117684000,0.1925,0.0,59.342797547793104,1.6840048865992543,71.05322479248046,56.27108814239502,138773080.0
2020-02-10 00:00:00-05:00,75.84417079645658,77.6233139038086,75.76451086097089,77.6233139038086,109348800,0.0,0.0,60.41694930595262,1.6448727846028106,71.33270111083985,56.41462938308716,137208280.0
2020-02-11 00:00:00-05:00,78.11819639978289,78.1906145236601,76.93772941121844,77.15499114990234,94323200,0.0,0.0,58.30004671088799,1.5581096612500858,71.5857127380371,56.5569966506958,135847840.0
2020-02-12 00:00:00-05:00,77.60399117788235,78.99206144129231,77.60399117788235,78.98723602294922,113730400,0.0,0.0,63.664184600011176,1.6185386039233123,71.87820999145508,56.70815580368042,133436640.0
2020-02-13 00:00:00-05:00,78.26059867524006,78.75064746940821,78.05782062596876,78.42475128173828,94747600,0.0,0.0,61.06711446660827,1.602567755107188,72.17434127807617,56.861196746826174,132077840.0
2020-02-14 00:00:00-05:00,78.39337649475979,78.6927218682662,77.93712767417983,78.44407653808594,80113600,0.0,0.0,61.12578895157263,1.5733337173091257,72.4935457611084,57.002598724365235,130642060.0
2020-02-18 00:00:00-05:00,76.12900107799734,77.1887659353896,75.94794846047884,77.0077133178711,152531200,0.0,0.0,54.54590085316396,1.417918146284265,72.77299301147461,57.13845123291016,131377800.0
2020-02-19 00:00:00-05:00,77.24910650127589,78.35232207158896,77.24910650127589,78.12298583984375,93984000,0.0,0.0,58.29941127572872,1.3689628072479678,73.05624938964844,57.27678234100342,130534840.0
2020-02-20 00:00:00-05:00,77.88401513292217,78.37164756799683,76.81700838375629,77.32154083251953,100566000,0.0,0.0,54.797518289425106,1.2510738338318816,73.2987678527832,57.4150022315979,130471520.0
2020-02-21 00:00:00-05:00,76.91599243144344,77.35776502195542,74.95579692410486,75.57137298583984,129554000,0.0,0.0,48.014790388528574,1.004838897274098,73.52453796386719,57.551167030334476,131725620.0
2020-02-24 00:00:00-05:00,71.75961758398634,73.43012593023869,69.82114748147725,71.98170471191406,222195200,0.0,0.0,37.7058963947456,0.5141133280079515,73.67100067138672,57.66933584213257,135508500.0
2020-02-25 00:00:00-05:00,72.6503953158895,73.03180965186876,69.07279323243056,69.54352569580078,230673600,0.0,0.0,32.58800804406742,-0.07071572416124638,73.75766983032227,57.777911014556885,138945180.0
2020-02-26 00:00:00-05:00,69.1693328941365,71.90926363042658,69.16209108503992,70.64672088623047,198054800,0.0,0.0,36.769936596022795,-0.44010507207535454,73.86307968139648,57.895315189361575,140736220.0
2020-02-27 00:00:00-05:00,67.85854496748809,69.04142098650374,65.89351637245633,66.02870178222656,320605600,0.0,0.0,28.734186771667993,-1.0928862267767556,73.85835556030274,58.0033355140686,145955040.0
2020-02-28 00:00:00-05:00,62.103468343907636,67.20915102510166,61.88861568726967,65.99005889892578,426510000,0.0,0.0,28.677709141688553,-1.5949525326690548,73.83017211914063,58.10764633178711,160943380.0
2020-03-02 00:00:00-05:00,68.14338895911868,72.7686815326321,67.0425894386722,72.1337890625,341397200,0.0,0.0,46.63625433586051,-1.4800350950896473,73.92221405029296,58.239972820281984,168033820.0
2020-03-03 00:00:00-05:00,73.30700681770827,73.3866667341741,68.99311992366323,69.84286499023438,319475600,0.0,0.0,42.35372159989785,-1.5558853466815066,73.97166473388671,58.36184938430786,175318180.0
2020-03-04 00:00:00-05:00,71.56164999828624,73.24181619852034,70.76260504877715,73.08248901367188,219178400,0.0,0.0,49.42619406841157,-1.3391497488033934,74.08455978393555,58.50121570587158,179446280.0
2020-03-05 00:00:00-05:00,71.33956494467967,72.31242082695749,70.34740002247567,70.71192169189453,187572800,0.0,0.0,45.0688776404439,-1.343186776148329,74.15283660888672,58.63579761505127,182883580.0
2020-03-06 00:00:00-05:00,68.07578380592835,70.20496434412061,67.88990577178768,69.7728500366211,226176800,0.0,0.0,43.43531415014591,-1.405954416498517,74.18036849975586,58.76148614883423,188921140.0
2020-03-09 00:00:00-04:00,63.670171942415024,67.13189718407227,63.489119320777824,64.2543716430664,286744800,0.0,0.0,35.330935704657634,-1.8793295687772797,74.09623001098633,58.864151058197024,197374180.0
2020-03-10 00:00:00-04:00,66.90256079781972,69.14761010810192,65.02685113261988,68.88206481933594,285290000,0.0,0.0,44.65646581844671,-1.8596299666861142,74.07747955322266,58.993685989379884,206171240.0
2020-03-11 00:00:00-04:00,66.96292517997638,67.88749740945617,65.62795665733853,66.4897689819336,255598800,0.0,0.0,41.33782970625797,-2.0138418555905275,74.01141311645507,59.11208473205566,214235020.0
2020-03-12 00:00:00-04:00,61.78481034349421,65.17894285229022,59.86806602728879,59.923587799072266,418474000,0.0,0.0,33.89281461438178,-2.635511300452265,73.80573829650879,59.19853761672974,229472200.0
2020-03-13 00:00:00-04:00,63.94538103600016,67.57367559511492,61.06301877546382,67.10293579101562,370732000,0.0,0.0,45.45916883443159,-2.5198284182891797,73.7333910369873,59.32190380096436,243271420.0
2020-03-16 00:00:00-04:00,58.40756965352153,62.54280864814437,57.93683361708763,58.4703369140625,322423600,0.0,0.0,37.06223600597709,-3.0891180544335555,73.45612022399902,59.40100673675537,255386920.0
2020-03-17 00:00:00-04:00,59.74978379495811,62.187957132183904,57.55059758461941,61.04129409790039,324056000,0.0,0.0,40.58231860873761,-3.2948484720247677,73.24433288574218,59.49682754516601,263963160.0
2020-03-18 00:00:00-04:00,57.881318208922394,60.35087498179023,57.24159672400037,59.547000885009766,300233600,0.0,0.0,39.20966688093019,-3.5376880187780984,72.99124473571777,59.587293815612796,274275640.0
2020-03-19 00:00:00-04:00,59.72080339842934,61.036451553451855,58.56689512385312,59.09074020385742,271857200,0.0,0.0,38.77837133418455,-3.724028253405784,72.73582214355469,59.66789609909058,282840200.0
2020-03-20 00:00:00-04:00,59.67012006159394,60.79264863512061,55.04000233501268,55.3393440246582,401693200,0.0,0.0,35.33667843091368,-4.126838921572656,72.38225273132325,59.72627298355103,296447160.0
2020-03-23 00:00:00-04:00,55.05932030955582,55.160709355187784,51.324807219579434,54.16371154785156,336752800,0.0,0.0,34.30900759051153,-4.489184469749816,71.9741513824463,59.77556640625,302175040.0
2020-03-24 00:00:00-04:00,57.05813597182242,59.793238287645494,56.56084531140466,59.59770202636719,287531200,0.0,0.0,42.61612189459989,-4.288433912687935,71.6713582611084,59.846133422851565,305017920.0
2020-03-25 00:00:00-04:00,60.53192162528101,62.3424476958278,58.97486994131572,59.26938247680664,303602000,0.0,0.0,42.268327974626835,-4.108470404268928,71.33006423950195,59.912152519226076,310295280.0
2020-03-26 00:00:00-04:00,59.51079165439952,62.446255405203736,59.472166210481355,62.38832092285156,252087200,0.0,0.0,46.71701024366399,-3.671848971443964,71.07176376342774,59.99109920501709,306869360.0
2020-03-27 00:00:00-04:00,61.014739603264104,61.76791740598874,59.638740277699725,59.8053092956543,204216800,0.0,0.0,43.71280131287584,-3.493974429133104,70.76825782775879,60.05787233352661,295754700.0
2020-03-30 00:00:00-04:00,60.529509863529455,61.683418202528024,60.206026401052306,61.512020111083984,167976400,0.0,0.0,46.175728185729284,-3.178648789007596,70.48010116577149,60.13322687149048,287083660.0
2020-03-31 00:00:00-04:00,61.70272768965909,63.365993747799614,60.833673734330254,61.3864860534668,197002000,0.0,0.0,46.01623604628373,-2.9053889810951645,70.17262367248536,60.20964012145996,280959980.0
2020-04-01 00:00:00-04:00,59.50596558883749,60.04188167908633,57.726822887688364,58.15652084350586,176218400,0.0,0.0,41.99682053247368,-2.9158477354501713,69.8109506225586,60.268528099060056,278811980.0
2020-04-02 00:00:00-04:00,58.018908282578614,59.18005836764035,57.18847976805371,59.126949310302734,165934000,0.0,0.0,43.59104772364336,-2.813399785123991,69.46324333190918,60.32681446075439,277730040.0
2020-04-03 00:00:00-04:00,58.61278008138311,59.31284887197434,57.68820408379941,58.27722930908203,129880000,0.0,0.0,42.48981218077425,-2.7688566926852047,69.09117240905762,60.38154588699341,272915200.0
2020-04-06 00:00:00-04:00,60.568131689303875,63.51566611882468,60.20120105165565,63.36117172241211,201820400,0.0,0.0,50.540645278165066,-2.296847676261706,68.82521133422851,60.4597953414917,268668980.0
2020-04-07 00:00:00-04:00,65.3720644929947,65.58933353543772,62.52350615550967,62.6273078918457,202887200,0.0,0.0,49.4642130651962,-1.9594069840518742,68.58965690612793,60.53518880844116,264548840.0
2020-04-08 00:00:00-04:00,63.42634690897305,64.54404618126709,63.06183266990903,64.230224609375,168895200,0.0,0.0,51.875200752695605,-1.5448329487677412,68.3440633392334,60.61883600234985,260213660.0
2020-04-09 00:00:00-04:00,64.86511973614601,65.19584133375365,63.899505790640596,64.69371795654297,161834800,0.0,0.0,52.57969512994023,-1.1654454695115817,68.075708694458,60.708400650024416,247381700.0
2020-04-13 00:00:00-04:00,64.77096719479518,66.07213548949194,64.17228391165321,65.9635009765625,131022800,0.0,0.0,54.542966722216775,-0.7536299047422474,67.83501396179199,60.79925512313843,235396240.0
2020-04-14 00:00:00-04:00,67.59298426311395,69.58456326372355,67.12224446160415,69.29487609863281,194994800,0.0,0.0,59.30346272999986,-0.15664328551574158,67.73011344909668,60.906838264465335,229024800.0
2020-04-15 00:00:00-04:00,68.17234288135833,69.1210568119712,67.74506136385055,68.66239166259766,131154400,0.0,0.0,58.06026244873977,0.2624117834881474,67.6166577911377,61.013435707092285,219379720.0
2020-04-16 00:00:00-04:00,69.37454631683273,69.57249897577765,68.16028687860133,69.20797729492188,157125200,0.0,0.0,58.86140222884036,0.6312633349046592,67.46503166198731,61.11841953277588,212224300.0
2020-04-17 00:00:00-04:00,68.72515410233876,69.27072829912615,66.83496081662895,68.2688980102539,215250000,0.0,0.0,56.8484868547883,0.8381434013696776,67.28210121154785,61.21729671478271,209393940.0
2020-04-20 00:00:00-04:00,67.09811161151838,67.99854202997274,66.83256626499734,66.85187530517578,130015200,0.0,0.0,53.85563450423536,0.8776385835070499,67.05271949768067,61.30707950592041,195810040.0
2020-04-21 00:00:00-04:00,66.69494058852548,66.92910221467082,64.07571185080862,64.78543853759766,180991600,0.0,0.0,49.74292795926802,0.7337365643092113,66.80330131530762,61.386745376586916,188021980.0
2020-04-22 00:00:00-04:00,66.0504275035955,67.08605088562258,65.7100549516025,66.65152740478516,116862400,0.0,0.0,53.21730313954099,0.7614929368009768,66.58386558532715,61.48077684402466,179488540.0
2020-04-23 00:00:00-04:00,66.59599709494192,68.01545116760279,66.35459354155203,66.39321899414062,124814400,0.0,0.0,52.67446472862782,0.7539556011599018,66.36863014221191,61.57205762863159,170549160.0
2020-04-24 00:00:00-04:00,66.91704870248016,68.31960235496462,66.86876505886688,68.30994415283203,126161200,0.0,0.0,56.24133832256335,0.8923593468505686,66.15508430480958,61.670542011260984,164252860.0
2020-04-27 00:00:00-04:00,68.02750920842628,68.68895986495261,67.58091858862758,68.35823822021484,117087600,0.0,0.0,56.33064574964165,0.9944785108512804,65.9537540435791,61.77103797912598,159896400.0
2020-04-28 00:00:00-04:00,68.81931364694016,69.00036629064134,67.1584635837108,67.25019073486328,112004800,0.0,0.0,53.626368545253534,0.9747620620391615,65.72987632751465,61.86413986206055,157097820.0
2020-04-29 00:00:00-04:00,68.73481966758834,69.92735352024151,68.53204161617626,69.45903015136719,137280800,0.0,0.0,57.959164800528164,1.1244100164283992,65.57890266418457,61.96600156784058,154111760.0
2020-04-30 00:00:00-04:00,69.99736587702316,71.10058178322025,69.60870972779222,70.92435455322266,183064000,0.0,0.0,60.58979713049312,1.3457337504548406,65.43493003845215,62.07603904724121,154454040.0
2020-05-01 00:00:00-04:00,69.10174168301795,72.17963585405194,69.00518177066984,69.78250122070312,240616800,0.0,0.0,57.5669031882336,1.4127115240870438,65.28414924621582,62.181742687225345,158188180.0
2020-05-04 00:00:00-04:00,69.8066465413913,70.8977876030395,69.11864515995262,70.76984405517578,133568000,0.0,0.0,59.45076240083176,1.527850102485175,65.18811866760254,62.28962024688721,158372580.0
2020-05-05 00:00:00-04:00,71.2285300116976,72.66246767070962,71.08368641004002,71.83203887939453,147751200,0.0,0.0,61.43441025888231,1.685380483475683,65.18512535095215,62.40648056030273,155669120.0
2020-05-06 00:00:00-04:00,72.5321011645588,73.20320267035598,72.14827044329485,72.5731430053711,142333600,0.0,0.0,62.80171261918038,1.848714524403988,65.24571769714356,62.521508846282956,152641440.0
2020-05-07 00:00:00-04:00,73.19836352852457,73.66910326152602,72.89660917840814,73.32389068603516,115215200,0.0,0.0,64.18689209878448,2.0155035221711017,65.29926109313965,62.63835334777832,149957440.0
2020-05-08 00:00:00-04:00,73.98230402182824,75.12239040799929,73.65552559886389,75.06913757324219,133838400,0.205,0.0,67.24085153569192,2.2624319356727227,65.48006980895997,62.76412738800049,148557620.0
2020-05-11 00:00:00-04:00,74.57775171164975,76.74415709638575,74.36957888241814,76.2503662109375,145946400,0.0,0.0,69.15787456889677,2.5243407328970164,65.6852759552002,62.8977809715271,149303800.0
2020-05-12 00:00:00-04:00,76.93297679324957,77.3832066763356,75.25794640867731,75.37897491455078,162301200,0.0,0.0,66.08556301033352,2.6312598212339395,65.75017967224122,63.02621650695801,147669120.0
2020-05-13 00:00:00-04:00,75.55809815483286,76.47791927324582,73.39410778103768,74.46884155273438,200622400,0.0,0.0,62.940493415669124,2.6124392396865375,65.84269920349121,63.14778106689453,151142520.0
2020-05-14 00:00:00-04:00,73.70876155896555,74.98682191354754,72.98742921457588,74.92630767822266,158929200,0.0,0.0,63.8712062811256,2.6044154067218273,65.87957557678223,63.272709407806396,151232720.0
2020-05-15 00:00:00-04:00,72.70182424718615,74.52935171327063,72.6679327201148,74.48336029052734,166348400,0.0,0.0,62.24126345171212,2.533114145902317,65.95500434875488,63.39032796859741,148787640.0
2020-05-18 00:00:00-04:00,75.80497413426188,76.61102048338427,75.11511038710799,76.23825073242188,135178400,0.0,0.0,65.94877521871669,2.588375197366915,66.0843123626709,63.52223461151123,149045800.0
2020-05-19 00:00:00-04:00,76.25520568719914,77.09998213452099,75.76625327530091,75.79772186279297,101729600,0.0,0.0,64.24346616265947,2.56703183558254,66.31517936706543,63.657213039398194,145082700.0
2020-05-20 00:00:00-04:00,76.65460086911052,77.34204178986873,76.61587086677298,77.2718505859375,111504800,0.0,0.0,67.29139037957981,2.6386502185312963,66.48297508239746,63.81233549118042,144814820.0
2020-05-21 00:00:00-04:00,77.1338852173559,77.67367499164858,76.45854411277335,76.69576263427734,102688800,0.0,0.0,64.96094383469969,2.6187356652273053,66.68709495544434,63.96020013809204,143708540.0
2020-05-22 00:00:00-04:00,76.43432834001963,77.27185079219365,76.33266854723075,77.1895523071289,81803200,0.0,0.0,66.0463783865746,2.6126805826641686,67.03241424560547,64.10809381484985,141490640.0
2020-05-26 00:00:00-04:00,78.30541740950063,78.48453717513182,76.61101888750217,76.66669464111328,125522000,0.0,0.0,63.79291828436258,2.5364529909719806,67.22368942260742,64.2481227684021,141912360.0
2020-05-27 00:00:00-04:00,76.52388732434491,77.14596806852482,75.78560919845494,77.000732421875,112945200,0.0,0.0,64.6233694970481,2.4744719601517176,67.59429733276367,64.39182683944702,141959380.0
2020-05-28 00:00:00-04:00,76.67638285095582,78.29090607267398,76.4004417495467,77.03462982177734,133560800,0.0,0.0,64.71182102296665,2.400416278901247,67.91416404724121,64.53631265640259,141773380.0
2020-05-29 00:00:00-04:00,77.27671175329887,77.73661866221555,76.60379346248526,76.9596176147461,153532400,0.0,0.0,64.3285176439322,2.3090563949800043,68.26241638183593,64.67023073196411,140296800.0
2020-06-01 00:00:00-04:00,76.91361639836452,78.0270801430567,76.78290354210658,77.90605163574219,80791200,0.0,0.0,66.98560284781499,2.286663115577227,68.63872261047364,64.81634840011597,132305520.0
2020-06-02 00:00:00-04:00,77.63978920771235,78.2909231828301,77.19924365819143,78.26671600341797,87642800,0.0,0.0,67.96488576506646,2.2718306312377763,69.09727005004883,64.96548194885254,130009260.0
2020-06-03 00:00:00-04:00,78.58622664893751,78.9589964979716,78.0149682866651,78.69757080078125,104491200,0.0,0.0,69.14243438299573,2.268690114451104,69.58794723510742,65.11105516433716,127846260.0
2020-06-04 00:00:00-04:00,78.5208656190316,78.81859097042819,77.6470360985682,78.01980590820312,87560400,0.0,0.0,65.08926496793701,2.1863088621253723,69.95638931274414,65.2486173439026,125107600.0
2020-06-05 00:00:00-04:00,78.26912701737099,80.30240419943048,78.2400813612976,80.24188995361328,137250400,0.0,0.0,71.07582299668788,2.2741102109384883,70.37583946228027,65.39727798461914,126209360.0
2020-06-08 00:00:00-04:00,79.93931540745123,80.75020774515244,79.23009024878114,80.71631622314453,95654400,0.0,0.0,72.17300200790994,2.3548306258294645,70.74239936828613,65.54557348251343,124300160.0
2020-06-09 00:00:00-04:00,80.3968056767083,83.65730597576551,80.36533708864444,83.26517486572266,147712400,0.0,0.0,77.18110069165195,2.5945651944445274,71.2115966796875,65.7068293762207,124388460.0
2020-06-10 00:00:00-04:00,84.21162466782144,85.87455499385788,83.77350211039672,85.40738677978516,166651600,0.0,0.0,80.37750755810741,2.92371242859015,71.68950401306152,65.8905858039856,124605980.0
2020-06-11 00:00:00-04:00,84.55292316229209,84.97652287764004,81.20527837641917,81.30693817138672,201662400,0.0,0.0,62.368612360479005,2.821171342095923,72.08791305541992,66.04921783447266,124657980.0
2020-06-12 00:00:00-04:00,83.44188410385023,84.18741636682982,80.90028576320306,82.00890350341797,200146000,0.0,0.0,63.861382847895705,2.764680017715804,72.56496070861816,66.21415699005126,126718820.0
2020-06-15 00:00:00-04:00,80.6654845616587,83.6742509001126,80.50330314287096,83.02311706542969,138808800,0.0,0.0,65.96226591743445,2.7698200332740157,73.0428840637207,66.38252244949341,125341840.0
2020-06-16 00:00:00-04:00,85.07333742619001,85.49452156139306,83.44187587324252,85.2234115600586,165428800,0.0,0.0,70.03247986908289,2.917804278274076,73.58180770874023,66.55771144866944,126854360.0
2020-06-17 00:00:00-04:00,85.96654258564811,86.02705683600927,84.98379175074255,85.10482025146484,114406400,0.0,0.0,69.5497447769612,2.991034744431616,74.01668067932128,66.73263162612915,127488200.0
2020-06-18 00:00:00-04:00,85.06122714286937,85.55502535124322,84.53112187218672,85.13868713378906,96820400,0.0,0.0,69.61415987245132,3.0170248068836685,74.46690826416015,66.9113708114624,126753980.0
2020-06-19 00:00:00-04:00,85.84311508911084,86.3078604847737,83.54598867934699,84.65219116210938,264476000,0.0,0.0,67.4081972789788,2.964196546882974,74.87534759521485,67.08348756790161,134843340.0
2020-06-22 00:00:00-04:00,85.0443003318489,87.00980187063504,84.99830891368086,86.86698913574219,135445200,0.0,0.0,71.79078930712882,3.0657059074926423,75.31881301879883,67.26176803588868,137525440.0
2020-06-23 00:00:00-04:00,88.1087341820106,90.1371727058119,87.6899729783668,88.72113800048828,212155600,0.0,0.0,74.8408832602733,3.258208525015661,75.77396575927735,67.44934331893921,141857120.0
2020-06-24 00:00:00-04:00,88.35079128217394,89.26818923809188,86.78225950639512,87.155029296875,192623200,0.0,0.0,68.1392365005828,3.2469673341825995,76.13116882324219,67.62799552917481,145841020.0
2020-06-25 00:00:00-04:00,87.30996818337783,88.3508103921037,86.55232854521968,88.31208038330078,137522400,0.0,0.0,70.2582078162676,3.2934580282113757,76.52416259765624,67.80939561843871,146039100.0
2020-06-26 00:00:00-04:00,88.20796811592135,88.42824081207692,85.45093609470156,85.59859466552734,205256800,0.0,0.0,60.154182674946334,3.0758896767795108,76.85197494506836,67.9689564704895,148625320.0
2020-06-29 00:00:00-04:00,85.50661981464565,87.66577111516035,85.02976731524565,87.57136535644531,130646000,0.0,0.0,64.18669332335821,3.027749289300374,77.23802429199219,68.13898138046265,151118060.0
2020-06-30 00:00:00-04:00,87.15985911945725,88.58800096545747,87.1404978146636,88.3023681640625,140223200,0.0,0.0,65.57687081104802,3.013841810381038,77.66703414916992,68.31787172317505,153747080.0
2020-07-01 00:00:00-04:00,88.37985592496987,88.92206127344404,88.08696900587378,88.1353759765625,110737200,0.0,0.0,64.95655817666182,2.9552785477191037,78.13403289794923,68.49454648971557,154059380.0
2020-07-02 00:00:00-04:00,89.04067423366814,89.67486242954287,88.02161627129679,88.1353759765625,114041600,0.0,0.0,64.95655817666182,2.875717261613957,78.56370986938477,68.67026082992554,155383440.0
2020-07-06 00:00:00-04:00,89.56109809240039,90.96018738333704,89.52962949763806,90.4930191040039,118655600,0.0,0.0,69.6563539067246,2.968685309599664,79.04570587158203,68.85527824401855,154453700.0
2020-07-07 00:00:00-04:00,90.87060685450933,91.64760765010688,90.10086747244101,90.21221160888672,112424400,0.0,0.0,68.4783657424705,2.985291754313039,79.48375122070313,69.04106456756591,155292200.0
2020-07-08 00:00:00-04:00,91.18770707353977,92.34473915860562,91.10056271828748,92.31327056884766,117092000,0.0,0.0,72.25863123566897,3.13188792570287,79.96285186767578,69.24123399734498,153761180.0
2020-07-09 00:00:00-04:00,93.20405713951583,93.25730998199144,91.6645779630297,92.71026611328125,125642800,0.0,0.0,72.91948084624634,3.2427206056844398,80.47205337524414,69.44219989776612,151710740.0
2020-07-10 00:00:00-04:00,92.30602397781523,92.93053523193312,91.6960429410668,92.8724365234375,90257200,0.0,0.0,73.20033111712735,3.3055379163869105,80.94032150268555,69.64522523880005,146140480.0
2020-07-13 00:00:00-04:00,94.17469096863013,96.77922651804644,92.23097365442625,92.44398498535156,191649200,0.0,0.0,71.102279541051,3.2829053400656107,81.37071411132813,69.84208641052246,145715640.0
2020-07-14 00:00:00-04:00,91.82672629574613,94.16499745387678,90.89481289415856,93.9737777709961,170989200,0.0,0.0,73.97092832410706,3.3497959900639955,81.85453964233399,70.04796520233154,147324660.0
2020-07-15 00:00:00-04:00,95.84488685944433,96.09420527190387,93.42431687945134,94.62007904052734,153198000,0.0,0.0,75.09572687567857,3.415585677631441,82.33154434204101,70.258360080719,146713120.0
2020-07-16 00:00:00-04:00,93.49450240060445,94.31023318785083,92.85789140298706,93.45577239990234,110577600,0.0,0.0,69.28695163808048,3.3353270891215203,82.76401901245117,70.45675058364868,146521680.0
2020-07-17 00:00:00-04:00,93.90601706451432,94.06092970486094,92.79496892260524,93.26698303222656,92186800,0.0,0.0,68.36355387271514,3.219376882592641,83.17789581298828,70.6534527206421,146290000.0
2020-07-20 00:00:00-04:00,93.35412562962276,95.37045717183655,93.01040144233045,95.23248291015625,90318000,0.0,0.0,72.47623780444789,3.2486366611003916,83.61606765747071,70.86674154281616,137582100.0
2020-07-21 00:00:00-04:00,96.02158177786353,96.09661884897764,93.66878769091768,93.91810607910156,103433200,0.0,0.0,66.27185837192714,3.1296889151622196,83.99304702758789,71.07122543334961,135981500.0
2020-07-22 00:00:00-04:00,93.62038702393836,94.86214066616996,93.53325004616464,94.18196105957031,89001600,0.0,0.0,66.88471832862868,3.02187852672769,84.35167892456055,71.26959720611572,129823800.0
2020-07-23 00:00:00-04:00,93.91567346927818,93.99313346599342,89.08664175912257,89.89511108398438,197004400,0.0,0.0,50.74996718930006,2.5610033978307882,84.64200164794921,71.44647466659546,130042860.0
2020-07-24 00:00:00-04:00,88.09664593771886,90.01615612762265,86.31267968652797,89.67243194580078,185438800,0.0,0.0,50.07423344237011,2.152970093252108,84.94607345581055,71.62543224334716,132438680.0
2020-07-27 00:00:00-04:00,90.7326345162056,91.88966654711753,90.50994623863684,91.79768371582031,121214000,0.0,0.0,56.08425020137489,1.978286362278908,85.2835009765625,71.81185859680176,128236540.0
2020-07-28 00:00:00-04:00,91.36925259131361,91.54595685387366,90.28483461346657,90.28968048095703,103625600,0.0,0.0,51.359804387839034,1.6985847610170168,85.59962738037109,71.98707126617431,126885520.0
2020-07-29 00:00:00-04:00,90.7713632677891,92.20434377285328,90.73505619988047,92.02037811279297,90329200,0.0,0.0,55.94644320326448,1.5981495880834444,85.91526992797851,72.16359001159668,124390820.0
2020-07-30 00:00:00-04:00,91.19496376791191,93.23792519284922,90.78830982976133,93.13384246826172,158130000,0.0,0.0,58.648125243672986,1.5900718987503097,86.26199234008789,72.34608425140381,126760460.0
2020-07-31 00:00:00-04:00,99.61612680199143,103.03397001244983,97.62157236005555,102.88389587402344,374336800,0.0,0.0,73.8000781654379,2.343404785359155,86.77423324584962,72.57798904418945,139775220.0
2020-08-03 00:00:00-04:00,104.76226254133908,108.09054616095987,104.4645371706777,105.47633361816406,308151200,0.0,0.0,76.2879527571024,3.1137215418034287,87.34984466552734,72.82399654388428,149250000.0
2020-08-04 00:00:00-04:00,105.66511213347285,107.26995077307812,104.94377981745819,106.18069458007812,173071600,0.0,0.0,76.92896624680395,3.737950398750854,87.92966751098633,73.07243337631226,152282360.0
2020-08-05 00:00:00-04:00,105.90235611566642,106.88510690463526,105.43760344433963,106.56558990478516,121776800,0.0,0.0,77.29024515250046,4.215124766720493,88.52764541625976,73.32143808364869,152516600.0
2020-08-06 00:00:00-04:00,106.89719478834881,110.77736760867772,106.30899814130089,110.2835693359375,202428800,0.0,0.0,80.47146853808569,4.837534670415735,89.19330215454102,73.58411037445069,156355900.0
2020-08-07 00:00:00-04:00,109.80586800423681,110.26175680038186,106.98082124977309,107.77619934082031,198045600,0.205,0.0,73.04055963134002,5.070031037855188,89.80813354492187,73.83490606307983,161745320.0
2020-08-10 00:00:00-04:00,109.21904600684799,110.35876815700075,106.69711566216836,109.34272003173828,212403600,0.0,0.0,74.61757360100448,5.319372793525076,90.45579559326171,74.08966863632202,162783040.0
2020-08-11 00:00:00-04:00,108.60795666047292,109.10506522291367,105.83140397675015,106.09087371826172,187902400,0.0,0.0,65.98837153817587,5.1946998444019385,91.0194920349121,74.32769172668458,163628700.0
2020-08-12 00:00:00-04:00,107.17966637873178,109.87377217439806,106.98567459916234,109.61672973632812,165598000,0.0,0.0,70.03475136080081,5.319087616821847,91.6464923095703,74.5797424697876,164248700.0
2020-08-13 00:00:00-04:00,110.99406187884408,112.55814702285623,110.50664785344017,111.55664825439453,210082000,0.0,0.0,72.00797850776848,5.510677375950195,92.30367385864258,74.83852745056153,169223920.0
2020-08-14 00:00:00-04:00,111.38208775805406,111.54698151987802,109.65068105796512,111.45726013183594,165565200,0.0,0.0,71.74730286254453,5.590055173172004,92.97242294311523,75.10373067855835,172892840.0
2020-08-17 00:00:00-04:00,112.57757328432733,112.60182410704658,110.54062998121614,111.166259765625,119561600,0.0,0.0,70.9375734797521,5.565327718156041,93.59091033935547,75.36751489639282,174355020.0
2020-08-18 00:00:00-04:00,110.91890789561272,112.51693852673742,110.58426581680665,112.09257507324219,105633600,0.0,0.0,72.02008061324804,5.556425916478759,94.21843551635742,75.62932765960693,174465040.0
2020-08-19 00:00:00-04:00,112.49997484302729,113.64454412496903,112.13866200158594,112.23323059082031,145538000,0.0,0.0,72.18947177560224,5.497350860538631,94.79779663085938,75.88336776733398,177291860.0
2020-08-20 00:00:00-04:00,112.27445537799255,114.837612647254,112.25747906222769,114.72364044189453,126907200,0.0,0.0,75.06758201231061,5.587084285052555,95.38412170410156,76.1478429222107,173787000.0
2020-08-21 00:00:00-04:00,115.6814742972318,121.11817961837231,115.6693525872738,120.6356201171875,338054800,0.0,0.0,80.28391833636931,6.065328688213015,96.17069534301758,76.44232221603393,181417800.0
2020-08-24 00:00:00-04:00,124.83319799639226,124.91807958440302,120.21612802925294,122.07847595214844,345937600,0.0,0.0,81.31157620247242,6.4860006525867675,96.97208679199218,76.74388372421265,192653980.0
2020-08-25 00:00:00-04:00,120.95329109467639,121.42130160395935,119.35768029886763,121.07695770263672,211495600,0.0,0.0,78.26227029411977,6.661779218416115,97.73316360473633,77.03687337875367,198047480.0
2020-08-26 00:00:00-04:00,122.39127306939878,123.17937664467517,121.32672345710665,122.7234878540039,163022400,0.0,0.0,79.61571232450765,6.854926890688745,98.48316513061523,77.33724075317383,201682140.0
2020-08-27 00:00:00-04:00,123.32487721481381,123.65709200762272,120.11425938434616,121.25640869140625,155552400,0.0,0.0,75.12730922783715,6.811102633593251,99.20619689941407,77.62779207229615,201553260.0
2020-08-28 00:00:00-04:00,122.2287948592591,122.64588380173389,120.83688511649021,121.05998229980469,187630000,0.0,0.0,74.52154186155543,6.683478644418074,99.92462280273438,77.91765031814575,192217920.0
2020-08-31 00:00:00-04:00,123.74924435405829,127.06655257654671,122.21668415759454,125.16539764404297,225702700,0.0,4.0,78.43529559195055,6.8348208610500905,100.73488693237304,78.22501321792602,188095495.0
2020-09-01 00:00:00-04:00,128.77368605712132,130.75244043183687,126.61064913629612,130.1510467529297,151948100,0.0,0.0,82.04280963487739,7.273219724806282,101.6005680847168,78.5595079612732,187039320.0
2020-09-02 00:00:00-04:00,133.4586759232684,133.8369650688364,123.18665813924054,127.45453643798828,200119000,0.0,0.0,74.7584730807469,7.318702687243231,102.3752360534668,78.87676313400269,190956430.0
2020-09-03 00:00:00-04:00,123.09934328509381,124.97138507910603,116.88180945410002,117.25039672851562,257599600,0.0,0.0,54.89546766277092,6.456928020735987,102.97714340209961,79.14138410568238,193714970.0
2020-09-04 00:00:00-04:00,116.46472703859587,119.98572845730746,107.56036930998823,117.3280029296875,332607200,0.0,0.0,54.993408851608145,5.714356021477812,103.55746185302735,79.40736833572387,200443050.0
2020-09-08 00:00:00-04:00,110.52849400857393,115.41716207276087,109.29663073421304,109.43242645263672,231366600,0.0,0.0,44.42430958821266,4.43760141965636,104.03413848876953,79.6376077079773,201391200.0
2020-09-09 00:00:00-04:00,113.73911382379356,115.56266164657546,111.79916649731042,113.79730987548828,176940500,0.0,0.0,50.13037712644383,3.7349199799421484,104.55865737915039,79.89109233856202,200843105.0
2020-09-10 00:00:00-04:00,116.74602745349068,116.88182317054356,109.12203408038299,110.08230590820312,182274400,0.0,0.0,45.818519527604174,2.8454693049416875,104.99425613403321,80.12627889633178,201676925.0
2020-09-11 00:00:00-04:00,111.12988655734183,111.77007275174712,106.6971070425851,108.63705444335938,180860300,0.0,0.0,44.22484873372732,2.0008885247122947,105.40428970336914,80.34871217727661,200215840.0
2020-09-14 00:00:00-04:00,111.27538896641066,112.4490563072492,109.41304115616997,111.89617156982422,140150100,0.0,0.0,48.569173633117984,1.5763643391826037,105.87950561523438,80.58994554519653,198945085.0
2020-09-15 00:00:00-04:00,114.77699796976391,115.26198485471991,110.19872059172918,112.07077026367188,184642000,0.0,0.0,48.79925609568033,1.2397237552804512,106.31106063842773,80.82777734756469,202199105.0
2020-09-16 00:00:00-04:00,111.77005407703663,112.51693044540818,108.67583612168845,108.76313018798828,154679000,0.0,0.0,44.71790977625218,0.6979887760401198,106.68207901000977,81.04978113174438,204651375.0
2020-09-17 00:00:00-04:00,106.42550707639862,108.83103751673956,105.44583164529507,107.02688598632812,178011000,0.0,0.0,42.69914076845583,0.12709443973888312,106.97635131835938,81.26682462692261,206275025.0
2020-09-18 00:00:00-04:00,107.08509999522968,107.5506832359034,102.90450823656477,103.63198852539062,287104900,0.0,0.0,38.992451267541085,-0.5924538484322,107.19478576660157,81.47256530761719,214284910.0
2020-09-21 00:00:00-04:00,101.4010416835348,106.88139403880808,100.00427732246104,106.77469635009766,195713800,0.0,0.0,43.85166480772755,-0.8987505571544716,107.47283096313477,81.69126203536987,207167860.0
2020-09-22 00:00:00-04:00,109.29661551959238,109.47121104759135,105.88231201688097,108.4527359008789,183055400,0.0,0.0,46.310636525460204,-0.9946237344995836,107.79300598144532,81.91372488021851,199023750.0
2020-09-23 00:00:00-04:00,108.2684611226227,108.74374613747926,103.56408301527631,103.90357971191406,150718700,0.0,0.0,41.06067551255442,-1.4212989542230048,107.99160202026367,82.10726469039918,195984905.0
2020-09-24 00:00:00-04:00,102.01212791770884,106.93959588038079,101.84723417179123,104.97055053710938,167743300,0.0,0.0,42.70136348863661,-1.654277035424073,108.19861145019532,82.3107031059265,196220950.0
2020-09-25 00:00:00-04:00,105.17424100477153,109.0638373334494,104.43705897382922,108.90863800048828,149981400,0.0,0.0,48.40966241118798,-1.5038081328998345,108.50766876220703,82.53195344924927,195942400.0
2020-09-28 00:00:00-04:00,111.55665745924858,111.85734688464554,109.39361323699265,111.5081558227539,137672400,0.0,0.0,51.82164284452861,-1.1614130338992652,108.87249221801758,82.76344388961792,193444520.0
2020-09-29 00:00:00-04:00,111.11047045765872,111.84764500982021,110.15989314523581,110.66427612304688,99382200,0.0,0.0,50.65054097530821,-0.9472373280048032,109.1811280822754,82.98988412857055,187128495.0
2020-09-30 00:00:00-04:00,110.37330565840851,113.73911550361659,110.20841190929694,112.33264923095703,142675200,0.0,0.0,52.915989854568636,-0.6355515289891684,109.5494189453125,83.22022283554077,186664850.0
2020-10-01 00:00:00-04:00,114.10767141443411,114.18527106334523,112.3520219096015,113.28319549560547,116120400,0.0,0.0,54.20586158557462,-0.30828344848943345,109.9314436340332,83.44964265823364,182464920.0
2020-10-02 00:00:00-04:00,109.5003403977725,111.90587864952262,108.85045973551675,109.62643432617188,144712000,0.0,0.0,48.68078076021694,-0.34007107473659914,110.32607009887695,83.6601163673401,176820540.0
2020-10-05 00:00:00-04:00,110.4897020352033,113.14742776439395,110.14051092914185,113.0019302368164,106243800,0.0,0.0,53.40230764118835,-0.0918301272180031,110.79266006469726,83.88827436447144,165502370.0
2020-10-06 00:00:00-04:00,112.22594886007512,112.63334341918222,108.87954271233731,109.76222229003906,161498200,0.0,0.0,48.76502237869525,-0.15473109996240453,111.15195083618164,84.09989679336547,162008950.0
2020-10-07 00:00:00-04:00,111.17839334850785,112.08046922763401,110.70310088509402,111.62458038330078,96849000,0.0,0.0,51.37881621342241,-0.05368499310635855,111.57864883422852,84.32152929306031,158004375.0
2020-10-08 00:00:00-04:00,112.7594330889432,112.90493061170089,111.1492733309645,111.51786804199219,83477200,0.0,0.0,51.21758096821057,0.01758131401953733,111.9685986328125,84.53713735580445,153064515.0
2020-10-09 00:00:00-04:00,111.8185743074938,113.48693036528995,111.46938316049868,113.45783233642578,100506900,0.0,0.0,54.041213722409445,0.2279713694260579,112.37507843017578,84.76212003707886,149046845.0
2020-10-12 00:00:00-04:00,116.45502931013961,121.42129686008033,115.69845107798898,120.66471862792969,240226800,0.0,0.0,62.68278505701742,0.965117226751417,112.73069488525391,85.01634569168091,154050680.0
2020-10-13 00:00:00-04:00,121.50860234126793,121.62500184957032,116.05735487456657,117.46381378173828,262330500,0.0,0.0,57.51051488929009,1.2763118312075648,112.97044448852539,85.25469930648804,157935105.0
2020-10-14 00:00:00-04:00,117.36682718675729,119.33587277286527,116.02826603667377,117.5511245727539,150712000,0.0,0.0,57.613255660155986,1.5125453669598272,113.1978530883789,85.49141828536987,157736755.0
2020-10-15 00:00:00-04:00,115.15527240046332,117.56080289760202,114.60238771843201,117.08551788330078,112559200,0.0,0.0,56.82415875802834,1.6432492232542728,113.40825164794921,85.72324438095093,154464165.0
2020-10-16 00:00:00-04:00,117.63840102761567,117.90029805270329,115.24256497002679,115.44625854492188,115393800,0.0,0.0,54.018937647696184,1.5961589158848852,113.5115054321289,85.93880628585815,145878610.0
2020-10-19 00:00:00-04:00,116.358026294525,116.80421323996534,112.18714446524658,112.4975357055664,120639300,0.0,0.0,49.30388847393414,1.30584920166244,113.60593215942383,86.14314065933227,142124885.0
2020-10-20 00:00:00-04:00,112.71092747344602,115.40746025257594,112.15804282671203,113.98159790039062,124423700,0.0,0.0,51.593927412155196,1.1819038262700161,113.69870971679687,86.35204160690307,139193300.0
2020-10-21 00:00:00-04:00,113.16681779596242,115.14556482205545,112.95342242055368,113.3608169555664,89946000,0.0,0.0,50.56498966669171,1.0218056496515544,113.84410858154297,86.55953634262085,136154665.0
2020-10-22 00:00:00-04:00,113.92341222842757,114.49570058030427,111.14928675399084,112.27445983886719,101988000,0.0,0.0,48.733367654695826,0.7980671298901427,113.89726318359375,86.75581956863404,132866900.0
2020-10-23 00:00:00-04:00,112.89524032049677,113.05043966735408,110.84859518576691,111.58577728271484,82572600,0.0,0.0,47.557294799050545,0.5587409959123164,113.89784576416015,86.94090456008911,129496460.0
2020-10-26 00:00:00-04:00,110.58669317293085,113.05042702646372,109.49061825916863,111.59546661376953,111850700,0.0,0.0,47.57646353666657,0.3656402849208149,113.90060989379883,87.12519510269165,128205375.0
2020-10-27 00:00:00-04:00,112.02225141814819,113.75850508779021,111.10077943831497,113.09892272949219,92276800,0.0,0.0,50.594112883537065,0.33011753443045677,113.93926315307617,87.30901929855347,127850105.0
2020-10-28 00:00:00-04:00,111.59546536731106,111.96405267029793,107.76406521649079,107.8610610961914,143937800,0.0,0.0,41.608078648820666,-0.11931081957237666,113.85463287353515,87.47180788040161,127913235.0
2020-10-29 00:00:00-04:00,108.99595640558233,113.41903447764516,108.83105523861934,111.85737609863281,146129200,0.0,0.0,49.04428389006194,-0.15127302471235282,113.84711578369141,87.65619173049927,129413675.0
2020-10-30 00:00:00-04:00,107.72526275511105,108.62733847489969,104.48555457025763,105.59132385253906,190272600,0.0,0.0,40.364364314667206,-0.6744467489438932,113.6644694519043,87.80454908370972,131691705.0
2020-11-02 00:00:00-05:00,105.83382320217856,107.35668150297613,104.09756951905206,105.5040283203125,122866900,0.0,0.0,40.257469542641324,-1.083618435753678,113.36183761596679,87.9482674217224,132522860.0
2020-11-03 00:00:00-05:00,106.36731546450528,108.14236164402186,105.46523966166725,107.12389373779297,107624400,0.0,0.0,43.26020919034361,-1.2626255823070238,113.06274597167969,88.10268602371215,129829170.0
2020-11-04 00:00:00-05:00,110.71279779031768,112.119256698551,108.97654397513469,111.49847412109375,138235500,0.0,0.0,50.496443438687784,-1.0395150758697582,112.87117630004883,88.27761682510376,131898495.0
2020-11-05 00:00:00-05:00,114.40838980980128,116.02825144019144,113.36082388514865,115.45596313476562,126387100,0.0,0.0,55.96744426688621,-0.5371699420904434,112.72582580566406,88.47049276351929,134043990.0
2020-11-06 00:00:00-05:00,114.96528648231298,115.82033327578648,112.83737692583377,115.32479858398438,114457900,0.205,0.0,55.74753804710125,-0.1479363690539799,112.60719360351563,88.66382062911987,134741540.0
2020-11-09 00:00:00-05:00,117.08348090470506,118.53123307425452,112.75965407719045,113.0219955444336,154515300,0.0,0.0,51.89247550825336,-0.02499479368697166,112.4464338684082,88.85690546035767,130455965.0
2020-11-10 00:00:00-05:00,112.27382528066764,114.25597883957684,110.8940807658282,112.68191528320312,138023400,0.0,0.0,51.3279687727364,0.04448288462135963,112.1967642211914,89.03776552200317,124240610.0
2020-11-11 00:00:00-05:00,113.86732789743012,116.23814181960135,113.13859256042241,116.10211181640625,112295000,0.0,0.0,56.458078453516734,0.37124622629086446,111.91578552246094,89.22771883010864,122319760.0
2020-11-12 00:00:00-05:00,116.22841115754073,117.11260602974937,115.20817889191434,115.83003234863281,103162300,0.0,0.0,55.95283733965143,0.6013223201834279,111.68329544067383,89.41687780380249,121849915.0
2020-11-13 00:00:00-05:00,116.0535360017511,116.27701069114,114.52805029862242,115.8786392211914,81581900,0.0,0.0,56.02854329376441,0.7786061634066783,111.65586029052734,89.62357149124145,120159320.0
2020-11-16 00:00:00-05:00,115.54824457761953,117.5595533120289,114.80007974574167,116.88912200927734,91183000,0.0,0.0,57.65784308291481,0.9892390702419362,111.64708267211914,89.83634122848511,118686505.0
2020-11-17 00:00:00-05:00,116.16043385700159,117.24867405281236,115.58715811406812,116.00496673583984,74271000,0.0,0.0,55.71262597024771,1.0724605672290437,111.7785334777832,90.0324196434021,116178870.0
2020-11-18 00:00:00-05:00,115.24705927558566,116.42275133775613,114.65435397133162,114.68350219726562,76322100,0.0,0.0,52.84310330622286,1.0200248473500153,111.79625732421874,90.2187600517273,115497675.0
2020-11-19 00:00:00-05:00,114.25598215062608,115.68430461397098,113.49809857736044,115.27621459960938,74113000,0.0,0.0,53.987830309904794,1.0146004168927334,111.90013549804688,90.40353631973267,114103925.0
2020-11-20 00:00:00-05:00,115.27621337018954,115.40252482669361,113.96449124482857,114.01306915283203,73604300,0.0,0.0,51.13877388106492,0.8980243697329229,112.00765579223633,90.58731992721557,113655510.0
2020-11-23 00:00:00-05:00,113.85760341347095,114.2851304944073,110.5248536828197,110.62201690673828,127959300,0.0,0.0,44.3693183864917,0.5259446736118321,111.98217269897461,90.75231344223022,114460940.0
2020-11-24 00:00:00-05:00,110.6803017783766,112.56529172077765,109.39772075566353,111.90457153320312,113874200,0.0,0.0,47.21533399868023,0.33074762065820096,111.97884872436524,90.92606134414673,115540810.0
2020-11-25 00:00:00-05:00,112.27381743371453,113.43979090606146,111.90458681744444,112.74020385742188,76499200,0.0,0.0,49.044438552858765,0.24070638143665235,112.05839019775391,91.09482618331909,112168880.0
2020-11-27 00:00:00-05:00,113.26488733889717,114.15880077486167,112.92481238098438,113.28431701660156,46691300,0.0,0.0,50.25323799975894,0.21082319666560068,112.18353881835938,91.26912401199341,107196985.0
2020-11-30 00:00:00-05:00,113.65355580646789,117.54014397849063,113.49808872130923,115.6745834350586,169410200,0.0,0.0,55.27290718223382,0.3756844249222837,112.42439071655274,91.45527654647827,106153865.0
2020-12-01 00:00:00-05:00,117.57901628913943,119.96926723797301,116.60736920035771,119.24053192138672,127728200,0.0,0.0,61.512341375293786,0.7850310280222459,112.67370742797851,91.66644063949585,106396930.0
2020-12-02 00:00:00-05:00,118.56039614708436,119.87212588677608,117.4624374051066,119.59034729003906,89004200,0.0,0.0,62.07131438053619,1.124703455551213,112.89645965576172,91.87377744674683,105465920.0
2020-12-03 00:00:00-05:00,120.0178419599632,120.27047227200518,118.74498667961886,119.45429229736328,78967600,0.0,0.0,61.69600736414493,1.3671580537088772,113.2074739074707,92.08444120407104,102502525.0
2020-12-04 00:00:00-05:00,119.12392660773527,119.37655691588907,118.07454601670749,118.78385162353516,78260400,0.0,0.0,59.77792551598049,1.4880527642824575,113.48373992919922,92.30050359725952,100096190.0
2020-12-07 00:00:00-05:00,118.8421361387792,121.03806032248434,118.78383969393643,120.2413101196289,86712000,0.0,0.0,62.50679736062585,1.6820774715224331,113.71039337158203,92.5418016242981,98708895.0
2020-12-08 00:00:00-05:00,120.84375871454999,121.43646406909802,119.60004413555974,120.85346984863281,82225500,0.0,0.0,63.62313903545923,1.8637554117418489,113.8972996520996,92.79835134506226,95094405.0
2020-12-09 00:00:00-05:00,120.99920059491815,122.37893756571138,117.56928784632052,118.3271713256836,115089200,0.0,0.0,56.1879444527564,1.783328213083152,114.05055755615234,93.03675359725952,93947695.0
2020-12-10 00:00:00-05:00,117.08347009062476,120.35792333365181,116.7433951040976,119.74578094482422,81312200,0.0,0.0,59.07980817192611,1.8131580616656606,114.19882019042969,93.30533899307251,92398555.0
2020-12-11 00:00:00-05:00,118.95873784398792,119.27938312055916,117.13204422429256,118.9393081665039,86939800,0.0,0.0,56.78508668609097,1.7515322449151256,114.31194244384766,93.5700852394104,91587430.0
2020-12-14 00:00:00-05:00,119.12392157489586,119.85265683014165,118.09397811966689,118.3271713256836,79184500,0.0,0.0,55.03767797354204,1.6344579995332822,114.4859571838379,93.80105215072632,91467560.0
2020-12-15 00:00:00-05:00,120.81459511068267,124.27366377761385,120.61055011219938,124.25422668457031,157243700,0.0,0.0,65.96018901978118,1.9969203943215774,114.71100311279297,94.073108959198,94770595.0
2020-12-16 00:00:00-05:00,123.79756533721344,124.73033828648967,122.97165933994127,124.18621826171875,98208600,0.0,0.0,65.76278211370007,2.2527188021553144,114.99948303222656,94.32862760543823,95967475.0
2020-12-17 00:00:00-05:00,125.24530607028412,125.90603381216341,124.40968896582861,125.05097961425781,94359800,0.0,0.0,67.11066987662942,2.4964424626019195,115.2680110168457,94.60032289505006,96869360.0
2020-12-18 00:00:00-05:00,125.30361605465058,125.43964605507787,122.5441344465272,123.0688247680664,192541500,0.0,0.0,61.166454196981924,2.5008239471576132,115.4990301513672,94.86680276870727,102790785.0
2020-12-21 00:00:00-05:00,121.47532055765235,124.672040495101,119.94983486476208,124.59430694580078,121251600,0.0,0.0,63.82227336396412,2.597448201974558,115.72175964355469,95.16850244522095,105173150.0
2020-12-22 00:00:00-05:00,127.87848972538272,130.5991048748753,125.97405467288996,128.14083862304688,168904800,0.0,0.0,69.111265885574,2.9264646242812518,115.87128204345703,95.4647963142395,107220425.0
2020-12-23 00:00:00-05:00,128.41289904268606,128.67523311498164,127.07202114631367,127.2469253540039,88223700,0.0,0.0,66.47338197430784,3.079581678708635,116.06694427490234,95.76858209609985,105937900.0
2020-12-24 00:00:00-05:00,127.59669160383469,129.67601559807733,127.38292807699283,128.22825622558594,54930100,0.0,0.0,67.92093121209486,3.2427330395547926,116.28048690795899,96.11010543823242,104859445.0
2020-12-28 00:00:00-05:00,130.1910087492954,133.44601785068772,129.72460743607215,132.814453125,124486200,0.0,0.0,73.6474226263633,3.699454422056405,116.59506561279296,96.43866302490234,108749190.0
2020-12-29 00:00:00-05:00,134.13588116304936,134.85489050709643,130.53106400488656,131.04603576660156,121047300,0.0,0.0,68.56483306403337,3.8740552097047214,116.90706115722656,96.80154151916504,106331045.0
2020-12-30 00:00:00-05:00,131.735898609551,132.13427742745725,129.6177004950943,129.9286346435547,96452100,0.0,0.0,65.48939162983864,3.8775645097592957,117.25568313598633,97.14597822189332,104767240.0
2020-12-31 00:00:00-05:00,130.27846074381847,130.91975146585497,127.9853727167279,128.92787170410156,99116600,0.0,0.0,62.7736394264447,3.756292250988025,117.55460861206055,97.49288257598877,105272860.0
2021-01-04 00:00:00-05:00,129.73433032505793,129.82177500940742,123.16599358092327,125.74085998535156,143301900,0.0,0.0,54.95764204342874,3.364237070671635,117.80220947265624,97.82613317489624,108489575.0
2021-01-05 00:00:00-05:00,125.2355842462787,128.0047841932833,124.78862009202955,127.29547119140625,97664900,0.0,0.0,57.72289672674098,3.1427470162552,118.10262969970704,98.18591381072999,109459800.0
2021-01-06 00:00:00-05:00,124.09876065496377,127.3343470647896,122.79674977159817,123.01051330566406,155088000,0.0,0.0,48.825375059075604,2.5915801392457354,118.33112442016602,98.53014781951904,112878600.0
2021-01-07 00:00:00-05:00,124.72062409151188,127.89791430422592,124.23480053472447,127.20803833007812,109578200,0.0,0.0,55.98305469747371,2.4650658627471955,118.64337585449219,98.8681995010376,114246235.0
2021-01-08 00:00:00-05:00,128.67523086681507,128.8695721666665,126.53761000388556,128.30601501464844,105158200,0.0,0.0,57.6516040636384,2.425440955852281,118.9475177001953,99.2133826637268,113749685.0
2021-01-11 00:00:00-05:00,125.5271038877366,126.47931399049689,124.85666494889938,125.32305145263672,100384500,0.0,0.0,51.895980335009305,2.128798240878382,119.29675750732422,99.52805631637574,114703300.0
2021-01-12 00:00:00-05:00,124.85663526886566,126.01289753186738,123.26313483591238,125.14813232421875,91951100,0.0,0.0,51.5708486334936,1.8581723856731287,119.56257263183593,99.85477043151856,114953865.0
2021-01-13 00:00:00-05:00,125.10929589304283,127.72302939531502,124.84696180760955,127.17890930175781,88636800,0.0,0.0,55.08880025858976,1.7869671311060529,119.99432434082031,100.18310487747192,115426480.0
2021-01-14 00:00:00-05:00,127.09143240514113,127.2857588427231,125.10926419379747,125.25502014160156,90221800,0.0,0.0,51.28778634912603,1.5573426011495002,120.38934417724609,100.5024475479126,112075385.0
2021-01-15 00:00:00-05:00,125.12871028033413,126.52788445335536,123.39917965706009,123.53520965576172,111598500,0.0,0.0,48.0932661049074,1.222496989337074,120.71757049560547,100.82934099197388,112744880.0
2021-01-19 00:00:00-05:00,124.15708026227341,125.06071988412404,123.34090015787666,124.2056655883789,90757300,0.0,0.0,49.41601990155634,0.9997056357972411,120.97171432495117,101.15473457336425,112564755.0
2021-01-20 00:00:00-05:00,125.01214395162096,128.7335548533042,124.90526215662156,128.28659057617188,104319500,0.0,0.0,56.65628550532504,1.1393052223828732,121.2283268737793,101.50478137969971,108153655.0
2021-01-21 00:00:00-05:00,130.00641504597513,135.70998009916667,129.80236258422073,132.98936462402344,120150900,0.0,0.0,63.194183509895154,1.6108446490534334,121.58161819458007,101.85292234420777,108098620.0
2021-01-22 00:00:00-05:00,132.41607964346215,135.88486727485233,131.19180950505606,135.12698364257812,114459400,0.0,0.0,65.72494409012805,2.132449481696497,122.02371795654297,102.21542072296143,105376350.0
2021-01-25 00:00:00-05:00,139.0135690829673,140.97628571065687,132.6686993609781,138.86781311035156,157611700,0.0,0.0,69.65696574755046,2.815226564738424,122.54743591308593,102.58860866546631,108845750.0
2021-01-26 00:00:00-05:00,139.52849439587914,140.20864422957436,137.3617112330404,139.10096740722656,98390600,0.0,0.0,69.88882563436489,3.3366827239694032,123.00741302490235,102.96064491271973,111018775.0
2021-01-27 00:00:00-05:00,139.3633171255217,140.208660067174,136.42895396495652,138.03216552734375,140843800,0.0,0.0,67.34825412839882,3.621945573701396,123.45145568847656,103.32098823547364,111836655.0
2021-01-28 00:00:00-05:00,135.56425118143247,137.96422147707514,132.82419836085404,133.20314025878906,142621100,0.0,0.0,57.22626168536623,3.4189449864135213,123.79794570922851,103.64052955627442,112915345.0
2021-01-29 00:00:00-05:00,131.9788209864335,132.86302336292994,126.51816929301403,128.2185516357422,177523800,0.0,0.0,49.03419879742492,2.823305604945915,124.02453430175781,103.93831035614014,116968930.0
2021-02-01 00:00:00-05:00,129.95780442586786,131.5415940017464,127.21775238608966,130.3367462158203,106239800,0.0,0.0,52.16777119410713,2.4934349380479546,124.31116989135742,104.24395420074462,117325090.0
2021-02-02 00:00:00-05:00,131.88166811874655,132.44522526454477,130.79342801715512,131.16265869140625,83305400,0.0,0.0,53.371598693368824,2.272458801772359,124.64075302124023,104.55842300415038,114325265.0
2021-02-03 00:00:00-05:00,131.9108002272906,131.92052618668296,129.82176496768204,130.1424102783203,89880900,0.0,0.0,51.642547374330704,1.992045046076413,124.93807693481445,104.87487567901611,113936065.0
2021-02-04 00:00:00-05:00,132.43550657690793,133.5043095225396,130.7739834636992,133.49459838867188,84183100,0.0,0.0,56.61575768717287,2.017057308438666,125.32770751953124,105.21842147827148,110390820.0
2021-02-05 00:00:00-05:00,133.6551945582066,133.72330378796144,132.20527125837398,133.0810546875,75693800,0.205,0.0,55.852634263690064,1.9806781610969324,125.77688827514649,105.55056911468506,108696600.0
2021-02-08 00:00:00-05:00,132.37065786118401,133.27564766652046,131.29051736028654,133.22698974609375,71297200,0.0,0.0,56.07762579821679,1.941245692371183,126.2033366394043,105.88473796844482,107003550.0
2021-02-09 00:00:00-05:00,132.94475664834664,134.17087067010365,132.1954812442837,132.35116577148438,76774200,0.0,0.0,54.28941616386196,1.8183625500403195,126.59555587768554,106.20494407653808,105823035.0
2021-02-10 00:00:00-05:00,132.80856880476307,133.30485887781032,130.78452077617774,131.74789428710938,73046600,0.0,0.0,53.03491423191185,1.6532402825085626,126.9648274230957,106.52189235687256,104877810.0
2021-02-11 00:00:00-05:00,132.24417927998556,132.72100324758284,130.17148801909838,131.49490356445312,64280000,0.0,0.0,52.487160027959774,1.4848490433756751,127.2812338256836,106.84311592102051,103659970.0
2021-02-12 00:00:00-05:00,130.73588879731562,131.88413877300763,130.09363973549668,131.7284393310547,60145100,0.0,0.0,52.970032027598826,1.3546268625488835,127.53099197387695,107.15446296691894,102156135.0
2021-02-16 00:00:00-05:00,131.84518629017936,132.35118706954955,129.2178071626484,129.6070556640625,80576300,0.0,0.0,48.18000088529523,1.0679364071262398,127.73132614135743,107.44787647247314,100605025.0
2021-02-17 00:00:00-05:00,127.7192638281322,128.66317119438432,125.98714852369966,127.3202896118164,97918500,0.0,0.0,43.602707422449555,0.6487310785432783,127.88864608764648,107.7355654144287,100963085.0
2021-02-18 00:00:00-05:00,125.72438263501022,126.50286477250336,123.982542030246,126.22067260742188,96856700,0.0,0.0,41.55813545541583,0.22518217313719902,128.03738250732422,108.01281955718994,100589945.0
2021-02-19 00:00:00-05:00,126.73642239782728,127.19378012757379,125.33515742569439,126.3763656616211,87668800,0.0,0.0,41.973023918726945,-0.09680435723785763,128.16008361816407,108.28554119110107,98965840.0
2021-02-22 00:00:00-05:00,124.56642052486617,126.23042665376691,122.22125536466936,122.6104965209961,103916400,0.0,0.0,35.422612811962054,-0.6483810363309885,128.19522415161134,108.5357279586792,98438690.0
2021-02-23 00:00:00-05:00,120.43074421044315,123.30138352656303,115.20519947854247,122.47425079345703,158273000,0.0,0.0,35.208526696581444,-1.0840076544972987,128.27816574096678,108.78147975921631,98471755.0
2021-02-24 00:00:00-05:00,121.57899955251936,122.1823162213377,118.94190197736167,121.97796630859375,111039900,0.0,0.0,34.39312421782006,-1.4525468424001957,128.3228094482422,109.01602390289307,99104220.0
2021-02-25 00:00:00-05:00,121.32599812486836,123.05811336412599,117.29736837706596,117.73526000976562,148199500,0.0,0.0,28.348707571861596,-2.0631846363343413,128.29872848510743,109.2234483718872,99472005.0
2021-02-26 00:00:00-05:00,119.29221728289741,121.49142336780443,117.93961010314024,117.99800109863281,164560400,0.0,0.0,29.178779792261864,-2.4971330816285615,128.2921450805664,109.43654350280762,100568970.0
2021-03-01 00:00:00-05:00,120.42099709481208,124.4885510714253,119.48682297794498,124.3523178100586,116307900,0.0,0.0,45.59450757827784,-2.3017667631370387,128.29410690307617,109.68596088409424,97508175.0
2021-03-02 00:00:00-05:00,124.95566267357219,125.25732102772348,121.64712415132996,121.75416564941406,102260900,0.0,0.0,41.37188334015275,-2.3297310248473906,128.24546585083007,109.92010017395019,97309230.0
2021-03-03 00:00:00-05:00,121.4525043304613,122.32829506323422,118.5623986243893,118.77648162841797,112966300,0.0,0.0,37.127940921713865,-2.5626267526503597,128.11997589111328,110.14156578063965,98792275.0
2021-03-04 00:00:00-05:00,118.47480719948628,120.27503892466773,115.42900990064756,116.89838409423828,178155000,0.0,0.0,34.70949332789844,-2.865710938098374,127.99656707763671,110.34486644744874,103205980.0
2021-03-05 00:00:00-05:00,117.72552038212189,118.65969453198089,114.40724922583529,118.15367889404297,153766600,0.0,0.0,37.63363570301469,-2.9703749063356355,127.86775451660156,110.55664623260498,106685155.0
2021-03-08 00:00:00-05:00,117.67686731260757,117.74498394850409,113.08383865170997,113.22980499267578,154376600,0.0,0.0,31.64648916032675,-3.4113138262164995,127.56953384399414,110.73643600463868,110619295.0
2021-03-09 00:00:00-05:00,115.827968557669,118.77645723226702,115.59442688495044,117.83255004882812,129525800,0.0,0.0,41.0823927319734,-3.350732874906271,127.38124633789063,110.94211994171143,113530725.0
2021-03-10 00:00:00-05:00,118.41643235397203,118.88351576641335,116.23668501538924,116.75243377685547,111943300,0.0,0.0,39.69747546866173,-3.3512472979982704,127.15172988891601,111.13993434906006,115289180.0
2021-03-11 00:00:00-05:00,119.24356031125248,119.89553490297892,117.99799469596714,118.67916107177734,103026500,0.0,0.0,43.36511421682032,-3.1597604401649306,126.86902404785157,111.34999668121338,116788175.0
2021-03-12 00:00:00-05:00,117.16112022904915,117.91040318694742,115.95447955662657,117.774169921875,88105100,0.0,0.0,42.07079747597292,-3.045919484416885,126.60358673095703,111.55386386871338,117979430.0
2021-03-15 00:00:00-04:00,118.14395874848536,120.6642817142442,117.18058534747087,120.65454864501953,92403800,0.0,0.0,47.44713377326747,-2.6922427179883215,126.41810501098632,111.77196346282959,119592365.0
2021-03-16 00:00:00-04:00,122.31855495993447,123.79766976227535,121.36492199120141,122.19205474853516,115227900,0.0,0.0,50.1088649929834,-2.261814648078783,126.283388671875,111.99812564849853,121324945.0
2021-03-17 00:00:00-04:00,120.71294726523811,122.4742542742317,119.04894125801434,121.40384674072266,111932600,0.0,0.0,48.745808833077575,-1.9616860053474738,126.19664840698242,112.21561462402343,122025650.0
2021-03-18 00:00:00-04:00,119.5744250296585,119.86635775445424,117.0832934949232,117.28764343261719,121229700,0.0,0.0,42.27803744151801,-2.0325451844199875,125.99649185180664,112.41071926116943,123244300.0
2021-03-19 00:00:00-04:00,116.67457065039011,118.16341092060107,116.4604876842397,116.76214599609375,185549500,0.0,0.0,41.52061250466606,-2.106818750602102,125.87152450561524,112.601042137146,128138335.0
2021-03-22 00:00:00-04:00,117.09300574322106,120.53777713211232,117.02488910943605,120.07068634033203,111912300,0.0,0.0,47.854783348724,-1.87707181629726,125.72877746582031,112.81129653930664,128538130.0
2021-03-23 00:00:00-04:00,120.0123099463268,120.89782623844285,118.8543196786337,119.24356079101562,95467100,0.0,0.0,46.49881810865764,-1.7416610504335495,125.54752838134766,113.00630489349365,125397835.0
2021-03-24 00:00:00-04:00,119.51599913278277,119.59384882171544,116.83997732500056,116.85943603515625,88530500,0.0,0.0,42.73961307969509,-1.805908595589699,125.37825607299804,113.18702049255371,124272365.0
2021-03-25 00:00:00-04:00,116.32427390112565,118.38724678280408,115.79879946642953,117.34602355957031,98844700,0.0,0.0,43.73932690556802,-1.7968487376181486,125.22221389770507,113.35742473602295,121804625.0
2021-03-26 00:00:00-04:00,117.11247500179746,118.21208173439534,115.72094299418823,117.9493408203125,94071200,0.0,0.0,45.02103014581435,-1.721145776953108,125.03762252807617,113.52013450622559,118280165.0
2021-03-29 00:00:00-04:00,118.37748900748083,119.28247132989765,117.48223975334861,118.12448120117188,80819200,0.0,0.0,45.409826563956976,-1.6282488312130425,124.89501174926758,113.70422222137451,116505730.0
2021-03-30 00:00:00-04:00,116.8789257121579,117.16112532326552,115.66255191815422,116.67457580566406,85671900,0.0,0.0,42.71667288793015,-1.652572750503225,124.75779907226563,113.87755058288575,115676280.0
2021-03-31 00:00:00-04:00,118.37750228821312,120.19719278132602,117.89095275757859,118.86405181884766,118323800,0.0,0.0,47.755580646730664,-1.4781381591460843,124.650966796875,114.05675525665283,115944155.0
2021-04-01 00:00:00-04:00,120.33344161440051,120.83944989383653,119.19490999339443,119.69119262695312,75089100,0.0,0.0,49.56068090566177,-1.2586452591838366,124.47905883789062,114.2290941619873,110790860.0
2021-04-05 00:00:00-04:00,120.53778601486208,122.76618380455446,119.75930377924526,122.51317596435547,88651200,0.0,0.0,55.24249443639795,-0.8472188717945954,124.26953506469727,114.41613594055175,107535090.0
2021-04-06 00:00:00-04:00,123.09704186712644,123.71009165590245,122.26990907854241,122.8148422241211,80171300,0.0,0.0,55.815481562690096,-0.491156799735748,124.02329223632813,114.60451671600342,103824825.0
2021-04-07 00:00:00-04:00,122.44504366920103,124.4788169278638,121.77360301243874,124.45935821533203,83466700,0.0,0.0,58.904161332197816,-0.07540709953907765,123.73512313842774,114.80355255126953,101521870.0
2021-04-08 00:00:00-04:00,125.48112193995918,126.88238697462579,125.0626964676061,126.85319519042969,88844600,0.0,0.0,62.96281405524457,0.4421434168568794,123.4901676940918,115.00348358154297,100366935.0
2021-04-09 00:00:00-04:00,126.30823624511144,129.46106707973098,125.98711183634272,129.42214965820312,106686700,0.0,0.0,66.75709537712967,1.0475238824953692,123.31796737670898,115.20698863983154,100549945.0
2021-04-12 00:00:00-04:00,128.95507626413877,129.276200697575,127.11591985323048,127.70951080322266,91420000,0.0,0.0,62.18347020176657,1.373266459649642,123.20809478759766,115.40976104736328,100715690.0
2021-04-13 00:00:00-04:00,128.87723269707828,131.0375136441806,128.38094270892825,130.81369018554688,91266500,0.0,0.0,66.64414819875591,1.8604549655866975,123.25999755859375,115.62226909637451,100658825.0
2021-04-14 00:00:00-04:00,131.31000899099288,131.36839256751463,128.11824478906962,128.47828674316406,87222800,0.0,0.0,60.830602293273095,2.0346536062807985,123.22282836914063,115.83666755676269,99258570.0
2021-04-15 00:00:00-04:00,130.22012045971883,131.36837019796266,130.04495491166549,130.88182067871094,89347100,0.0,0.0,64.28377036621066,2.3396819879362454,123.21721160888671,116.05321983337403,98129295.0
2021-04-16 00:00:00-04:00,130.6871976204425,131.04723949609195,129.69463249088383,130.55096435546875,84922400,0.0,0.0,63.454479327592416,2.525608198627765,123.22538269042968,116.26446281433105,96313930.0
2021-04-19 00:00:00-04:00,129.91846854593953,131.82574950678435,129.75304346412022,131.2126922607422,94264200,0.0,0.0,64.44249006623228,2.6952824336514567,123.1797445678711,116.47984939575196,91749665.0
2021-04-20 00:00:00-04:00,131.38787436370876,131.88414967158926,128.2642190127789,129.5292510986328,94812300,0.0,0.0,59.99851904853227,2.663211015867546,123.10870849609375,116.68681877136231,90894665.0
2021-04-21 00:00:00-04:00,128.7993896114448,130.15199668398512,127.76790700410929,129.90872192382812,68847100,0.0,0.0,60.65713168195545,2.638005030543937,123.04234313964844,116.88389728546143,89563665.0
2021-04-22 00:00:00-04:00,129.46107065350094,130.5412110225183,127.87492954910141,128.3906707763672,84566500,0.0,0.0,56.63953478068923,2.4670959188200783,122.9631332397461,117.07478958129883,89365465.0
2021-04-23 00:00:00-04:00,128.6047976585629,131.48516306112936,128.6047976585629,130.70669555664062,78657500,0.0,0.0,60.895099118443696,2.4898318289292405,122.94230926513671,117.2667567062378,88356105.0
2021-04-26 00:00:00-04:00,131.20294297565732,131.426751593288,129.9671030596472,131.0959014892578,66905100,0.0,0.0,61.577546627573575,2.5103184787229225,122.93432922363282,117.45868488311767,86997800.0
2021-04-27 00:00:00-04:00,131.37809693084532,131.76734545845767,130.5023137282654,130.7747802734375,66015800,0.0,0.0,60.637277900820564,2.472145147484767,122.91525604248046,117.64819660186768,86257630.0
2021-04-28 00:00:00-04:00,130.69688438470698,131.38779099688364,129.49997713790484,129.9865264892578,107760100,0.0,0.0,58.28458591235498,2.351184028859521,122.92284545898437,117.8359093093872,87362040.0
2021-04-29 00:00:00-04:00,132.79882309453924,133.38268843991688,128.886960916459,129.88925170898438,151101000,0.0,0.0,57.985590627669914,2.221859990155707,122.97422470092773,118.01548667907714,89000900.0
2021-04-30 00:00:00-04:00,128.23498319758693,129.96709820494203,127.54409123252586,127.92359924316406,109839500,0.0,0.0,52.162419996802655,1.9384132105342218,123.00828323364257,118.18200428009033,90738420.0
2021-05-03 00:00:00-04:00,128.48798358801744,130.46338819019584,128.28364111599663,128.9745330810547,75135100,0.0,0.0,54.77728564864617,1.7780845217105536,123.06024658203125,118.3595980834961,90062615.0
2021-05-04 00:00:00-04:00,127.66084442697165,127.95277706059726,123.29162511092602,124.41069030761719,137564700,0.0,0.0,43.62516941201978,1.2681405753584016,123.09625045776367,118.51531661987305,92932285.0
2021-05-05 00:00:00-04:00,125.72439941828402,126.94077328039651,124.52749169549318,124.65399932861328,84000900,0.0,0.0,44.27650876431175,0.8735693646450642,123.1398454284668,118.66242420196534,92958995.0
2021-05-06 00:00:00-04:00,124.44960111864141,126.259565425025,123.71004397457553,126.24983978271484,78128300,0.0,0.0,48.48092824715599,0.6817806817678473,123.22528289794921,118.8240828704834,92423180.0
2021-05-07 00:00:00-04:00,127.54631080549646,127.94594783933177,126.2108903922729,126.92247009277344,78973300,0.22,0.0,50.186942167757756,0.5774064315209415,123.40902709960938,118.98778541564941,91037510.0
2021-05-10 00:00:00-04:00,126.1426633359984,126.26937098545628,123.60830211734293,123.64729309082031,88071200,0.0,0.0,42.761672225459755,0.22778392269282222,123.52201293945312,119.15654632568359,90870070.0
2021-05-11 00:00:00-04:00,120.38186236478138,123.08192191649415,119.67029018955704,122.73101806640625,126142800,0.0,0.0,40.93688568846851,-0.12182583885162046,123.48958694458008,119.32183925628662,92613885.0
2021-05-12 00:00:00-04:00,120.28438654552215,121.4930768252382,119.16342036759427,119.6702880859375,112172300,0.0,0.0,35.48892370489226,-0.6385090882033069,123.44790939331055,119.46120227813721,93861360.0
2021-05-13 00:00:00-04:00,121.43460561674969,122.96496595514449,121.1226852750631,121.81475830078125,105861300,0.0,0.0,41.37568879353788,-0.8649725959049448,123.5086749267578,119.61882766723633,94687070.0
2021-05-14 00:00:00-04:00,123.06241748790161,124.66100988052594,122.67251527187383,124.23211669921875,81918000,0.0,0.0,47.22223179181052,-0.839706325472136,123.65534957885743,119.77988636016846,94536850.0
2021-05-17 00:00:00-04:00,123.61804864388507,123.72527195908786,122.00970635261075,123.0819320678711,74244600,0.0,0.0,44.92642942778205,-0.9020941317593696,123.75391464233398,119.9296268081665,93535870.0
2021-05-18 00:00:00-04:00,123.36458623209384,123.78372980629568,121.62952920667057,121.69776153564453,63342900,0.0,0.0,42.2634970283094,-1.0511113542787314,123.92327377319336,120.02369613647461,91962400.0
2021-05-19 00:00:00-04:00,120.050447495282,121.76600548369002,119.75801895076617,121.54181671142578,92612000,0.0,0.0,41.96172593940295,-1.1683243054292518,123.99745910644532,120.10402355194091,93150645.0
2021-05-20 00:00:00-04:00,122.06818662946591,124.49531683623646,121.94146411990351,124.09566497802734,76857100,0.0,0.0,48.452926443139376,-1.04311778941738,124.14432373046876,120.19359840393066,92765175.0
2021-05-21 00:00:00-04:00,124.5927788416249,124.76823446881733,122.04867596571786,122.26312255859375,79295400,0.0,0.0,44.59838028573491,-1.0793198540418985,124.21600296020507,120.27208606719971,92797070.0
2021-05-24 00:00:00-04:00,122.82848472896345,124.70975612799803,122.76025239580743,123.89096069335938,63092900,0.0,0.0,48.51637815138684,-0.9655273200878867,124.33833877563477,120.34012302398682,92606460.0
2021-05-25 00:00:00-04:00,124.59278434432386,125.08016771850949,123.13065653206684,123.69601440429688,72009500,0.0,0.0,48.07787228258559,-0.8809217359740416,124.39916809082031,120.4197220993042,92906145.0
2021-05-26 00:00:00-04:00,123.75451640869117,124.17366007761332,123.22814942189817,123.64729309082031,56575900,0.0,0.0,47.96120051381982,-0.8084829160371214,124.42827285766602,120.49124496459962,90346935.0
2021-05-27 00:00:00-04:00,123.24763627844212,124.41733561849655,121.92197306010468,122.1169204711914,94625600,0.0,0.0,44.32279915761277,-0.8645963810023858,124.44253433227539,120.57137519836425,87523165.0
2021-05-28 00:00:00-04:00,122.39960530367183,122.62380153028337,121.405361560534,121.4638442993164,71311100,0.0,0.0,42.829606058544975,-0.9508042161987902,124.52605834960937,120.63061077117919,85596745.0
2021-06-01 00:00:00-04:00,121.92197831860382,122.18515807859856,120.81076166659518,121.14217376708984,67637100,0.0,0.0,42.077684137820334,-1.033170919094971,124.6136589050293,120.67853839874267,85221845.0
2021-06-02 00:00:00-04:00,121.14218330115489,122.07794437455699,120.91799449476859,121.9024887084961,59278900,0.0,0.0,44.55541829752542,-1.025277304453084,124.65029495239258,120.73076454162597,81307555.0
2021-06-03 00:00:00-04:00,121.5320538514475,121.69775987143738,120.02118559755706,120.42083740234375,76229200,0.0,0.0,40.88504344430518,-1.1256031828802406,124.67384048461913,120.77703742980957,80918970.0
2021-06-04 00:00:00-04:00,120.93745411736649,122.9746892227133,120.7230075339862,122.71150207519531,75169300,0.0,0.0,48.01501809580546,-1.0086476073705626,124.79088180541993,120.83013206481934,80771020.0
2021-06-07 00:00:00-04:00,122.9844550910691,123.13066937489863,121.67829101219802,122.72127532958984,71057600,0.0,0.0,48.04381131776602,-0.9047415537589245,124.89838684082031,120.88257228851319,80375235.0
2021-06-08 00:00:00-04:00,123.40356678666943,125.21661302524568,123.02341420920254,123.54003143310547,74403800,0.0,0.0,50.51651826002294,-0.7477093547370544,125.01020065307617,120.92665424346924,79691865.0
2021-06-09 00:00:00-04:00,123.99820136642403,124.52456834027448,123.32562010482052,123.92021942138672,56877900,0.0,0.0,51.666813481351824,-0.5858291387204275,125.12611541748046,120.94307723999023,76228620.0
2021-06-10 00:00:00-04:00,123.81299241371467,124.95345787476269,122.7602659341765,122.92597198486328,71186400,0.0,0.0,48.49212542992433,-0.5316369799261196,125.25114334106445,120.94731472015381,74179325.0
2021-06-11 00:00:00-04:00,123.33536251537065,124.22239035571975,122.91621888119515,124.13465881347656,53522400,0.0,0.0,52.32712007105485,-0.38670073266314375,125.35655548095703,120.96260322570801,71562380.0
2021-06-14 00:00:00-04:00,124.59279446771667,127.24411353581664,123.86173050218788,127.18563079833984,96906500,0.0,0.0,60.35173855989054,-0.025357466269568363,125.50644424438477,120.98491394042969,72311805.0
2021-06-15 00:00:00-04:00,126.65931097677098,127.30265103767805,126.12319425934842,126.36688232421875,62746300,0.0,0.0,57.55204355858095,0.19272193785558045,125.58351837158203,121.01046630859375,71736890.0
2021-06-16 00:00:00-04:00,127.07839924257492,127.58527439037435,125.2166344350542,126.86395263671875,91815000,0.0,0.0,58.80159277922638,0.4010379410834588,125.66450057983398,121.03948616027832,73160495.0
2021-06-17 00:00:00-04:00,126.52280804022224,129.20337594415264,126.37658632134162,128.46255493164062,96721700,0.0,0.0,62.61331170035861,0.6872020817704936,125.74456451416016,121.05597194671631,73365980.0
2021-06-18 00:00:00-04:00,127.40981802299594,128.1896075868194,126.95168347380675,127.16613006591797,108953300,0.0,0.0,57.932169458162264,0.8001548855358038,125.75082321166992,121.04104736328125,74970790.0
2021-06-21 00:00:00-04:00,127.01019740258512,129.06692486047993,125.94772121838587,128.95970153808594,79663300,0.0,0.0,62.148409380281,1.022609024322179,125.74157424926757,121.04857318878175,74989185.0
2021-06-22 00:00:00-04:00,128.79399242175575,130.69475593415476,128.2968593599112,130.59727478027344,74783600,0.0,0.0,65.54393924086261,1.3158754142088185,125.7993295288086,121.11530757904053,75573720.0
2021-06-23 00:00:00-04:00,130.39256533356104,130.92868185123652,129.8661909803765,130.32432556152344,60214200,0.0,0.0,64.5052531659626,1.5088730707244622,125.78954223632813,121.18028919219971,74983955.0
2021-06-24 00:00:00-04:00,131.05542269642876,131.24062798342803,129.57379527397197,130.04168701171875,68711000,0.0,0.0,63.38511073824438,1.6203402612212443,125.82081024169922,121.28333549499511,75590710.0
2021-06-25 00:00:00-04:00,130.09039090512184,130.50952706925113,129.45679326652197,129.7492218017578,70783700,0.0,0.0,62.181824027911496,1.6658761314857031,125.79815826416015,121.36309505462647,74398615.0
2021-06-28 00:00:00-04:00,130.04166969629122,131.8352098315601,129.98318695524438,131.3770751953125,62111300,0.0,0.0,66.04553410424805,1.812425290506539,125.81468048095704,121.46956890106202,73938625.0
2021-06-29 00:00:00-04:00,131.39657011097157,133.04390333984907,130.95793469390316,132.887939453125,64556100,0.0,0.0,69.19160080900886,2.027113372522095,125.84818542480468,121.59082332611084,73784575.0
2021-06-30 00:00:00-04:00,132.73193673192986,133.94063419010044,132.43950824826416,133.5019989013672,63261400,0.0,0.0,70.39232957462653,2.221200077977869,125.92764038085937,121.69885246276856,73983700.0
2021-07-01 00:00:00-04:00,133.15111722207564,133.86268195374564,132.3323143115352,133.80419921875,52485800,0.0,0.0,70.99152685566855,2.3720566380210073,126.00554992675781,121.80751960754395,72796530.0
2021-07-02 00:00:00-04:00,134.41826831389758,136.46525305919846,134.27206149217562,136.42626953125,78852600,0.0,0.0,75.60475453558811,2.6723851172511104,126.16626190185546,121.94583530426026,72980695.0
2021-07-06 00:00:00-04:00,136.53347186094717,139.53569387856405,136.53347186094717,138.43423461914062,108181800,0.0,0.0,78.43328307074088,3.0374102277360464,126.32081268310547,122.10287204742431,74836905.0
2021-07-07 00:00:00-04:00,139.91586805219615,141.231788943126,139.05809657469072,140.9198760986328,104911600,0.0,0.0,81.32054731525899,3.48706899097877,126.51729217529297,122.28931148529053,76362295.0
2021-07-08 00:00:00-04:00,138.00536723887996,140.42274763655988,137.11833949517367,139.6234588623047,105575500,0.0,0.0,75.6332461399959,3.696209165652988,126.69426574707032,122.45355529785157,78797175.0
2021-07-09 00:00:00-04:00,139.1458433075578,141.97261806281588,139.04836216143113,141.44625854492188,99890800,0.0,0.0,77.96653042332979,3.9633519077785593,126.9234603881836,122.61852291107178,80232395.0
2021-07-12 00:00:00-04:00,142.51847096001342,142.62569425576672,140.36426288116348,140.8516387939453,76299700,0.0,0.0,75.42910094756564,4.080051319248838,127.1427081298828,122.80326320648193,81371260.0
2021-07-13 00:00:00-04:00,140.39350901995923,143.7369156295679,140.00361422588887,141.96286010742188,100827100,0.0,0.0,76.93952840600703,4.213630606014306,127.42349334716796,122.9882247543335,81567290.0
2021-07-14 00:00:00-04:00,144.3607540301203,145.79364043052715,143.95134516697595,145.3842315673828,127050800,0.0,0.0,80.84404282502601,4.543198076998237,127.75168731689453,123.17060272216797,84782515.0
2021-07-15 00:00:00-04:00,145.47197634550716,146.21278242197315,143.37625087333885,144.7311553955078,106820300,0.0,0.0,78.1248722007057,4.697534627995623,128.15809661865234,123.33671772003174,85532780.0
2021-07-16 00:00:00-04:00,144.7116519617399,145.9788173432772,142.19679065127386,142.69390869140625,93251400,0.0,0.0,70.19347584206923,4.60240501345848,128.5188948059082,123.49686588287354,85359265.0
2021-07-19 00:00:00-04:00,140.12058929133983,140.43251704679776,138.0931035014654,138.85340881347656,121434600,0.0,0.0,58.19846421859307,4.169059541567918,128.77096618652342,123.62946968078613,85983330.0
2021-07-20 00:00:00-04:00,139.83790622702588,143.3860023478585,139.35053030452949,142.45997619628906,96350000,0.0,0.0,64.35810867616269,4.069736589381506,129.08171630859374,123.77535358428955,86817665.0
2021-07-21 00:00:00-04:00,141.8556195804996,142.4404765741107,140.97834896361408,141.72889709472656,74993500,0.0,0.0,62.3523833086768,3.887220996639229,129.44334838867186,123.93586589813232,86828160.0
2021-07-22 00:00:00-04:00,142.25527975346566,144.45821346206498,142.1285572602189,143.09356689453125,77338200,0.0,0.0,64.57192662270074,3.808788182974979,129.8505993652344,124.0863240814209,87684360.0
2021-07-23 00:00:00-04:00,143.82463382519293,144.96509166825837,143.210535419876,144.8091278076172,71447400,0.0,0.0,67.19063538826438,3.8407868413135304,130.35337615966796,124.26155860900879,87821180.0
2021-07-26 00:00:00-04:00,144.52647939059113,146.04709009069717,143.97086362595675,145.22830200195312,72434100,0.0,0.0,67.81659277075005,3.855525761881239,130.82164703369142,124.42957721710205,87903700.0
2021-07-27 00:00:00-04:00,145.35501995009983,145.44275893789174,141.87516288945258,143.06436157226562,104818600,0.0,0.0,61.31324885807984,3.65051370512154,131.19829193115234,124.58730968475342,90039065.0
2021-07-28 00:00:00-04:00,141.15382825419624,143.25929604709813,138.94113715127986,141.3195343017578,118931200,0.0,0.0,56.60011382978248,3.3091019273334155,131.56304397583008,124.72661819458008,92757820.0
2021-07-29 00:00:00-04:00,141.03684881635502,142.8498878684949,140.92962551695572,141.96286010742188,56699500,0.0,0.0,57.88554823618247,3.0552229414574583,131.96834594726562,124.83310890197754,92429725.0
2021-07-30 00:00:00-04:00,140.734754058132,142.63551823352955,140.47156674967974,142.17738342285156,70440600,0.0,0.0,58.328774829776,2.83861051966349,132.38105728149415,124.9566767501831,93327465.0
2021-08-02 00:00:00-04:00,142.66470486730785,143.2398049839172,141.58272954059322,141.84591674804688,62880000,0.0,0.0,57.32488079507068,2.6101093089326355,132.73606231689453,125.07815071105956,92528835.0
2021-08-03 00:00:00-04:00,142.12856645538005,144.30225894055675,141.51446802349406,143.63943481445312,64786600,0.0,0.0,61.214645669020435,2.544411974666673,133.1635885620117,125.21092029571533,90359075.0
2021-08-04 00:00:00-04:00,143.5517196242508,144.058579914417,142.58670986762564,143.2397918701172,56368300,0.0,0.0,59.90438324625465,2.432063207535009,133.55056518554687,125.34988796234131,87931910.0
2021-08-05 00:00:00-04:00,143.2690181917266,144.10730535100612,142.47947159810346,143.3470001220703,46397700,0.0,0.0,60.150796091793914,2.324877074382158,133.94358489990233,125.50413528442382,84973020.0
2021-08-06 00:00:00-04:00,142.8687074712915,143.6106236198985,142.16583326910765,142.6636962890625,54126800,0.22,0.0,57.71615922539337,2.159896441223225,134.3239129638672,125.64754577636718,82684820.0
2021-08-09 00:00:00-04:00,142.72225212556916,143.21035833317768,142.05843483321482,142.6148681640625,48908700,0.0,0.0,57.53694170573529,2.0021287848596785,134.7338719177246,125.79381603240967,81315270.0
2021-08-10 00:00:00-04:00,142.95653516321173,144.19632898598317,141.84365370926938,142.1365203857422,69023100,0.0,0.0,55.71183240004642,1.8175465671036477,135.1473254394531,125.94312633514404,79725070.0
2021-08-11 00:00:00-04:00,142.57587892895555,143.22993970144532,142.06824411455122,142.39039611816406,48493500,0.0,0.0,56.500490159011406,1.6724702832189848,135.5722898864746,126.09714942932129,75797205.0
2021-08-12 00:00:00-04:00,142.71249604702388,145.50446416374155,142.37081574173467,145.3482666015625,72282600,0.0,0.0,64.44465748012934,1.7757025177887442,136.04120544433593,126.26591342926025,74070320.0
2021-08-13 00:00:00-04:00,145.42634081402107,145.88516176552068,144.74299521470792,145.55325317382812,59375000,0.0,0.0,64.92275928770073,1.8526987527146161,136.54385375976562,126.42818508148193,72376500.0
2021-08-16 00:00:00-04:00,145.00659283395282,147.59356480078714,142.9858407795006,147.5252227783203,103296000,0.0,0.0,69.21179250963286,2.0492181786961794,137.04012817382812,126.62650588989258,71469570.0
2021-08-17 00:00:00-04:00,146.65636676617194,148.07187159409528,145.5434853619502,146.61732482910156,92229700,0.0,0.0,65.25563555787608,2.107408568587971,137.51804916381835,126.80030563354492,71263555.0
2021-08-18 00:00:00-04:00,146.23663716721276,147.13475089008148,142.67345256358962,142.8784637451172,86326000,0.0,0.0,52.05868506067138,1.830726553187219,137.9048178100586,126.98674133300781,71830180.0
2021-08-19 00:00:00-04:00,141.5800696426097,144.4794213850425,141.0626783117476,143.21034240722656,86960300,0.0,0.0,52.96791654586811,1.6195645648427899,138.2906202697754,127.17527290344238,72311285.0
2021-08-20 00:00:00-04:00,143.9327425154178,144.9675251601663,143.28843882859866,144.66490173339844,60549600,0.0,0.0,56.832136764180525,1.5517009069473886,138.7253988647461,127.3629779434204,71766395.0
2021-08-23 00:00:00-04:00,144.78203658666285,146.6173203855108,144.3720292286724,146.14874267578125,60131800,0.0,0.0,60.40599769527924,1.599217251214327,139.16568054199217,127.53622928619384,71151280.0
2021-08-24 00:00:00-04:00,145.89492826143862,147.27139120779157,145.60206158624175,146.06088256835938,48606400,0.0,0.0,60.088778444300125,1.6112116747491996,139.5431855773926,127.68925388336181,68340670.0
2021-08-25 00:00:00-04:00,146.24636116832204,146.74423897086186,144.28417982272728,144.8308563232422,58991300,0.0,0.0,55.680303291469976,1.504125876771468,139.91246505737305,127.8367841720581,65343675.0
2021-08-26 00:00:00-04:00,144.82112485660906,145.5727977281921,144.00109506679658,144.03038024902344,48597200,0.0,0.0,52.95735157373811,1.339230070420797,140.25579360961913,127.99182609558106,64938560.0
2021-08-27 00:00:00-04:00,143.97178711441077,145.21158091727293,143.33725507209095,145.06515502929688,55802400,0.0,0.0,55.95588180062208,1.27732245452205,140.58784561157228,128.1537422943115,64206650.0
2021-08-30 00:00:00-04:00,145.45559594581775,149.8387934277518,145.07487384085252,149.4775848388672,90956700,0.0,0.0,65.9287733209318,1.5662516581622867,141.03407470703124,128.32061965942384,65610485.0
2021-08-31 00:00:00-04:00,149.02856544896787,149.16523456794167,147.69114453920625,148.2183074951172,86453100,0.0,0.0,61.63915995195675,1.674316497887105,141.41924682617187,128.48256103515624,66693810.0
2021-09-01 00:00:00-04:00,149.19453621732464,151.29338682527435,148.71618680019012,148.88214111328125,80313700,0.0,0.0,63.00563367124071,1.792857541309786,141.78494415283203,128.6475785446167,67891080.0
2021-09-02 00:00:00-04:00,150.20974770726943,151.03953393207226,148.77471476063792,149.99497985839844,71115500,0.0,0.0,65.24094884408414,1.9540736143562185,142.17835723876954,128.81310783386232,69126970.0
2021-09-03 00:00:00-04:00,150.1023689782168,150.95168364480844,149.44830865067632,150.62953186035156,57808700,0.0,0.0,66.48451348633361,2.1087333912365978,142.5901141357422,128.98623065948487,69311065.0
2021-09-07 00:00:00-04:00,151.2836211735212,153.51914078415754,150.71741625258127,152.96270751953125,82278300,0.0,0.0,70.64335001065857,2.3919967061488308,143.05438385009765,129.1776266860962,70979545.0
2021-09-08 00:00:00-04:00,153.24581573453693,153.3043860941943,150.31717858511598,151.42030334472656,74420200,0.0,0.0,64.9092125435219,2.463626643133864,143.45524841308594,129.35834712982177,71249400.0
2021-09-09 00:00:00-04:00,151.79129510992104,152.39654212564548,150.2879194378151,150.4050750732422,57305700,0.0,0.0,61.377724098883,2.4106845761731392,143.8055911254883,129.54030715942383,71690010.0
2021-09-10 00:00:00-04:00,151.31293648668662,151.78151431271888,145.1627947987088,145.42637634277344,140893200,0.0,0.0,47.67813514369313,1.9445724075918918,144.0440786743164,129.714328956604,75120540.0
2021-09-13 00:00:00-04:00,147.04689552955006,147.81809686029018,145.21161123932484,145.99258422851562,102404300,0.0,0.0,49.07036851557206,1.6023920224368169,144.28784637451173,129.88476902008057,77272005.0
2021-09-14 00:00:00-04:00,146.77349074156675,147.47636462391318,143.41531883609252,144.59652709960938,109296300,0.0,0.0,45.832116124111735,1.2046747186853395,144.45125152587892,130.0440506362915,77572020.0
2021-09-15 00:00:00-04:00,145.0261185341006,145.88519025288556,142.88821089491876,145.4849395751953,83281300,0.0,0.0,48.17590889687914,0.9502148665770846,144.592265625,130.20505374908447,77124600.0
2021-09-16 00:00:00-04:00,144.90896023332135,145.42635157507343,143.71798000246844,145.25062561035156,68034100,0.0,0.0,47.59102374571358,0.7213313628400613,144.67888061523436,130.35293395996095,76210005.0
2021-09-17 00:00:00-04:00,145.27992686740734,145.27992686740734,142.29270460935308,142.5855712890625,129868800,0.0,0.0,41.43005797319034,0.3211894540789899,144.73812286376952,130.4696591567993,78355430.0
2021-09-20 00:00:00-04:00,140.37933813407227,141.3945924183066,137.90952209387459,139.539794921875,123478900,0.0,0.0,35.73617603298423,-0.23894023539926934,144.69999359130858,130.5694063949585,81501895.0
2021-09-21 00:00:00-04:00,140.50624891873463,141.16032435989862,139.38361057442205,140.0181427001953,75834000,0.0,0.0,37.19603339075164,-0.6369065199347119,144.6833236694336,130.67222564697266,82287005.0
2021-09-22 00:00:00-04:00,141.0139086418493,142.94680544027904,140.28174918379625,142.380615234375,76404300,0.0,0.0,43.966231547204515,-0.7529859250928155,144.69167877197265,130.79020946502686,83676900.0
2021-09-23 00:00:00-04:00,143.16153904107028,143.581318108749,142.1755699033987,143.33726501464844,64838200,0.0,0.0,46.48207970428296,-0.7590363492251129,144.65073944091796,130.90568923950195,83969245.0
2021-09-24 00:00:00-04:00,142.1950877231893,143.96202960944674,142.09746053449825,143.42510986328125,53477900,0.0,0.0,46.71864870289984,-0.7481191568541021,144.62461853027344,131.0185474395752,84213280.0
2021-09-27 00:00:00-04:00,142.00961449990794,142.48796392317834,140.39887004950094,141.9119873046875,74150700,0.0,0.0,43.178144840200744,-0.8517451600198456,144.60898010253905,131.1364715194702,85130695.0
2021-09-28 00:00:00-04:00,139.8424381686271,141.3067568929059,138.31954907870838,138.53431701660156,108972300,0.0,0.0,36.524146258692724,-1.1926709101534811,144.60259826660158,131.2304141998291,86031475.0
2021-09-29 00:00:00-04:00,139.08098176355122,141.013878143942,138.65144592439347,139.4324188232422,74602000,0.0,0.0,39.20681247439031,-1.3745428390999166,144.54204711914062,131.3328797531128,85438920.0
2021-09-30 00:00:00-04:00,140.24265523549735,140.94552924628812,137.91926531672686,138.134033203125,89056700,0.0,0.0,36.78630165974146,-1.604945706527701,144.4701498413086,131.4319140625,85876070.0
2021-10-01 00:00:00-04:00,138.52452409983053,139.5202648503588,135.80089824481317,139.25668334960938,94639600,0.0,0.0,40.22272776137709,-1.6776146569976618,144.39341217041016,131.5069263458252,87052275.0
2021-10-04 00:00:00-04:00,138.38788760314102,138.82719517325862,134.98091529074117,135.83021545410156,98322000,0.0,0.0,34.12515066674875,-1.9887673744491678,144.21383392333985,131.5651463317871,89077940.0
2021-10-05 00:00:00-04:00,136.17185207930245,138.8564357660988,136.04493972017434,137.75331115722656,80861100,0.0,0.0,39.65444816563077,-2.05647463403281,144.0643341064453,131.62865798950196,89007080.0
2021-10-06 00:00:00-04:00,136.15233067899587,138.76857249312508,135.07849119061893,138.6221466064453,83221100,0.0,0.0,42.02218528415612,-2.0167772131531763,143.9754898071289,131.70642459869384,89447125.0
2021-10-07 00:00:00-04:00,139.65692980871162,140.7893396562003,139.32502120039112,139.88145446777344,61732700,0.0,0.0,45.368090728589394,-1.8622344219517686,143.9467282104492,131.7828603363037,89668475.0
2021-10-08 00:00:00-04:00,140.60385709315267,140.7502829805711,139.16882381318146,139.500732421875,58773200,0.0,0.0,44.531373509430985,-1.750302832256466,143.89748565673827,131.83965980529786,85562475.0
2021-10-11 00:00:00-04:00,138.88573944232053,141.36531233280488,138.43667519346084,139.4128875732422,64452200,0.0,0.0,44.32823065183588,-1.6496682375741045,143.8421957397461,131.90048961639405,83664870.0
2021-10-12 00:00:00-04:00,139.82288519545196,139.84241361250955,137.68497785008697,138.143798828125,73035900,0.0,0.0,41.39059763241562,-1.6532616802388702,143.76815338134764,131.95006732940675,81851850.0
2021-10-13 00:00:00-04:00,137.88022678873125,138.0364094315763,135.88874541033104,137.55807495117188,78762700,0.0,0.0,40.07073106200342,-1.6839608784341635,143.64652618408203,131.9737854385376,81625920.0
2021-10-14 00:00:00-04:00,138.72954178771872,140.45744186952987,138.1438084019397,140.3402862548828,69907100,0.0,0.0,48.47547014091522,-1.4668797373687994,143.58853607177736,132.020256690979,81719570.0
2021-10-15 00:00:00-04:00,140.35006796929892,141.45317790755652,140.09624319922384,141.3946075439453,67940300,0.0,0.0,51.264773762428796,-1.1959799401146824,143.54948822021484,132.07758655548096,78623145.0
2021-10-18 00:00:00-04:00,140.03768477656104,143.34704466516118,139.75458969636082,143.06394958496094,85589200,0.0,0.0,55.38325137745043,-0.8369402217278434,143.55749328613283,132.14826694488525,76728660.0
2021-10-19 00:00:00-04:00,143.51297237963328,145.62159463310732,143.06392303976392,145.22134399414062,76378900,0.0,0.0,60.07860526627643,-0.3740036778522722,143.60962280273438,132.2456693649292,76755905.0
2021-10-20 00:00:00-04:00,145.16273523241006,146.18776090909918,144.5965304310407,145.70941162109375,58418800,0.0,0.0,61.076573267634465,0.031892213406621295,143.68108062744142,132.33773906707765,75856630.0
2021-10-21 00:00:00-04:00,145.27016433537898,146.0804224119474,144.35252229936606,145.92422485351562,61421000,0.0,0.0,61.53237087609545,0.36667446910570334,143.75175720214844,132.45230762481688,75685770.0
2021-10-22 00:00:00-04:00,146.129212114762,146.60754657748723,145.10418628692474,145.1529998779297,58883400,0.0,0.0,58.867117608400456,0.563267412480144,143.7478518676758,132.54203243255614,75956045.0
2021-10-25 00:00:00-04:00,145.14325947301697,145.8168484447923,144.1084766625064,145.10421752929688,50720600,0.0,0.0,58.69393894039783,0.7069827515579732,143.73887115478516,132.6260234451294,74784540.0
2021-10-26 00:00:00-04:00,145.77776213009912,147.25183711393476,145.465367092144,145.76800537109375,60893400,0.0,0.0,60.40103036409707,0.8644751926134973,143.70372680664062,132.72824821472167,72380595.0
2021-10-27 00:00:00-04:00,145.80705169170784,146.168245431377,144.95775186240334,145.30918884277344,56094900,0.0,0.0,58.59833348362517,0.9414143884164901,143.67756408691406,132.82905349731445,71455240.0
2021-10-28 00:00:00-04:00,146.25616571377768,149.5264686918417,146.1585385042387,148.9407501220703,100077900,0.0,0.0,66.99484892201286,1.2806632120987445,143.79880981445314,132.937862701416,72006300.0
2021-10-29 00:00:00-04:00,143.7179883048137,146.373287179863,142.92725865743117,146.2366180419922,124953200,0.0,0.0,57.623537118937016,1.3161477574606977,143.85933532714844,133.04277069091796,73521980.0
2021-11-01 00:00:00-04:00,145.44588063726485,146.1389830509936,144.28418557941234,145.41659545898438,74588300,0.0,0.0,55.10619636303641,1.2635352976899128,143.87436920166016,133.1521776199341,72335295.0
2021-11-02 00:00:00-04:00,145.12373606469237,147.96451766703325,145.11396440756303,146.45138549804688,69122000,0.0,0.0,57.622092524367616,1.2904628004421568,143.88042205810547,133.26340621948242,71748340.0
2021-11-03 00:00:00-04:00,146.8125588879088,148.35497602206758,146.25612565424197,147.8863983154297,54511500,0.0,0.0,60.89495198905373,1.4113276749202441,143.91693237304688,133.3614052581787,70312860.0
2021-11-04 00:00:00-04:00,147.97429607005193,148.8040677773685,147.056653914814,147.36904907226562,60394600,0.0,0.0,59.12218741695554,1.4486688457840557,143.96769622802734,133.43330368041993,70245955.0
2021-11-05 00:00:00-04:00,148.49330137784227,148.79636649786093,146.70422366033108,147.89694213867188,65463900,0.22,0.0,60.38933932200003,1.5035268300113955,144.0450274658203,133.49715347290038,70580490.0
2021-11-08 00:00:00-05:00,148.02403856122066,148.18046407919945,146.80199217243356,147.0757293701172,55020900,0.0,0.0,57.40802309892672,1.4638626728117572,144.08523895263673,133.5381930541992,70108925.0
2021-11-09 00:00:00-05:00,146.8410949734435,148.0435844748696,146.70422637098488,147.4374542236328,56787900,0.0,0.0,58.38263055665056,1.4449601143425355,144.04443634033203,133.57987548828126,69296525.0
2021-11-10 00:00:00-05:00,146.6651351263565,146.77267581374304,144.54366421842147,144.61209106445312,65187100,0.0,0.0,48.95905766676366,1.1882985402871498,143.97231201171874,133.6127751159668,68617745.0
2021-11-11 00:00:00-05:00,145.62883774477925,146.0883134852804,144.37744845730748,144.56320190429688,41000000,0.0,0.0,48.81223820113129,0.9697685587750584,143.88593322753906,133.66957542419433,67172390.0
2021-11-12 00:00:00-05:00,145.11066161989166,147.03660782102534,144.18190939663026,146.6357879638672,63804000,0.0,0.0,54.976418175721776,0.9528386172281671,143.81874938964845,133.76166160583497,66965575.0
2021-11-15 00:00:00-05:00,147.00728981052836,148.483531417499,146.08830852560698,146.64556884765625,59222800,0.0,0.0,55.003956259053126,0.9294960997118835,143.73907012939452,133.84320571899414,65647255.0
2021-11-16 00:00:00-05:00,146.5869216938867,148.1022623119589,146.0003334167105,147.6232147216797,59256200,0.0,0.0,57.783443171271585,0.9786040990190941,143.6322802734375,133.9255084991455,64791120.0
2021-11-17 00:00:00-05:00,147.6232038564801,151.53375230300938,147.61343285568483,150.05752563476562,88807000,0.0,0.0,63.78255870232252,1.2001168881353692,143.6050247192383,134.02508407592774,66310530.0
2021-11-18 00:00:00-05:00,150.27262482103686,155.12169711619316,149.62738067059388,154.33958435058594,137827700,0.0,0.0,71.46422369993084,1.701578977871577,143.68371490478515,134.1293090057373,70130865.0
2021-11-19 00:00:00-05:00,154.12446895909494,157.41911583313842,153.02952027938457,156.95962524414062,117305600,0.0,0.0,74.96330994180062,2.2840772792547455,143.9143798828125,134.24870185852052,73051975.0
2021-11-22 00:00:00-05:00,158.064326917399,161.99443143444842,157.39954098546454,157.41909790039062,117467900,0.0,0.0,75.52998675633025,2.7510743109879456,144.14291015625,134.369662399292,76389340.0
2021-11-23 00:00:00-05:00,157.51689191338718,158.18169292863084,155.502961782972,157.8004150390625,96041900,0.0,0.0,76.0151707880431,3.116022363311288,144.40698791503905,134.49690864562987,78146765.0
2021-11-24 00:00:00-05:00,157.1551823252834,158.5140974575523,156.07000441983408,158.31857299804688,69463600,0.0,0.0,76.6914833615835,3.4077746362094103,144.6636605834961,134.62976203918458,78815200.0
2021-11-26 00:00:00-05:00,156.0015407986573,156.8618512011978,152.86331951425362,153.30325317382812,76959800,0.0,0.0,59.27056512818146,3.1974379451097263,144.82471313476563,134.73880378723143,77659295.0
2021-11-29 00:00:00-05:00,155.8060008585356,157.58530732404222,155.23896961955737,156.65655517578125,88748200,0.0,0.0,64.99590731339234,3.26370607679587,145.1061328125,134.86344436645507,75849045.0
2021-11-30 00:00:00-05:00,156.41214364910118,161.81847488073362,156.3437019010155,161.6033935546875,174048100,0.0,0.0,71.38605070772162,3.6730519073254584,145.54740478515626,135.0234260559082,80822035.0
2021-12-01 00:00:00-05:00,163.73463874085127,166.49158221025922,160.85061260681175,161.0852508544922,152052500,0.0,0.0,69.94572958723839,3.9105729904048303,145.9687469482422,135.19225086212157,84968560.0
2021-12-02 00:00:00-05:00,155.19014164372396,160.52803264766237,154.27116024660182,160.09786987304688,136739200,0.0,0.0,67.16469077649784,3.9733346382815853,146.32309204101563,135.3616368484497,89079945.0
2021-12-03 00:00:00-05:00,160.3520514474846,161.271032766341,156.14820866843903,158.22079467773438,118023100,0.0,0.0,62.10898411957948,3.827488510487399,146.62076263427736,135.52085899353028,91961370.0
2021-12-06 00:00:00-05:00,160.61597549233863,164.12570364495514,160.60620449270007,161.62295532226562,107497000,0.0,0.0,66.96298136045337,3.9410009288962726,146.98471954345703,135.71592128753662,94063025.0
2021-12-07 00:00:00-05:00,165.29886939857903,167.74296195252498,164.5754126322905,167.35189819335938,120405400,0.0,0.0,73.19098074597738,4.4420331560685895,147.49351776123046,135.94030952453613,97332250.0
2021-12-08 00:00:00-05:00,168.28070694285483,172.02505945223345,166.88267789889346,171.16473388671875,116998900,0.0,0.0,76.38212744816558,5.088116145419548,148.1461260986328,136.18624336242675,100342800.0
2021-12-09 00:00:00-05:00,170.9985052389604,172.79735388590385,170.03063915946248,170.6563262939453,108923700,0.0,0.0,75.09848043871037,5.495765561066747,148.77060424804688,136.45084869384766,102529630.0
2021-12-10 00:00:00-05:00,171.29180928871014,175.61296364291238,170.78343380069845,175.43698120117188,115402700,0.0,0.0,78.71996224487405,6.133881984032712,149.5166632080078,136.73804359436036,106249765.0
2021-12-13 00:00:00-05:00,177.0696450374433,178.05706815750167,171.6046566651188,171.80996704101562,153237000,0.0,0.0,70.35950943261528,6.274594496554471,150.16772888183593,136.97533184051514,110721415.0
2021-12-14 00:00:00-05:00,171.33091243496327,173.76523433574428,168.3589020297747,170.43148803710938,139380400,0.0,0.0,67.42845606293508,6.203369855095474,150.85975433349608,137.2187184524536,114729295.0
2021-12-15 00:00:00-05:00,171.19404218690133,175.4858686850592,168.45665517933287,175.29034423828125,131063300,0.0,0.0,71.87579078758242,6.464474464244233,151.6104949951172,137.50128776550292,118319650.0
2021-12-16 00:00:00-05:00,175.27077720416733,177.08918279763162,166.93153397693786,168.4077606201172,150185800,0.0,0.0,59.48566000922018,6.046336368376245,152.20620727539062,137.75883464813234,121388590.0
2021-12-17 00:00:00-05:00,166.12988807604526,169.59073223954843,165.8952646870351,167.31283569335938,195432700,0.0,0.0,57.779252691816936,5.56248673935508,152.75483489990233,138.00463043212892,124268840.0
2021-12-20 00:00:00-05:00,164.51676029378936,166.76532847471316,163.71510567618958,165.95388793945312,107499100,0.0,0.0,55.645691682887225,5.0116060212707225,153.2838980102539,138.2682508468628,123778515.0
2021-12-21 00:00:00-05:00,167.72341591348743,169.3267401361631,165.3379790393109,169.12144470214844,91185900,0.0,0.0,59.40820250836157,4.775574590493505,153.87806915283204,138.52469532012938,122464415.0
2021-12-22 00:00:00-05:00,169.1703411922784,171.92728536537462,168.30024464668514,171.7122039794922,92135300,0.0,0.0,62.23030489072323,4.742897433627121,154.54943725585937,138.79949417114258,122269085.0
2021-12-23 00:00:00-05:00,171.9174833311616,172.89512039322665,171.35045204505695,172.33786010742188,68356600,0.0,0.0,62.901098409002515,4.713155449892838,155.24503295898438,139.0677876663208,122213735.0
2021-12-27 00:00:00-05:00,173.12975263201184,176.3852860059842,173.1102106304085,176.29730224609375,74919600,0.0,0.0,66.90670563925104,4.951995086805425,155.9641732788086,139.3604033279419,122111725.0
2021-12-28 00:00:00-05:00,176.1310871789595,177.27492068975482,174.5375340801528,175.28053283691406,79144300,0.0,0.0,64.96683758169152,5.001577355599466,156.64189178466796,139.63353324890136,121631530.0
2021-12-29 00:00:00-05:00,175.31969120341034,176.59062262185972,174.15630048000423,175.3685760498047,62348900,0.0,0.0,65.06130180520358,4.99044922014906,157.28798431396484,139.8994158554077,116046570.0
2021-12-30 00:00:00-05:00,175.45652327947462,176.53193000592643,174.10737937130014,174.2149200439453,59773000,0.0,0.0,62.676470411193925,4.832829840395419,157.86785583496095,140.16347122192383,111432595.0
2021-12-31 00:00:00-05:00,174.1073747963206,175.22188041192248,173.29593427269404,173.59901428222656,64062300,0.0,0.0,61.382856593771336,4.605131805859941,158.4256478881836,140.44502807617187,107798750.0
2022-01-03 00:00:00-05:00,173.85321176039008,178.79028222604728,173.73590007898758,177.93972778320312,104487900,0.0,0.0,66.61295265808477,4.720523518984294,159.06595794677733,140.7509159851074,107121990.0
2022-01-04 00:00:00-05:00,178.5458966574974,178.84896181974315,175.11438034514651,175.68141174316406,99310400,0.0,0.0,61.91474820232217,4.576984424716983,159.67652618408204,141.02896961212159,106712660.0
2022-01-05 00:00:00-05:00,175.59339039534856,176.14086475419518,170.73453308424857,171.00827026367188,94537600,0.0,0.0,53.50510881455513,4.039579438824745,160.19460723876952,141.28779315948486,105419270.0
2022-01-06 00:00:00-05:00,168.83790737145776,171.37976954533002,167.80161453547433,168.153564453125,96904000,0.0,0.0,49.116305974487794,3.344774733494347,160.64231842041016,141.54426380157471,104414525.0
2022-01-07 00:00:00-05:00,169.0236630282213,170.2457092977057,167.2052575825263,168.31976318359375,86709100,0.0,0.0,49.376653048522165,2.7755530000279123,161.10252990722657,141.79913249969482,103303795.0
2022-01-10 00:00:00-05:00,165.29888813158135,168.64240533418686,164.40923476090865,168.33934020996094,106765600,0.0,0.0,49.40948879120523,2.299513022919399,161.49050170898437,142.05108249664306,102871940.0
2022-01-11 00:00:00-05:00,168.46646040973286,171.26248866253403,167.0000045144569,171.16473388671875,76138300,0.0,0.0,54.0425577590241,2.12572948204388,161.98906402587892,142.3162837600708,99017005.0
2022-01-12 00:00:00-05:00,172.1814777238459,173.2177708823876,170.910561158879,171.60467529296875,74805200,0.0,0.0,54.73764197399384,2.00044448975342,162.51282562255858,142.5909342575073,95788245.0
2022-01-13 00:00:00-05:00,171.84905393496265,172.6702655459411,167.94827640647682,168.33934020996094,84505800,0.0,0.0,48.83398226831681,1.6190070733343305,162.95058471679687,142.83831069946288,93460370.0
2022-01-14 00:00:00-05:00,167.50838363805684,169.8938212111198,167.26397429520307,169.19970703125,80440800,0.0,0.0,50.35335972573811,1.3703431223015627,163.3768508911133,143.08585327148438,89973120.0
2022-01-18 00:00:00-05:00,167.6745435442064,168.68150862321704,165.62151446360372,166.00279235839844,90956700,0.0,0.0,45.005481074982484,0.9048799602985866,163.74952575683594,143.3033013534546,84749320.0
2022-01-19 00:00:00-05:00,166.19833085017333,167.25418085979933,162.22912604138475,162.51263427734375,94815000,0.0,0.0,40.00955965399613,0.2514716535704906,164.04183959960938,143.5017903137207,84115115.0
2022-01-20 00:00:00-05:00,163.24581922868165,165.8854360990158,160.50843269303434,160.8310546875,91420500,0.0,0.0,37.83059409935158,-0.39746680648684674,164.31694610595704,143.68364879608154,84126845.0
2022-01-21 00:00:00-05:00,160.74307541554964,162.61036568511253,158.67048972769118,158.7780303955078,122848900,0.0,0.0,35.30271638581205,-1.0651388562463922,164.54375762939452,143.84327297210694,85662525.0
2022-01-24 00:00:00-05:00,156.44146612794097,158.67047714081284,151.24043048620277,158.00567626953125,162294600,0.0,0.0,34.37219317710452,-1.6377176989421969,164.8116293334961,143.98619060516359,90359425.0
2022-01-25 00:00:00-05:00,155.42470514878522,159.12017131763488,153.50854524070638,156.20681762695312,115798400,0.0,0.0,32.240677667351235,-2.211154601898812,165.04450164794923,144.12867713928222,92403365.0
2022-01-26 00:00:00-05:00,159.84367643647036,160.71377291639465,154.29070450112417,156.11888122558594,108275300,0.0,0.0,32.135765408756754,-2.64224505529981,165.2341635131836,144.25520309448243,93859915.0
2022-01-27 00:00:00-05:00,158.8171416631375,160.1760566161972,154.74039680395836,155.6593780517578,121954600,0.0,0.0,31.557889569607866,-2.986538455104011,165.41443969726564,144.39110855102538,96840200.0
2022-01-28 00:00:00-05:00,162.00422657695262,166.5404614570555,159.15929945417386,166.52090454101562,179935700,0.0,0.0,53.04964204493635,-2.355802812444523,165.79239349365236,144.5693039703369,102848335.0
2022-01-31 00:00:00-05:00,166.3547206203823,171.0864802658057,165.71924760028926,170.87139892578125,115541600,0.0,0.0,58.650461058030544,-1.4877419698389076,166.20867095947267,144.77090614318848,105422300.0
2022-02-01 00:00:00-05:00,170.11858160517104,170.9300219746101,168.45660195631405,170.70516967773438,86213900,0.0,0.0,58.36397006780254,-0.8039434494668569,166.53598266601563,144.96836853027344,104508600.0
2022-02-02 00:00:00-05:00,170.8421090824681,171.94684394629172,169.45386598046034,171.90773010253906,84914300,0.0,0.0,59.890383564510124,-0.16311137312865753,166.8349447631836,145.18026092529297,103788795.0
2022-02-03 00:00:00-05:00,170.57810026310062,172.2987509371964,168.27087633720052,169.03343200683594,89418100,0.0,0.0,54.726133822402886,0.11153512204469962,167.0672314453125,145.375884475708,103532820.0
2022-02-04 00:00:00-05:00,168.05455952783922,170.42346859121156,167.0756769166009,168.74957275390625,82465400,0.22,0.0,54.22881353458908,0.30279890153886413,167.28621459960937,145.5776789855957,102810890.0
2022-02-07 00:00:00-05:00,169.20965988540354,170.2766384169295,167.33999039041194,168.03500366210938,77251200,0.0,0.0,52.924962950241856,0.39219607870248296,167.48054321289064,145.76432052612304,102337995.0
2022-02-08 00:00:00-05:00,168.1035342150904,171.6471000057892,167.80986639624405,171.13807678222656,74829200,0.0,0.0,57.68316979818237,0.7053057276154675,167.8372396850586,145.96453140258788,100741175.0
2022-02-09 00:00:00-05:00,172.3322952525055,172.91961588647231,171.20657123174874,172.55743408203125,71285000,0.0,0.0,59.69017267371901,1.0558069667469283,168.1552572631836,146.17344467163085,100498510.0
2022-02-10 00:00:00-05:00,170.46260694632986,171.77430598076174,167.92730472233933,168.48526000976562,90865900,0.0,0.0,52.06116532868893,0.9935384165210905,168.29289459228517,146.3659383392334,101301545.0
2022-02-11 00:00:00-05:00,168.690860750742,169.4250227899619,164.4914455219278,165.0787811279297,98670700,0.0,0.0,46.68573265920862,0.6616882351262632,168.3727651977539,146.5418859863281,102009790.0
2022-02-14 00:00:00-05:00,163.83559821712237,165.9989356288058,163.04270559336564,165.313720703125,86185500,0.0,0.0,47.09148429650638,0.412892666127334,168.47708221435548,146.72883659362793,102297025.0
2022-02-15 00:00:00-05:00,167.35955476472148,169.29773807776493,166.654758116967,169.14111328125,62527400,0.0,0.0,53.3237290717492,0.5185810993133657,168.69548858642577,146.9296694946289,100875560.0
2022-02-16 00:00:00-05:00,168.22100455291906,169.67953027359678,166.45901263665095,168.90621948242188,61177400,0.0,0.0,52.91179789029806,0.5767377043324871,168.8411538696289,147.15214714050293,99193680.0
2022-02-17 00:00:00-05:00,167.41831260412283,168.2797341887302,164.91237519788157,165.313720703125,69589300,0.0,0.0,46.93936686725119,0.32914838735985086,168.80039031982423,147.35544574737548,98102120.0
2022-02-18 00:00:00-05:00,166.23386310925557,166.93864489391834,162.68051421778296,163.76707458496094,82772700,0.0,0.0,44.60504051804367,0.008037996973769168,168.65243713378905,147.54303192138673,96098310.0
2022-02-22 00:00:00-05:00,161.4960419882263,163.16993775264925,158.72580252665216,160.84999084472656,91162800,0.0,0.0,40.51281645080085,-0.4763376556491039,168.45631042480468,147.71266952514648,92541720.0
2022-02-23 00:00:00-05:00,162.04421705709984,162.64133603328534,156.37649344425944,156.6897430419922,90009200,0.0,0.0,35.50932794326694,-1.1822775198235718,168.0813656616211,147.87788177490233,91252260.0
2022-02-24 00:00:00-05:00,149.35790916683425,159.4110376690062,148.79015546543386,159.30335998535156,141147500,0.0,0.0,40.482490345265205,-1.51339740060601,167.83123352050782,148.06074348449707,92895870.0
2022-02-25 00:00:00-05:00,160.38012393186045,161.6330924831591,157.47284137265066,161.36880493164062,91974200,0.0,0.0,44.14797204514179,-1.5908102755822142,167.64997985839844,148.26923606872558,91396850.0
2022-02-28 00:00:00-05:00,159.6165763607333,161.92673963359974,158.9998756125995,161.63307189941406,95056600,0.0,0.0,44.61794118632254,-1.6122513707915687,167.3768344116211,148.46832763671875,87152895.0
2022-03-01 00:00:00-05:00,161.22195543903135,163.08184127413253,158.54961021930214,159.75363159179688,83474400,0.0,0.0,41.9165570942651,-1.7606035768106096,167.2037518310547,148.64593521118164,85549535.0
2022-03-02 00:00:00-05:00,160.91849038376492,163.82577254598857,159.50889722189146,163.04266357421875,79724800,0.0,0.0,47.865333607214154,-1.594397157551839,167.11834838867188,148.84573886871337,85225080.0
2022-03-03 00:00:00-05:00,164.91236813214016,165.34307890598984,162.0540324670775,162.71966552734375,76678400,0.0,0.0,47.352431983382274,-1.4717749107886675,167.0536639404297,149.05084838867188,84813285.0
2022-03-04 00:00:00-05:00,161.016452043081,162.05406551720898,158.6769225321387,159.7243194580078,83737200,0.0,0.0,42.774877218965095,-1.5978759718666993,166.86572143554687,149.2417609024048,84529240.0
2022-03-07 00:00:00-05:00,159.91025004561254,161.53519862355543,155.6814703637219,155.9359893798828,96418800,0.0,0.0,37.79811500149303,-1.9806666559022403,166.5501971435547,149.40096252441407,85226910.0
2022-03-08 00:00:00-05:00,155.4661275372027,159.4403881412621,152.50989817230385,154.11526489257812,131148300,0.0,0.0,35.65120687295622,-2.4032451662461654,166.1857452392578,149.56022323608397,87921765.0
2022-03-09 00:00:00-05:00,158.0699374448171,159.9591883833685,156.04365849416726,159.50889587402344,91454900,0.0,0.0,45.52265623692487,-2.276676625502887,165.8499771118164,149.7383129119873,88753050.0
2022-03-10 00:00:00-05:00,156.81697023000987,157.00296029096637,152.6860849715575,155.17245483398438,105342000,0.0,0.0,40.18509994406385,-2.497495126684356,165.4478155517578,149.89569511413575,90455900.0
2022-03-11 00:00:00-05:00,155.57384466842046,155.9164596416208,151.23740079888486,151.46253967285156,96970100,0.0,0.0,36.26727510313527,-2.9379872401597993,164.96969482421875,150.0347713470459,90761110.0
2022-03-14 00:00:00-04:00,148.2517595892854,150.86537421208124,146.9302771053436,147.4392852783203,108732100,0.0,0.0,32.55994065290297,-3.5705641783135604,164.43418212890626,150.16138317108155,91264180.0
2022-03-15 00:00:00-04:00,147.71337523300835,152.28477002224423,147.2043670461277,151.8148956298828,92964300,0.0,0.0,39.77098892375813,-3.676431162459693,163.99849975585937,150.31313842773437,91603120.0
2022-03-16 00:00:00-04:00,153.73350876565036,156.62120932527256,151.19820652447248,156.21986389160156,102300200,0.0,0.0,46.02762396082742,-3.36608524981645,163.56410247802734,150.48852687835694,93591760.0
2022-03-17 00:00:00-04:00,155.2605702418383,157.60009906528276,154.30126947324382,157.22811889648438,75615400,0.0,0.0,47.375153270627514,-3.004146198212794,163.19503662109375,150.66515502929687,94313660.0
2022-03-18 00:00:00-04:00,157.1204572234023,161.00662274780382,156.38629519642316,160.51718139648438,123511700,0.0,0.0,51.618714826204226,-2.423965075751653,162.98521484375,150.86563674926757,97009780.0
2022-03-21 00:00:00-04:00,160.05708320205216,162.83712104497158,159.56764191840216,161.88760375976562,95811400,0.0,0.0,53.308173300182126,-1.8324622405616537,162.8598956298828,151.06151725769044,97661715.0
2022-03-22 00:00:00-04:00,162.01484532225444,165.8422796739602,161.42752475473955,165.2549591064453,81532000,0.0,0.0,57.257717898101575,-1.0795303934205265,162.79859954833984,151.27418567657472,97180175.0
2022-03-23 00:00:00-04:00,164.44252537221885,168.99432437394225,164.1096938716203,166.6156463623047,98062700,0.0,0.0,58.77518378733563,-0.3687793315927763,162.76412567138672,151.48956375122071,97582850.0
2022-03-24 00:00:00-04:00,167.44762778277175,170.46258749011093,166.61558667077662,170.39407348632812,90131400,0.0,0.0,62.73190821245612,0.4936925168450159,162.7487124633789,151.7219330215454,95032045.0
2022-03-25 00:00:00-04:00,170.2080920251791,171.5785215356228,169.10195003253148,171.0303497314453,80546200,0.0,0.0,63.369495022572366,1.214549277860101,162.73722595214844,151.96245491027832,94460645.0
2022-03-28 00:00:00-04:00,168.53423961902578,172.01905978493204,168.3678313455488,171.89181518554688,90371900,0.0,0.0,64.26099525773193,1.8342029669841793,162.80827545166017,152.20124069213867,94226410.0
2022-03-29 00:00:00-04:00,172.95876428530602,175.22976408859992,172.61614940998814,175.1808319091797,100589400,0.0,0.0,67.51197841901157,2.561155733089322,162.92789794921876,152.44121669769288,95082160.0
2022-03-30 00:00:00-04:00,174.77948791199498,175.8171010585222,172.96854916161706,174.01596069335938,92633200,0.0,0.0,65.24818286476321,3.008594461589553,163.08816131591797,152.67946208953856,95727580.0
2022-03-31 00:00:00-04:00,174.0844546486926,174.2704447075952,170.71709656651754,170.92266845703125,103049300,0.0,0.0,59.53885999615655,3.0781075381537164,163.2563619995117,152.89975566864013,97046125.0
2022-04-01 00:00:00-04:00,170.35495761395958,171.18701389593227,168.30909632537671,170.62904357910156,78751300,0.0,0.0,59.01101567571875,3.0740681345084226,163.45232177734374,153.11058811187743,96796830.0
2022-04-04 00:00:00-04:00,170.88357292891146,174.720791608407,170.75631338866327,174.67184448242188,76468400,0.0,0.0,63.77323196826494,3.3583738802419987,163.77019805908202,153.34811668395997,95799310.0
2022-04-05 00:00:00-04:00,173.7516811601631,174.53479031608524,170.73672061862993,171.3632049560547,73401800,0.0,0.0,57.849525333926245,3.2789114238815102,164.0373486328125,153.5601342010498,92911985.0
2022-04-06 00:00:00-04:00,168.72023795719042,169.96342328033663,166.53733352192953,168.20143127441406,89058800,0.0,0.0,52.80207435970596,2.9270667393214183,164.27724090576172,153.74815498352052,92792180.0
2022-04-07 00:00:00-04:00,167.54561220472476,169.69915174465973,166.26327790789585,168.50491333007812,77594700,0.0,0.0,53.223948388071925,2.642257458259536,164.52496154785158,153.93905792236328,91404815.0
2022-04-08 00:00:00-04:00,168.1524524173325,168.1524524173325,165.62693350816983,166.49813842773438,76575500,0.0,0.0,50.038886728516125,2.2289204799384947,164.7417367553711,154.12134017944337,90385085.0
2022-04-11 00:00:00-04:00,165.14731642594322,165.46055114101816,162.0050962053992,162.24981689453125,72246700,0.0,0.0,44.03159681362499,1.5407827195746222,164.6563150024414,154.28384315490723,88560815.0
2022-04-12 00:00:00-04:00,164.4718899777678,166.2828141709391,163.12102695263263,164.11949157714844,79265200,0.0,0.0,47.044698245226805,1.1332325091327675,164.52127685546876,154.4475552368164,87875860.0
2022-04-13 00:00:00-04:00,163.85512872257044,167.4280436035417,163.24822639803168,166.8015594482422,70618900,0.0,0.0,51.1107474747639,1.014966590279755,164.4432046508789,154.617123336792,86291795.0
2022-04-14 00:00:00-04:00,167.0169298477089,167.653212444084,161.55476362429968,161.7994842529297,75329400,0.0,0.0,44.281802520659554,0.5117155945120828,164.2410397338867,154.7586107635498,86277495.0
2022-04-18 00:00:00-04:00,160.45845861462905,163.08187215208477,160.1158586140106,161.5841827392578,69023900,0.0,0.0,44.00923958718655,0.09442406004779968,164.09205474853516,154.89751068115234,83553105.0
2022-04-19 00:00:00-04:00,161.53519893963082,164.2760730051198,160.4486387361769,163.86492919921875,67723800,0.0,0.0,47.68290606817224,-0.051649920974909946,163.9943618774414,155.03470397949218,82148725.0
2022-04-20 00:00:00-04:00,165.19623667762264,165.31371275678185,162.59242008519655,163.69854736328125,67929800,0.0,0.0,47.438379086356385,-0.17877936970307928,163.90763275146483,155.1610255432129,81468615.0
2022-04-21 00:00:00-04:00,165.34307817395856,167.90774603308134,162.4064301142371,162.90565490722656,87227800,0.0,0.0,46.22189924909457,-0.3395955226688159,163.74298431396485,155.27095443725585,80926870.0
2022-04-22 00:00:00-04:00,162.94480808191494,164.32502122927878,158.08954369720692,158.3734130859375,84882400,0.0,0.0,39.92028043909288,-0.8232674057770453,163.45930389404296,155.36470420837404,80664420.0
2022-04-25 00:00:00-04:00,157.71755627231695,159.72426854560663,155.113739965227,159.44039916992188,96046400,0.0,0.0,41.92754623305533,-1.107714949594964,163.2784066772461,155.454674911499,81439430.0
2022-04-26 00:00:00-04:00,158.82373899686115,158.9118348666905,153.4105181477024,153.48883056640625,95623200,0.0,0.0,34.91942719171544,-1.7927181850650413,163.04660766601563,155.51786087036132,81701995.0
2022-04-27 00:00:00-04:00,152.61760570667977,156.41566043489684,152.09879906936447,153.263671875,88063200,0.0,0.0,34.683236058015154,-2.3269331718837805,162.80560668945313,155.57436492919922,81075685.0
2022-04-28 00:00:00-04:00,155.88707729102597,161.04579354437072,155.57382764277364,160.1843719482422,130216800,0.0,0.0,46.63200948162331,-2.1668812819602294,162.62647186279298,155.6483656311035,82954865.0
2022-04-29 00:00:00-04:00,158.42236732431553,162.69029635210208,153.92929946524063,154.3208465576172,131747600,0.0,0.0,39.96183027537648,-2.4845363135291336,162.33476440429686,155.69631408691407,84389780.0
2022-05-02 00:00:00-04:00,153.4007100151784,154.88860092145774,150.0333512355366,154.6243133544922,123055300,0.0,0.0,40.436694244841895,-2.680889356591365,162.12097625732423,155.75596611022948,86604980.0
2022-05-03 00:00:00-04:00,154.8102670522691,157.31621889046943,153.01892515604405,156.1121826171875,88966500,0.0,0.0,42.82445263581849,-2.6854853396691,161.96787841796876,155.84225997924804,87229885.0
2022-05-04 00:00:00-04:00,156.29818841895514,162.964376768375,155.8968429541357,162.51409912109375,108256500,0.0,0.0,51.781331794240074,-2.1477881655332283,162.0011605834961,155.94253059387208,88972620.0
2022-05-05 00:00:00-04:00,160.38994926297363,160.6150881198339,151.67788357069364,153.45945739746094,130525300,0.0,0.0,41.80593326252912,-2.424346834229027,161.93655487060548,156.00118339538574,91045945.0
2022-05-06 00:00:00-04:00,152.93986371222095,156.3023722983105,151.14587460582203,154.18487548828125,116124600,0.23,0.0,42.75736675986449,-2.5555278599026963,161.83418518066406,156.0566399383545,92972440.0
2022-05-09 00:00:00-04:00,151.8811126841976,152.76341048572758,148.50882129057032,149.06759643554688,131577900,0.0,0.0,38.033463379676085,-3.03739818496598,161.5881610107422,156.07793228149413,95722560.0
2022-05-10 00:00:00-04:00,152.45952464307157,153.6555174482576,149.92048190900607,151.46939086914062,115366700,0.0,0.0,41.31086154598292,-3.1887215539457827,161.38488739013673,156.10913772583007,97878560.0
2022-05-11 00:00:00-04:00,150.47925033829725,152.39087300235883,142.9405806152843,143.61700439453125,142689800,0.0,0.0,34.82568043529152,-3.897342242101672,161.06215484619142,156.1119009399414,101049790.0
2022-05-12 00:00:00-04:00,139.96043637411066,143.32293029647687,136.0685607235715,139.7545623779297,182602000,0.0,0.0,32.15199237456031,-4.7162302670000145,160.5963928222656,156.10407608032227,106648945.0
2022-05-13 00:00:00-04:00,141.74458368466105,145.18551933414366,140.29371306035543,144.21499633789062,113990900,0.0,0.0,38.06548042507181,-4.948244896345102,160.22629943847656,156.11533676147462,108582020.0
2022-05-16 00:00:00-04:00,142.68568558350242,144.61691862288893,141.34263600841436,142.67587280273438,86643800,0.0,0.0,36.87128355176367,-5.196411570045683,159.8853305053711,156.11782920837402,109463015.0
2022-05-17 00:00:00-04:00,145.9305738468132,146.8226694807634,143.7934664467187,146.3031005859375,78336300,0.0,0.0,41.526995054504546,-5.042274279612059,159.6926727294922,156.1401151275635,109993640.0
2022-05-18 00:00:00-04:00,143.960147405131,144.46010573899827,137.1469043666091,138.04881286621094,109742900,0.0,0.0,35.17038362868726,-5.522511328514156,159.37134368896486,156.11216201782227,112084295.0
2022-05-19 00:00:00-04:00,137.127274568989,138.87224434894858,133.91182362893935,134.64706420898438,136095600,0.0,0.0,32.933032327389654,-6.107195389871322,158.87410705566407,156.0691983795166,114527685.0
2022-05-20 00:00:00-04:00,136.3527898729997,137.93110665133486,130.00031651705376,134.88230895996094,137426100,0.0,0.0,33.24927137192256,-6.476917561627403,158.46830413818358,156.02687492370606,117154870.0
2022-05-23 00:00:00-04:00,135.07840236616943,140.4407585737006,134.941158046499,140.29371643066406,117726300,0.0,0.0,40.230925468354634,-6.2610956750368985,158.24492767333984,156.01502502441406,118238865.0
2022-05-24 00:00:00-04:00,138.0389654521871,139.1761411372566,134.62745335548652,137.5978240966797,104132700,0.0,0.0,38.093317293087075,-6.235709874008478,158.04809844970703,155.98993980407715,118664340.0
2022-05-25 00:00:00-04:00,135.70580258630076,138.99968110716551,135.61757730341805,137.7546844482422,92482700,0.0,0.0,38.29874423697947,-6.132245416394227,157.7668942260742,155.96803062438966,118885315.0
2022-05-26 00:00:00-04:00,134.68628135538745,141.49950829001511,134.44120114221013,140.95053100585938,90601500,0.0,0.0,42.486192107801386,-5.726361054221059,157.46150756835937,155.9608312988281,116904550.0
2022-05-27 00:00:00-04:00,142.52887188890233,146.7344424649416,142.40142537012454,146.6952362060547,90978500,0.0,0.0,49.16480695640734,-4.884835728238272,157.25084991455077,155.96756614685057,114866095.0
2022-05-31 00:00:00-04:00,146.1364342695409,147.69514080945274,143.9503080341332,145.91094970703125,103718400,0.0,0.0,48.33951382665167,-4.232417535686778,156.9587252807617,155.9693546295166,113899250.0
2022-06-01 00:00:00-04:00,146.95009283292427,148.75389460714223,144.7737792988703,145.7835235595703,74286600,0.0,0.0,48.19795043481601,-3.6831960514546154,156.6366436767578,155.96064613342284,113165255.0
2022-06-02 00:00:00-04:00,144.920824891666,148.29313081917098,143.96991252402043,148.23431396484375,72348100,0.0,0.0,51.160413610326685,-3.015415926903813,156.29623077392577,155.96873107910156,111369835.0
2022-06-03 00:00:00-04:00,144.0091506541789,145.05810131692076,141.61717995046743,142.51907348632812,88570300,0.0,0.0,44.7354477187595,-2.913779275733873,155.81429931640625,155.9669341278076,109272085.0
2022-06-06 00:00:00-04:00,144.13658414441952,145.64628674294468,142.04849579123675,143.26409912109375,71598400,0.0,0.0,45.692894896190204,-2.7415117146281602,155.27169982910155,155.96720291137694,107045775.0
2022-06-07 00:00:00-04:00,141.50932395629872,146.06781003090646,141.26424373812605,145.7835235595703,67808200,0.0,0.0,48.91595392887039,-2.3743222261953463,154.76676330566406,155.97279602050781,103857290.0
2022-06-08 00:00:00-04:00,145.6560729457736,146.9206802540853,144.55811838609154,145.04827880859375,53950200,0.0,0.0,48.02027667866014,-2.118232353840739,154.229892578125,155.96729370117188,100786465.0
2022-06-09 00:00:00-04:00,144.1855888973648,145.03846322934638,139.7251261469218,139.8329620361328,69473000,0.0,0.0,42.127736120734305,-2.309489406023147,153.52293518066406,155.93615409851074,97125625.0
2022-06-10 00:00:00-04:00,137.51946346720038,137.99001347783712,134.36282785208675,134.43145751953125,91437900,0.0,0.0,37.056014940219875,-2.8639049564246193,152.7312451171875,155.88415710449217,92567420.0
2022-06-13 00:00:00-04:00,130.25523715092532,132.53938671229503,128.85338540144875,129.28472900390625,122207100,0.0,0.0,32.98164247440741,-3.6762042583397374,151.898486328125,155.8104288482666,92978230.0
2022-06-14 00:00:00-04:00,130.5101288143863,131.25516732822615,128.89259032192393,130.14739990234375,84784300,0.0,0.0,34.28588762999519,-4.201909972975187,151.08885345458984,155.73584007263185,92885255.0
2022-06-15 00:00:00-04:00,131.64728162043858,134.63726323315953,129.5592083618082,132.7648468017578,91533000,0.0,0.0,38.21475731956319,-4.35710347283063,150.25071350097656,155.6522763824463,93545090.0
2022-06-16 00:00:00-04:00,129.48080196283757,129.78469908531477,126.50061768881059,127.50054931640625,108123900,0.0,0.0,33.83346095605282,-4.848984179835668,149.3734603881836,155.54868759155272,93464140.0
2022-06-17 00:00:00-04:00,127.51033981148552,130.4611001773296,127.25544681769559,128.97100830078125,134520300,0.0,0.0,36.039339715591005,-5.0618001517574385,148.58885192871094,155.44913192749024,93385375.0
2022-06-21 00:00:00-04:00,130.79441426737327,134.36278178825876,130.69639115129178,133.19619750976562,81000500,0.0,0.0,42.02062703090435,-4.833799849249999,147.8826776123047,155.36513801574708,90564095.0
2022-06-22 00:00:00-04:00,132.13743964836019,135.04899374439105,131.27476747959807,132.68643188476562,73409200,0.0,0.0,41.516188480670515,-4.640746159544733,147.20644348144532,155.27542251586914,88348240.0
2022-06-23 00:00:00-04:00,134.12754853756152,135.86270622381755,132.9609639616573,135.54901123046875,72433800,0.0,0.0,45.47456030825041,-4.208253364710515,146.67242736816405,155.18835403442384,86763295.0
2022-06-24 00:00:00-04:00,137.1468791706762,139.117333627322,137.01944763359853,138.87225341796875,89116800,0.0,0.0,49.72850520109259,-3.556346489245385,146.16748260498048,155.12561378479003,86595000.0
2022-06-27 00:00:00-04:00,139.89178050713437,140.66624234545563,138.19582964679236,138.87225341796875,70207900,0.0,0.0,49.72850520109259,-3.0050650741175104,145.608896484375,155.06794967651368,85575320.0
2022-06-28 00:00:00-04:00,139.33302894232776,140.59763645444562,134.61768731128618,134.73532104492188,67083400,0.0,0.0,44.69430307628967,-2.8689153789285626,145.06761322021484,155.0144944000244,84380565.0
2022-06-29 00:00:00-04:00,134.75493953918553,137.90176176618252,133.9804775247322,136.49009704589844,66242400,0.0,0.0,47.13880384423896,-2.589569066335912,144.56573150634765,154.96698196411134,82506765.0
2022-06-30 00:00:00-04:00,134.5490335635321,135.64698810352084,131.1375212724895,134.0294647216797,98964500,0.0,0.0,44.18931154806023,-2.537486994682922,143.96902221679687,154.9141466522217,83740660.0
2022-07-01 00:00:00-04:00,133.36284196732555,136.3038045198631,132.9903302157903,136.1959686279297,71051600,0.0,0.0,47.31505054326989,-2.2949381996450313,143.41897064208985,154.86770179748535,83675835.0
2022-07-05 00:00:00-04:00,135.05880629688934,138.82323473193733,134.2353254229341,138.7742156982422,73353800,0.0,0.0,50.843364488659574,-1.873081819580193,142.93634185791015,154.8353197479248,82915010.0
2022-07-06 00:00:00-04:00,138.5683715462856,141.28384979355582,138.30368070277723,140.1074676513672,74064300,0.0,0.0,52.610756188940044,-1.414865618772069,142.57102294921876,154.82292922973633,83038305.0
2022-07-07 00:00:00-04:00,140.47017616296918,143.66603189279604,140.4603783389641,143.469970703125,66253700,0.0,0.0,56.826755138168586,-0.7715066354485884,142.25161437988282,154.84258010864258,82960580.0
2022-07-08 00:00:00-04:00,142.40142264422443,144.64636610420064,142.1465445700594,144.14639282226562,64547800,0.0,0.0,57.64312031578812,-0.20469875427571083,142.064765625,154.86322135925292,83490460.0
2022-07-11 00:00:00-04:00,142.8033331399919,143.7542455393016,140.95052737444695,142.01907348632812,63141600,0.0,0.0,54.17369300426958,0.07201355607585924,141.83987365722658,154.8614136505127,83173890.0
2022-07-12 00:00:00-04:00,142.89160118673854,145.52866739512638,142.19558156771848,142.98963928222656,77588800,0.0,0.0,55.4899637730851,0.365414335014691,141.49597900390626,154.8596755218506,82481435.0
2022-07-13 00:00:00-04:00,140.1760748610569,143.5679764107693,139.32318560371215,142.6268768310547,71185600,0.0,0.0,54.8557515973085,0.5621841590468932,141.262099609375,154.85568435668947,79930360.0
2022-07-14 00:00:00-04:00,141.24462523992875,146.0187828364424,140.43095716603992,145.54823303222656,78140700,0.0,0.0,58.926964413562786,0.9429845539343091,141.08057800292968,154.87386558532714,79598180.0
2022-07-15 00:00:00-04:00,146.83245817528143,147.8912065060331,145.2835494113212,147.21478271484375,76259900,0.0,0.0,61.08310933196537,1.3635303131696048,140.9026300048828,154.91726791381836,78834525.0
2022-07-18 00:00:00-04:00,147.7735410020435,148.58720894116726,143.81303717687484,144.17576599121094,81420900,0.0,0.0,55.37449822946724,1.4350502398798994,140.53586334228515,154.9409846496582,77499375.0
2022-07-19 00:00:00-04:00,145.0090674390563,148.25392726287154,144.01894870347078,148.02845764160156,82982400,0.0,0.0,60.42408801247598,1.7820677472780346,140.42724334716797,154.99045677185057,74922480.0
2022-07-20 00:00:00-04:00,148.1460756395822,150.6949157224323,147.41083503397257,150.02828979492188,64823400,0.0,0.0,62.77849171485142,2.1931698664755856,140.34411163330077,155.04431480407715,74113625.0
2022-07-21 00:00:00-04:00,151.45961351801952,152.5085642998164,148.94999383626106,152.2928924560547,65086600,0.0,0.0,65.29622580006895,2.6709170967466775,140.40861755371094,155.12662818908692,73697495.0
2022-07-22 00:00:00-04:00,152.3320525114364,153.2045374479934,150.3910214648786,151.05763244628906,66675400,0.0,0.0,62.80086930521741,2.9162434205760803,140.40038238525392,155.19314979553224,73409575.0
2022-07-25 00:00:00-04:00,150.97921649648936,151.9889458272938,149.28326552705713,149.94007873535156,53623900,0.0,0.0,60.54648395106715,2.9860675273126276,140.52684387207032,155.24973945617677,71634930.0
2022-07-26 00:00:00-04:00,149.2636538636445,150.07732200029463,147.83239373585778,148.6166534423828,55138700,0.0,0.0,57.89599072943671,2.9011713764299145,140.7040856933594,155.2934154510498,70881470.0
2022-07-27 00:00:00-04:00,149.57735592146827,154.23387992265205,149.16562296270044,153.70449829101562,78620700,0.0,0.0,64.35612814037427,3.2074634811685314,140.89387573242186,155.3644342803955,71458335.0
2022-07-28 00:00:00-04:00,153.8907653704556,154.53778073211737,151.37134852302864,154.2534942626953,81378700,0.0,0.0,64.9805069281122,3.454678187964788,141.1254281616211,155.43863731384278,72215150.0
2022-07-29 00:00:00-04:00,158.0669387195233,160.409904944982,156.36117506106663,159.3119354248047,101786900,0.0,0.0,70.16617213257864,4.012517743965276,141.38560485839844,155.54447799682617,72356270.0
2022-08-01 00:00:00-04:00,157.84144361325252,160.37067302404677,157.72380990621818,158.33160400390625,67829400,0.0,0.0,68.06266272831536,4.325641752908638,141.79126068115235,155.64834564208985,72195160.0
2022-08-02 00:00:00-04:00,156.94937000342367,159.2139087149108,156.48861801917639,156.8611297607422,59907000,0.0,0.0,64.91884995815815,4.404368979800921,142.2355419921875,155.73094985961913,71522820.0
2022-08-03 00:00:00-04:00,157.67481177613547,163.311657015849,157.58658648416494,162.8607177734375,82507500,0.0,0.0,70.83748321758529,4.8944572300335665,142.79511016845703,155.8382804107666,71944980.0
2022-08-04 00:00:00-04:00,162.7430582477967,163.89984462441896,161.19414951620604,162.5469970703125,55474100,0.0,0.0,70.17081376535653,5.197626062530219,143.24017578125,155.93569564819336,71406000.0
2022-08-05 00:00:00-04:00,160.22044287042655,162.81208464474912,160.0142829089203,162.3212432861328,56697000,0.23,0.0,69.66274260484771,5.357910446374746,143.73464416503907,156.02119514465332,71013460.0
2022-08-08 00:00:00-04:00,163.32253000929188,164.73615535552312,161.1922805564501,161.85000610351562,60276900,0.0,0.0,68.54704635769676,5.384839000957271,144.21655059814452,156.10189811706542,70870225.0
2022-08-09 00:00:00-04:00,161.0155852740051,162.78261696114208,160.25968547297944,161.8990936279297,63135500,0.0,0.0,68.60345472500012,5.348486998649463,144.63552185058595,156.1817724609375,70147560.0
2022-08-10 00:00:00-04:00,164.60851631297595,166.23811287684435,163.8428051524665,166.13995361328125,70170500,0.0,0.0,73.09311078883327,5.597356887426088,145.02441619873048,156.28670722961425,70096805.0
2022-08-11 00:00:00-04:00,166.94492022851418,167.85789272456063,165.10917878344554,165.4036865234375,57149200,0.0,0.0,71.18977690477924,5.6698193186176695,145.4142709350586,156.38820457458496,69047230.0
2022-08-12 00:00:00-04:00,166.7093207555899,169.01626552422525,166.2970009450499,168.9475555419922,68039400,0.0,0.0,74.61606889405294,5.944680355149671,145.87755157470704,156.50410232543945,68636205.0
2022-08-15 00:00:00-04:00,168.37818541775778,170.21392688656005,168.21130119143814,170.01759338378906,54091700,0.0,0.0,75.56114076616531,6.177640820095604,146.31321716308594,156.62764434814454,67269745.0
2022-08-16 00:00:00-04:00,169.61514449782814,170.52811724537264,168.51566461022102,169.86056518554688,56377100,0.0,0.0,75.11914330194548,6.277232771745105,146.8600469970703,156.7322434234619,65939480.0
2022-08-17 00:00:00-04:00,169.60531301748716,172.92339013736907,169.4089794863745,171.3527069091797,79542000,0.0,0.0,76.5243982261266,6.402756486498248,147.42181915283203,156.85782386779786,66675410.0
2022-08-18 00:00:00-04:00,170.56735491708034,171.6962839363271,169.94889007422466,170.96002197265625,62290100,0.0,0.0,75.31877423830585,6.396810097291564,147.92534912109375,156.9855410003662,66535585.0
2022-08-19 00:00:00-04:00,169.8605242913159,170.5575254675204,168.1720291679761,168.37818908691406,70346300,0.0,0.0,67.75996007095765,6.113294945662574,148.39194732666016,157.09517501831056,66719130.0
2022-08-22 00:00:00-04:00,166.58174239756778,166.74862666169574,164.07844847706937,164.50057983398438,69026800,0.0,0.0,58.29718330611723,5.512175556595167,148.8852996826172,157.17824592590333,67489275.0
2022-08-23 00:00:00-04:00,164.01951691966545,165.61966421752064,163.59738564765863,164.16676330566406,54147100,0.0,0.0,57.55204872678373,4.951767018096888,149.48000579833985,157.26223449707032,67439695.0
2022-08-24 00:00:00-04:00,164.2551282502834,165.03065085876125,163.20472075222654,164.46127319335938,53841500,0.0,0.0,58.06135412261484,4.479763772216728,150.1835366821289,157.34505615234374,66200735.0
2022-08-25 00:00:00-04:00,165.68839353539587,167.0234825149317,165.26627719342727,166.91549682617188,51218200,0.0,0.0,62.13817833706411,4.25468774376327,150.91889862060546,157.44425498962403,64692710.0
2022-08-26 00:00:00-04:00,167.44561591056575,167.91681938586046,160.56401098389765,160.62290954589844,78961000,0.0,0.0,48.9888248278665,3.5278868815199758,151.4760598754883,157.51018226623535,63551415.0
2022-08-29 00:00:00-04:00,158.19813716461735,159.91608162954805,156.89251255304256,158.42393493652344,73314000,0.0,0.0,45.37522292872859,2.742835389481513,152.09452758789064,157.5792414855957,63825645.0
2022-08-30 00:00:00-04:00,159.16016386655522,159.5822800861176,154.8309411170662,155.9991455078125,77906200,0.0,0.0,41.720679276917,1.9030786775942943,152.63509033203124,157.63642120361328,64725605.0
2022-08-31 00:00:00-04:00,157.37354474862363,157.6386032608909,154.2616125155062,154.34014892578125,87991100,0.0,0.0,39.383536531334684,1.0911205158386394,153.05796936035156,157.67494300842284,64999785.0
2022-09-01 00:00:00-04:00,153.77076113952282,155.5181549609377,151.83684522830168,155.06658935546875,74229900,0.0,0.0,40.943592190970506,0.5004862009813849,153.5055725097656,157.7170481109619,65937575.0
2022-09-02 00:00:00-04:00,156.82379496598037,157.42262194968552,152.13135334781393,152.95596313476562,76957800,0.0,0.0,37.89221758987595,-0.1363340712960337,153.85371154785156,157.74371185302735,66950615.0
2022-09-06 00:00:00-04:00,153.60388383195894,154.21252227519972,150.87480729194033,151.6994171142578,73714800,0.0,0.0,36.16423022447428,-0.7339509578069112,154.11025482177735,157.7519213104248,67622510.0
2022-09-07 00:00:00-04:00,151.98409298992328,153.80019664109167,150.7962505650505,153.10321044921875,87449600,0.0,0.0,39.48445111183043,-1.0818216888050927,154.39487396240236,157.74573944091796,68838215.0
2022-09-08 00:00:00-04:00,151.8074024718103,153.49589780674214,149.88329791132227,151.63070678710938,84923800,0.0,0.0,37.293303556444876,-1.4595062096265679,154.7327816772461,157.7190948486328,69575880.0
2022-09-09 00:00:00-04:00,152.62220516793604,154.92916542303703,151.91539245059826,154.48739624023438,68028800,0.0,0.0,43.808230622490974,-1.5108962771476513,155.0927276611328,157.70443634033202,70119860.0
2022-09-12 00:00:00-04:00,156.66672837890903,161.25118449428555,156.38204700518378,160.43638610839844,104956000,0.0,0.0,54.426879980839104,-1.0593776650425468,155.6208660888672,157.71761619567872,71965690.0
2022-09-13 00:00:00-04:00,156.97104316313002,157.59931943362142,150.56065692569356,151.0220489501953,122656600,0.0,0.0,41.16844558733252,-1.444552341511553,155.9173876953125,157.68113357543945,75393935.0
2022-09-14 00:00:00-04:00,151.95465448242936,154.22235404144755,150.79627611743592,152.4651336669922,87965400,0.0,0.0,43.442776471624995,-1.6147473688409377,156.1912060546875,157.67694297790527,76973350.0
2022-09-15 00:00:00-04:00,151.81721471946022,152.3964188629796,148.60712326254628,149.5789794921875,90481100,0.0,0.0,40.103602151023956,-1.9599238928715579,156.38063629150392,157.6415550994873,77520305.0
2022-09-16 00:00:00-04:00,148.4402429431555,148.57767791761873,145.6522527794473,147.9395751953125,162278800,0.0,0.0,38.3026524102524,-2.3388047158044287,156.47002838134765,157.57323600769044,82519740.0
2022-09-19 00:00:00-04:00,146.57504690151106,151.7288812650201,146.368901915373,151.6503448486328,81474200,0.0,0.0,44.39007093556473,-2.3129798074008363,156.620107421875,157.52606147766113,83076135.0
2022-09-20 00:00:00-04:00,150.59008188296497,155.1843635395565,150.2759512881002,154.02597045898438,107689800,0.0,0.0,47.93197243689014,-2.076879277114699,156.8602453613281,157.4957019805908,85009285.0
2022-09-21 00:00:00-04:00,154.45792171393398,155.83228620825895,150.78643873263653,150.90423583984375,101696800,0.0,0.0,43.968896700695566,-2.1172593523249645,157.01853729248046,157.45911918640138,87386770.0
2022-09-22 00:00:00-04:00,149.588778163199,151.64049091114813,148.1457037475465,149.9421844482422,86652500,0.0,0.0,42.79458637646897,-2.201512692035408,157.1648434448242,157.40071533203124,89027320.0
2022-09-23 00:00:00-04:00,148.4206031759059,148.69547312127722,145.83877299693037,147.6745147705078,96029900,0.0,0.0,40.07749593962734,-2.423331406077523,157.20736907958985,157.30232841491699,91267905.0
2022-09-26 00:00:00-04:00,146.91861726875362,150.95333323742267,146.8989794231201,148.00828552246094,93339400,0.0,0.0,40.67454430170425,-2.5428790974809203,157.22323913574218,157.1865461730957,91986825.0
2022-09-27 00:00:00-04:00,149.9421927062511,151.88591989139582,147.20329010150107,148.98013305664062,84442700,0.0,0.0,42.47190039667603,-2.530036840469478,157.3193264770508,157.07816520690918,92543260.0
2022-09-28 00:00:00-04:00,144.93560783080054,147.8806554147203,142.18689375661808,147.09530639648438,146691400,0.0,0.0,39.94431418661815,-2.641499457120034,157.30066345214843,156.93645683288574,95982520.0
2022-09-29 00:00:00-04:00,143.42383363893248,144.03247205665744,138.1031007730531,139.87013244628906,128138200,0.0,0.0,32.06632983825648,-3.275092312834829,157.09750030517577,156.7767576599121,97989875.0
2022-09-30 00:00:00-04:00,138.69211755301987,140.4787870882612,135.47219979960417,135.6685333251953,124925300,0.0,0.0,28.541140430686767,-4.069344282808743,156.7650131225586,156.60294288635254,100524645.0
2022-10-03 00:00:00-04:00,135.67837316238783,140.44935170481597,135.16789396191245,139.8406982421875,114311700,0.0,0.0,36.058224836393016,-4.312424900859526,156.54067443847657,156.42569465637206,102392340.0
2022-10-04 00:00:00-04:00,142.37345088895668,143.54165578156733,141.61755096209856,143.42385864257812,87830100,0.0,0.0,41.72772516280678,-4.167892077923881,156.41035003662108,156.30077514648437,103098105.0
2022-10-05 00:00:00-04:00,141.43101553965928,144.6803824609242,140.39041942925496,143.71832275390625,79471000,0.0,0.0,42.18143501416241,-3.983666751040147,156.31238342285155,156.18280258178712,102699175.0
2022-10-06 00:00:00-04:00,143.13914221609966,144.83744897574383,142.55995305808347,142.76609802246094,68402200,0.0,0.0,41.06788346475598,-3.8698937042688613,156.09361541748046,156.06686363220214,101873095.0
2022-10-07 00:00:00-04:00,139.9290298735793,140.47878470691822,136.8956342636469,137.52391052246094,85925600,0.0,0.0,35.510132906934885,-4.154834123986319,155.7590237426758,155.90887596130372,102767935.0
2022-10-10 00:00:00-04:00,137.8478546142578,139.2909290851068,136.0317509799681,137.8478546142578,74899000,0.0,0.0,36.08575386388961,-4.304887811610371,155.32974212646485,155.73955421447755,101265085.0
2022-10-11 00:00:00-04:00,137.33735003488817,138.76080137670354,135.68813093384563,136.4342041015625,77033700,0.0,0.0,34.63300043727865,-4.486162532993944,154.89179412841796,155.56003593444825,98983940.0
2022-10-12 00:00:00-04:00,136.58152223774053,137.78898779453903,135.62928879673916,135.8059844970703,70433700,0.0,0.0,33.97834547071173,-4.627176912407862,154.47069122314454,155.35757934570313,98107355.0
2022-10-13 00:00:00-04:00,132.5173428390662,140.9598044199806,131.90868942611982,140.3708038330078,113224000,0.0,0.0,42.48570763898814,-4.32078177076383,154.02089294433594,155.1830307006836,99244500.0
2022-10-14 00:00:00-04:00,141.66661609125816,141.87277603175662,135.65872326737428,135.84524536132812,88598000,0.0,0.0,37.34758659957676,-4.392502130227854,153.48685791015626,154.98541404724122,95560460.0
2022-10-17 00:00:00-04:00,138.48597103526853,140.282437004532,137.7006219624551,139.80142211914062,85250900,0.0,0.0,43.7517006923684,-4.083043842800379,153.0364614868164,154.8133465576172,95749295.0
2022-10-18 00:00:00-04:00,142.8250309880353,144.01285874624452,138.03441429758362,141.1168975830078,99136600,0.0,0.0,45.73784165403201,-3.689122140800265,152.62179931640625,154.6509359741211,95321635.0
2022-10-19 00:00:00-04:00,139.09461918905455,142.29489928414645,138.90809708603376,141.22486877441406,61758300,0.0,0.0,45.90667342938019,-3.329839662245803,152.20831481933592,154.46736167907716,93324710.0
2022-10-20 00:00:00-04:00,140.40024050696854,143.21766459219867,140.0370077826972,140.76345825195312,64522000,0.0,0.0,45.25860249113561,-3.0472113271388253,151.70078491210938,154.2927719116211,92218185.0
2022-10-21 00:00:00-04:00,140.25296085326963,145.14175003074126,140.0369895251427,144.57237243652344,86548600,0.0,0.0,51.36261378089366,-2.4872078096717587,151.28415863037108,154.16059242248537,91744120.0
2022-10-24 00:00:00-04:00,144.49386606815804,147.47817461798252,143.3256613631015,146.71246337890625,75981900,0.0,0.0,54.43679481787591,-1.8493948611565258,150.83945678710938,154.05338691711427,90876245.0
2022-10-25 00:00:00-04:00,147.34074408565283,149.69679141311283,146.62411995147127,149.54953002929688,74732300,0.0,0.0,58.207953787559426,-1.1022894295404058,150.43009552001953,153.95953575134277,90390725.0
2022-10-26 00:00:00-04:00,148.19481318791426,149.20594507644813,145.32828678897533,146.6143035888672,88194300,0.0,0.0,53.29333095649105,-0.7385378310202952,149.96517028808594,153.8509105682373,87465870.0
2022-10-27 00:00:00-04:00,145.35778155872993,146.31982652290824,141.4899488722307,142.14767456054688,109180200,0.0,0.0,46.81561958368195,-0.8014431639999486,149.38106964111327,153.70582527160644,86517970.0
2022-10-28 00:00:00-04:00,145.48537216958695,154.6150242142885,145.11234293200243,152.88726806640625,164762400,0.0,0.0,59.54737036711651,0.01512499625835062,149.0196145629883,153.61223823547363,88509825.0
2022-10-31 00:00:00-04:00,150.3545390298714,151.41475823578028,149.13724698324478,150.53123474121094,97943200,0.0,0.0,56.35985587845211,0.46676833238524296,148.6626754760742,153.52319770812989,87691400.0
2022-11-01 00:00:00-04:00,152.23931825640548,152.60253597457515,146.3983105936967,147.8904571533203,80379300,0.0,0.0,52.939254393112314,0.6046403313721669,148.33047302246095,153.41665145874023,87318860.0
2022-11-02 00:00:00-04:00,146.22163806624556,149.3826576212183,142.34399432027527,142.37344360351562,93604600,0.0,0.0,46.57893314423159,0.26566557069233454,147.89460662841796,153.29850471496582,88025540.0
2022-11-03 00:00:00-04:00,139.45781809061094,140.18426855678922,136.20845130657773,136.33607482910156,97918500,0.0,0.0,40.80184061640752,-0.48455393686697334,147.3321026611328,153.1676219177246,89501355.0
2022-11-04 00:00:00-04:00,139.71867839937045,140.28900066971147,132.13735779737468,136.0706024169922,140814800,0.23,0.0,40.56360171860891,-1.087988057580361,146.71520477294922,153.04381965637208,92245815.0
2022-11-07 00:00:00-05:00,134.82177198830993,136.827719829141,133.40580174577732,136.6015625,83374600,0.0,0.0,41.301819858798126,-1.5060095636819142,146.23477783203126,152.93293731689454,92669595.0
2022-11-08 00:00:00-05:00,138.06669154902085,139.06965789658196,135.19542542837,137.171875,89908500,0.0,0.0,42.133195754283285,-1.7708617742893011,145.8097366333008,152.82876831054688,93313335.0
2022-11-09 00:00:00-05:00,136.18862678813056,136.23779535819637,132.343875672757,132.61920166015625,74917800,0.0,0.0,37.559841663483446,-2.3213625273818934,145.34213775634765,152.7108302307129,93537540.0
2022-11-10 00:00:00-05:00,138.88286812786214,144.4188995361328,137.171901375878,144.4188995361328,118854000,0.0,0.0,52.07858789497406,-1.7849258221499724,145.14371276855468,152.6523303222656,93819040.0
2022-11-11 00:00:00-05:00,143.3864383750097,147.5064994693465,141.9606252113591,147.20167541503906,93979700,0.0,0.0,54.7507832854552,-1.122311799823052,144.9864144897461,152.61004180908202,94088125.0
2022-11-14 00:00:00-05:00,146.48384590068005,147.77198095425382,144.96953850636208,145.80535888671875,73374100,0.0,0.0,53.149285415505915,-0.7017669549619825,144.84340240478517,152.50646408081056,93494285.0
2022-11-15 00:00:00-05:00,149.67962155098414,151.02675299903876,146.0806992107757,147.53599548339844,89868300,0.0,0.0,54.909742458410385,-0.2262264282848605,144.76013397216798,152.38978706359865,93030870.0
2022-11-16 00:00:00-05:00,146.64119143040293,147.36883205309908,144.83188757505272,146.30685424804688,64218300,0.0,0.0,53.375713715373486,0.050874984705160387,144.62420684814452,152.26779548645018,93153870.0
2022-11-17 00:00:00-05:00,143.98625266251898,148.95197725260945,143.71092672522755,148.2046661376953,80389400,0.0,0.0,55.445437232008345,0.41878986089773207,144.55568603515624,152.14928016662597,93947240.0
2022-11-18 00:00:00-05:00,149.76810292744864,150.15159363499748,147.4671586821555,148.76512145996094,74829600,0.0,0.0,56.06570092069765,0.74697840942423,144.4412405395508,152.0479386138916,93361290.0
2022-11-21 00:00:00-05:00,147.65396813268248,147.86045501907074,145.25468713947097,145.5398406982422,58724100,0.0,0.0,51.61270776795338,0.7383062609312674,144.14330963134765,151.93188995361328,92498400.0
2022-11-22 00:00:00-05:00,145.65788443814483,147.909660354169,144.47789906303868,147.6736602783203,51804100,0.0,0.0,54.204230289222686,0.8933173217942283,144.07634185791017,151.83008323669435,91351990.0
2022-11-23 00:00:00-05:00,146.95585380028717,149.29613922514196,146.84768896962234,148.548828125,58301400,0.0,0.0,55.262541311025444,1.074398439051123,143.99801574707033,151.7171369934082,89857345.0
2022-11-25 00:00:00-05:00,145.83488861865806,146.39538323134536,144.6647458342524,145.6382293701172,35195900,0.0,0.0,51.038200228789314,0.971842736352329,143.9192007446289,151.58254096984862,86158130.0
2022-11-28 00:00:00-05:00,142.71777000634125,144.19273663104678,140.98714790150922,141.81312561035156,69246000,0.0,0.0,46.05559907214263,0.5752812136713601,143.79667175292968,151.44918029785157,81382310.0
2022-11-29 00:00:00-05:00,141.8819517027843,142.39327767480953,138.007718580844,138.81402587890625,83763800,0.0,0.0,42.548280926338656,0.018784529704362285,143.53994537353515,151.31785652160644,80673340.0
2022-11-30 00:00:00-05:00,139.04018245155586,146.23802684928043,138.2043770255708,145.55953979492188,111380900,0.0,0.0,51.49542182124668,0.12067245972912133,143.3706167602539,151.21908561706542,82223420.0
2022-12-01 00:00:00-05:00,145.73654727553216,146.64119170281938,144.16324348642758,145.83486938476562,71250400,0.0,0.0,51.825201343911,0.221087614810358,143.26922943115235,151.10255439758302,81105710.0
2022-12-02 00:00:00-05:00,143.52408428382984,145.53003217962117,143.21924526160134,145.34320068359375,65447400,0.0,0.0,51.15632680536022,0.25801950528125417,143.17724975585938,150.98473930358887,79482155.0
2022-12-05 00:00:00-05:00,145.30391187981684,148.40133640660238,143.33728932207632,144.1829376220703,68826400,0.0,0.0,49.531693217865744,0.19145775638017426,143.10741821289062,150.8790853881836,75882735.0
2022-12-06 00:00:00-05:00,144.61552459354297,144.8416818733139,139.55146503985333,140.5249481201172,64727200,0.0,0.0,44.710683013445866,-0.15467904711840674,142.95775146484374,150.76287475585937,74950365.0
2022-12-07 00:00:00-05:00,139.8170142991394,140.97731424983792,137.66356048798676,138.58787536621094,69721100,0.0,0.0,42.359461904580456,-0.5786304484944935,142.74990631103515,150.6515641784668,73940995.0
2022-12-08 00:00:00-05:00,139.98414879173407,141.1247931057231,138.7451823842777,140.26930236816406,62128300,0.0,0.0,45.06022098099492,-0.7700610967274315,142.61338623046876,150.56946197509765,73301520.0
2022-12-09 00:00:00-05:00,139.96449489513216,143.14060047218985,138.54852454565471,139.78750610351562,76097000,0.0,0.0,44.41799646871588,-0.9497006388565126,142.61173370361328,150.47188270568847,71163670.0
2022-12-12 00:00:00-05:00,140.31850830999085,142.08847150955347,138.70587850686456,142.07864379882812,70462700,0.0,0.0,48.19897619870925,-0.8968522515668269,142.73993591308593,150.3754319000244,69987820.0
2022-12-13 00:00:00-05:00,147.00500937638787,147.4671667934874,141.83279839446703,143.04226684570312,93886200,0.0,0.0,49.74732916819437,-0.7683560668847065,142.80396728515626,150.28247787475587,71013425.0
2022-12-14 00:00:00-05:00,142.9242617747897,144.21239680146076,138.80418622868987,140.81997680664062,82291200,0.0,0.0,46.309531887822125,-0.8362029216955875,142.7518896484375,150.18780960083006,70634570.0
2022-12-15 00:00:00-05:00,138.75503452609877,139.43352160827794,133.7598121718234,134.2219696044922,98931900,0.0,0.0,37.92888884276996,-1.4061666682664224,142.5619625854492,150.04370613098143,72370250.0
2022-12-16 00:00:00-05:00,134.40876216882202,135.3527321802719,131.49815545789718,132.26513671875,160156900,0.0,0.0,35.85636809801193,-1.992795398849637,142.351943359375,149.89143348693847,76358625.0
2022-12-19 00:00:00-05:00,132.85516655290323,132.94366095306307,129.12842399506934,130.160888671875,79592600,0.0,0.0,33.72245916425436,-2.597555127133063,142.20468292236328,149.74361633300782,76596775.0
2022-12-20 00:00:00-05:00,129.19723960857664,131.0261987808424,127.72227301817315,130.09205627441406,77432800,0.0,0.0,33.65190869074277,-3.0472588647350847,142.0495669555664,149.61439666748046,77532210.0
2022-12-21 00:00:00-05:00,130.7607190395491,134.52680273214906,130.53456166494178,133.1894989013672,85928000,0.0,0.0,39.75942789106378,-3.117774815808957,141.9846728515625,149.5097678375244,79238405.0
2022-12-22 00:00:00-05:00,132.10785363301125,132.31434056379908,128.12544063659777,130.02322387695312,77852100,0.0,0.0,36.10106740180736,-3.390072502320862,141.86901763916015,149.36233947753905,80215940.0
2022-12-23 00:00:00-05:00,128.7350936895975,130.21006041152802,127.47645662054781,129.65940856933594,63814900,0.0,0.0,35.694655347638204,-3.593800144471203,141.65478973388673,149.2347742462158,81646890.0
2022-12-27 00:00:00-05:00,129.18741554567987,129.21691367798962,126.57180445054807,127.85993957519531,69007800,0.0,0.0,33.675329191451056,-3.8560082152671953,141.49508361816407,149.11676124572753,81634980.0
2022-12-28 00:00:00-05:00,127.505939784758,128.8432433891337,123.76936236246999,123.9365234375,85438400,0.0,0.0,29.7266332579744,-4.330477840518739,141.17778564453124,148.99924743652343,81718710.0
2022-12-29 00:00:00-05:00,125.85399366425621,128.30243635978945,125.59833816334043,127.44696044921875,75703700,0.0,0.0,36.86049236314534,-4.3728282657437205,140.90438690185547,148.87740776062012,79934850.0
2022-12-30 00:00:00-05:00,126.26697469654857,127.78126710171549,125.30332657301084,127.7615966796875,77034200,0.0,0.0,37.47317052880722,-4.331076811102065,140.63512145996094,148.73511642456054,80224040.0
2023-01-03 00:00:00-05:00,128.1057773178633,128.7154254385632,122.0977455022682,122.98272705078125,112117500,0.0,0.0,32.34013595322814,-4.630228926026604,140.2795068359375,148.56388946533204,82557545.0
2023-01-04 00:00:00-05:00,124.77235152537197,126.51281646624362,122.99256074022561,124.2511978149414,89113600,0.0,0.0,34.88957279593815,-4.710652671051264,139.87308334350587,148.3825595474243,83571905.0
2023-01-05 00:00:00-05:00,125.00834271164995,125.63766124201173,122.67790010774006,122.93355560302734,80962700,0.0,0.0,33.478402008139895,-4.825091135812457,139.3975051879883,148.18778930664064,84383680.0
2023-01-06 00:00:00-05:00,123.90701849100518,128.11558077623516,122.80570749443298,127.4567642211914,87754700,0.0,0.0,42.131297760435935,-4.49893834936654,138.95564987182618,147.99879833221436,85285360.0
2023-01-09 00:00:00-05:00,128.29257960577254,131.18351617146814,127.72225745979352,127.97791290283203,70790800,0.0,0.0,43.05045281882702,-4.1505624725687085,138.58292205810548,147.805609664917,85718485.0
2023-01-10 00:00:00-05:00,128.08609090104719,129.06940194282927,125.98180587179891,128.54824829101562,63896200,0.0,0.0,44.09694015599027,-3.784821712230226,138.31093353271484,147.59638053894042,85108445.0
2023-01-11 00:00:00-05:00,129.05959971999454,131.2818777117784,128.2827904454057,131.26222229003906,69458900,0.0,0.0,48.90816091378387,-3.238641461761091,137.8784326171875,147.3975399017334,85058255.0
2023-01-12 00:00:00-05:00,131.64572074057682,132.0193688291939,129.24643878440378,131.18356323242188,71379600,0.0,0.0,48.77713303358881,-2.7800896637189965,137.49147918701172,147.19399864196777,83932925.0
2023-01-13 00:00:00-05:00,129.82658137088367,132.66835024455597,129.46276101465787,132.51101684570312,57809700,0.0,0.0,51.15536676084603,-2.2832497654616475,137.18389038085937,146.98064956665038,82708850.0
2023-01-17 00:00:00-05:00,132.5798345273993,134.99877137842552,131.89151977321038,133.6713104248047,63646600,0.0,0.0,53.200696167357535,-1.775408764614184,137.00984771728517,146.77892631530761,80944585.0
2023-01-18 00:00:00-05:00,134.53662257229425,136.29674271738915,132.7764874230637,132.9534912109375,69672800,0.0,0.0,51.75676850799156,-1.414556991670537,136.94219604492187,146.58908042907714,76420380.0
2023-01-19 00:00:00-05:00,131.8423392118264,133.97612225756075,131.53751520588366,133.01248168945312,58280400,0.0,0.0,51.87237283612063,-1.1110122653895473,136.8810336303711,146.4009976196289,75354770.0
2023-01-20 00:00:00-05:00,133.02231973826562,135.71659745917918,131.98001240951498,135.569091796875,80223600,0.0,0.0,56.713609787246675,-0.6565851092737773,136.8603842163086,146.20548385620117,75494310.0
2023-01-23 00:00:00-05:00,135.81495956473674,140.928190614556,135.59862986628406,138.75506591796875,81760300,0.0,0.0,61.86211252376958,-0.03891820397586798,136.89204803466797,146.04244316101074,75285925.0
2023-01-24 00:00:00-05:00,137.96839974299797,140.77084282048162,137.95857203194126,140.15135192871094,66435100,0.0,0.0,63.88924871898325,0.55683700990906,137.04269104003907,145.90219276428223,74715075.0
2023-01-25 00:00:00-05:00,138.53869500355867,140.0529874380773,136.49340619294276,139.4925079345703,65799300,0.0,0.0,62.209004406789695,0.9646937162987399,136.9441632080078,145.7571307373047,74814295.0
2023-01-26 00:00:00-05:00,140.78065564701856,141.8426334902846,139.53184628445516,141.55747985839844,54105100,0.0,0.0,65.29015920248678,1.4379730133333908,136.831279296875,145.63242744445802,74069160.0
2023-01-27 00:00:00-05:00,140.77082215722044,144.77289057415175,140.69215546789684,143.4945831298828,70555800,0.0,0.0,67.93151515948307,1.9469154812329634,136.78506378173827,145.53865127563478,73325030.0
2023-01-30 00:00:00-05:00,142.54077586673455,143.12092578303154,140.46598895897412,140.6134796142578,64015300,0.0,0.0,60.55100416954969,2.093640889523442,136.64661346435548,145.4211212158203,72740610.0
2023-01-31 00:00:00-05:00,140.31846671250062,141.931096037562,139.90547792238985,141.88192749023438,65874500,0.0,0.0,62.483573321629066,2.2859242634525856,136.5581149291992,145.29652305603028,72182625.0
2023-02-01 00:00:00-05:00,141.56728874190614,144.16322923439725,138.96152054070433,143.00291442871094,77663600,0.0,0.0,64.15482701826205,2.499946671013987,136.45407989501953,145.2025402069092,70459930.0
2023-02-02 00:00:00-05:00,146.41500811186492,148.65695608667727,145.69719525256042,148.302978515625,118339000,0.0,0.0,70.78210379333497,3.061935758845692,136.4448370361328,145.136134185791,71921200.0
2023-02-03 00:00:00-05:00,145.55951636317744,154.7534795979514,145.36285717719954,151.92153930664062,154357300,0.0,0.0,74.2786383095121,3.7560068650188327,136.5724710083008,145.07641723632813,75590930.0
2023-02-06 00:00:00-05:00,150.0237617823619,150.54491539574025,148.26362674506663,149.19776916503906,69858300,0.0,0.0,67.7101984274191,4.039710462661816,136.60295318603517,145.0039133453369,74696110.0
2023-02-07 00:00:00-05:00,148.12595929659778,152.63935290701122,148.12595929659778,152.06903076171875,83322600,0.0,0.0,70.65600684829717,4.444995283767838,136.67335723876954,144.94973022460937,75322700.0
2023-02-08 00:00:00-05:00,151.31194020980092,152.00025508514892,148.6471601159277,149.3846435546875,64120100,0.0,0.0,64.71197836502144,4.497731759187218,136.74828552246095,144.90478637695313,75333895.0
2023-02-09 00:00:00-05:00,151.213581264491,151.75440537570756,147.9096553354024,148.35214233398438,56007100,0.0,0.0,62.53291158755885,4.405428538457585,136.8790658569336,144.84934509277343,74661305.0
2023-02-10 00:00:00-05:00,147.1900447411898,149.04148154329528,146.9536843926681,148.71649169921875,57450700,0.23,0.0,63.00630875666651,4.311971793078868,137.07711517333985,144.8254833984375,73964860.0
2023-02-13 00:00:00-05:00,148.65744714640496,151.91717418893083,148.62790397291747,151.51341247558594,62199000,0.0,0.0,66.50497743667206,4.412727603867552,137.19619262695312,144.81673210144044,74184325.0
2023-02-14 00:00:00-05:00,149.80964612462722,151.4345954776921,148.56878800441328,150.8732452392578,61707600,0.0,0.0,64.98995403527681,4.390312375759947,137.29696014404297,144.7701764678955,74087375.0
2023-02-15 00:00:00-05:00,150.78461690781828,153.1383177826238,150.55811427879883,152.9709014892578,65573800,0.0,0.0,67.59492996968524,4.490052939199728,137.44951416015624,144.76342674255372,73882425.0
2023-02-16 00:00:00-05:00,151.17854429955682,153.95572244720177,151.02098573800205,151.37551879882812,68167900,0.0,0.0,63.71210151518431,4.389761565573252,137.5933657836914,144.74718276977538,74376800.0
2023-02-17 00:00:00-05:00,150.03614908014094,150.6762710180938,148.5589307368263,150.2331085205078,59144100,0.0,0.0,61.00955100574101,4.17002748636375,137.78752899169922,144.71778739929198,73322825.0
2023-02-21 00:00:00-05:00,147.91880821074704,149.0021077790729,146.15600076088242,146.2249298095703,58867200,0.0,0.0,52.58204584448838,3.6306087238728253,137.9402700805664,144.63634155273436,72178170.0
2023-02-22 00:00:00-05:00,146.60900607426132,147.67260518894304,144.92498541296462,146.64840698242188,51011300,0.0,0.0,53.31578030055448,3.2003943827313606,138.06785217285156,144.6022863006592,71406980.0
2023-02-23 00:00:00-05:00,147.8105044744373,148.05670759936388,145.00379786650186,147.1309814453125,48394200,0.0,0.0,54.185772746209,2.8653561024353564,138.2147216796875,144.56701683044435,70536725.0
2023-02-24 00:00:00-05:00,144.87576101262292,144.9545478123535,143.50687229977612,144.48184204101562,55469600,0.0,0.0,48.80845613629561,2.3588807326021595,138.26278564453125,144.5440880584717,70604950.0
2023-02-27 00:00:00-05:00,145.46664446890208,146.90446214048941,145.21058363066865,145.67344665527344,44998500,0.0,0.0,51.156463657716046,2.0302444920457106,138.31540924072266,144.51510833740235,69327085.0
2023-02-28 00:00:00-05:00,144.81665531660641,146.81582313308783,144.5999954030627,145.1711883544922,50547000,0.0,0.0,50.11310835433602,1.7095630773930566,138.4024334716797,144.52287925720213,68653670.0
2023-03-01 00:00:00-05:00,144.59997660749858,144.9938954752606,142.80761119698582,143.10305786132812,55479000,0.0,0.0,45.956718974031524,1.2738556838100408,138.5800552368164,144.53962173461915,68133895.0
2023-03-02 00:00:00-05:00,142.1872382713636,144.48185327566276,141.7145174362223,143.69400024414062,52238100,0.0,0.0,47.301691596422906,0.9651133212692287,138.8086325073242,144.5370167541504,66862620.0
2023-03-03 00:00:00-05:00,145.79164167073546,148.81502337863614,145.09243318314816,148.73623657226562,70732300,0.0,0.0,57.10993403488173,1.1144523930746004,139.18013946533202,144.56731857299803,64482285.0
2023-03-06 00:00:00-05:00,151.45432771735832,153.92621703534178,151.12935277334321,151.4937286376953,87558000,0.0,0.0,61.34689674726936,1.43872650420343,139.60817291259767,144.59327171325683,61142320.0
2023-03-07 00:00:00-05:00,151.3656586110283,151.69064849711955,148.83469862838186,149.2975616455078,56182000,0.0,0.0,56.555027923912434,1.5011988653497497,139.93033416748048,144.6495154571533,60458505.0
2023-03-08 00:00:00-05:00,150.48917721139935,151.1391569879468,149.5240652876753,150.5482635498047,47204800,0.0,0.0,58.54113590068432,1.6328078601479206,140.3408349609375,144.72902145385743,58652615.0
2023-03-09 00:00:00-05:00,151.2277652608201,152.19287704902737,147.94833869640715,148.30287170410156,53833600,0.0,0.0,53.78707969363889,1.5381932460431074,140.71370422363282,144.79612426757814,58138290.0
2023-03-10 00:00:00-05:00,147.92866457828165,148.64757336129242,145.3681465462101,146.24462890625,68572400,0.0,0.0,49.79517999751649,1.2823454107073928,141.0813980102539,144.82587882995605,58766555.0
2023-03-13 00:00:00-04:00,145.56514829028342,150.8142012619364,145.45681830298673,148.18475341796875,84457100,0.0,0.0,53.31256080850475,1.2220489718697252,141.5663626098633,144.8788134765625,60116875.0
2023-03-14 00:00:00-04:00,148.98243524821328,151.07023295988367,147.82036369988242,150.2725372314453,73695900,0.0,0.0,56.81855919282515,1.3274285451161631,142.0228741455078,144.9414027404785,60691720.0
2023-03-15 00:00:00-04:00,148.89380784086057,150.92251923505987,147.64309172837056,150.66647338867188,77167900,0.0,0.0,57.467577251872186,1.4262886045596304,142.4809716796875,144.98998245239258,61464735.0
2023-03-16 00:00:00-04:00,149.84907174243986,154.08376844517147,149.33696504123728,153.4830322265625,76161100,0.0,0.0,61.879208724093054,1.7121718221939375,143.09097778320313,145.02392143249511,61994100.0
2023-03-17 00:00:00-04:00,153.7095036146111,154.3594833307599,151.936838491952,152.64590454101562,98944600,0.0,0.0,59.89083935341929,1.8498630540040324,143.6588719177246,145.05759620666504,63532935.0
2023-03-20 00:00:00-04:00,152.71486085947325,155.4230948668754,151.80882025865256,155.00946044921875,73641400,0.0,0.0,63.460850747662434,2.125205509734684,144.30039001464843,145.10372589111327,64257800.0
2023-03-21 00:00:00-04:00,154.93072241220443,156.97911935630492,154.16255477435743,156.86094665527344,73938300,0.0,0.0,66.01284736800397,2.464407695080922,144.88847366333007,145.14685905456543,65011355.0
2023-03-22 00:00:00-04:00,156.88061300312046,159.6774765177441,155.41323716716616,155.4329376220703,75701800,0.0,0.0,62.39329596308516,2.588164724312236,145.43757415771483,145.21142837524414,66245880.0
2023-03-23 00:00:00-04:00,156.41776312286146,159.0964541870748,155.28521978995877,156.5162353515625,67622100,0.0,0.0,64.00565629185341,2.742047517950823,145.9969338989258,145.2776890563965,67207275.0
2023-03-24 00:00:00-04:00,156.44731907052963,157.9048374069247,155.4526638252611,157.8162078857422,59196500,0.0,0.0,65.89530893282776,2.935064068195402,146.52801361083985,145.33785247802734,67393620.0
2023-03-27 00:00:00-04:00,157.5108907515981,158.3282868109909,155.4723219600322,155.8760986328125,52390300,0.0,0.0,60.76789253332568,2.898073287461642,147.02186431884766,145.39199157714845,67763210.0
2023-03-28 00:00:00-04:00,155.57082346557496,156.0829301456233,153.6110412861723,155.25567626953125,45992200,0.0,0.0,59.18197897089957,2.7865730480783952,147.4767575073242,145.46910514831544,67535470.0
2023-03-29 00:00:00-04:00,156.94954647836764,158.60403911493316,156.92986104995282,158.3282928466797,51305700,0.0,0.0,64.16928906888734,2.9125685071595058,147.9698971557617,145.58858932495116,67326805.0
2023-03-30 00:00:00-04:00,159.07675364456477,160.00247975071784,158.82070781762587,159.89414978027344,49501700,0.0,0.0,66.4209900070392,3.10300289849647,148.50871032714844,145.741636428833,67189985.0
2023-03-31 00:00:00-04:00,159.9729235769942,162.4940408365555,159.45097422374334,162.3955535888672,68749800,0.0,0.0,69.69708238312023,3.4163839602181554,149.09637176513672,145.90287719726564,67090860.0
2023-04-03 00:00:00-04:00,161.77514833228696,163.76445869825218,161.7259047034759,163.6462860107422,56976200,0.0,0.0,71.20960262367336,3.7227508090645642,149.65791564941406,146.05728439331054,65561770.0
2023-04-04 00:00:00-04:00,164.06978664465908,164.30613205347163,162.60241044774043,163.11451721191406,46278300,0.0,0.0,69.61854890107287,3.8779370023104605,150.14510467529297,146.2353542327881,65066585.0
2023-04-05 00:00:00-04:00,162.2380152446489,162.54330471265868,159.34266411557562,161.27288818359375,51511700,0.0,0.0,64.26337253097334,3.808418034619308,150.56753540039062,146.39686363220216,65281930.0
2023-04-06 00:00:00-04:00,159.96308282888376,162.45467221127325,159.53962067833683,162.1592254638672,45390100,0.0,0.0,65.63351423201172,3.781255799844729,151.02086975097657,146.54167877197267,64859755.0
2023-04-10 00:00:00-04:00,158.96843186504725,159.5691680908203,157.6487867222166,159.5691680908203,47716900,0.0,0.0,58.56707678761377,3.5102693491105583,151.381103515625,146.67609245300292,63816980.0
2023-04-11 00:00:00-04:00,159.8842652464405,159.89410795861718,158.0721993941455,158.35780334472656,47644200,0.0,0.0,55.554459155179565,3.1613218726462833,151.67836791992187,146.79013641357423,61976335.0
2023-04-12 00:00:00-04:00,158.77145737665472,159.59869619161648,157.35332510698044,157.66847229003906,50133100,0.0,0.0,53.85673137629196,2.79691414316045,152.0194677734375,146.88411750793458,60798195.0
2023-04-13 00:00:00-04:00,159.1752417539843,163.28190788405584,158.96842452673738,163.04554748535156,68445600,0.0,0.0,63.28264522138927,2.908476317768759,152.44274017333984,147.0049839782715,60362080.0
2023-04-14 00:00:00-04:00,162.09027277975596,163.794009087704,161.33197803499354,162.70086669921875,49386500,0.0,0.0,62.402663031209144,2.935241647496639,152.83669921875,147.14481170654298,59023350.0
2023-04-17 00:00:00-04:00,162.5826774005875,162.8781241294329,161.53877864877254,162.72055053710938,41516200,0.0,0.0,62.43478872253708,2.924331808596719,153.1250506591797,147.275963973999,56151930.0
2023-04-18 00:00:00-04:00,163.5773508935462,164.8674527745674,163.13417327770642,163.9417266845703,49923000,0.0,0.0,64.46351335591837,2.9798742564515237,153.36545440673828,147.42552528381347,54966010.0
2023-04-19 00:00:00-04:00,163.2819130529251,165.60607111909823,163.02585218946155,165.08412170410156,47720200,0.0,0.0,66.29720320255676,3.0805629649447894,153.68318145751954,147.56996604919433,53655105.0
2023-04-20 00:00:00-04:00,163.56751067945328,165.3204757933169,163.04556123695718,164.11900329589844,52456400,0.0,0.0,63.32436536968911,3.0473544964154087,153.9241809082031,147.69668998718262,52492835.0
2023-04-21 00:00:00-04:00,162.54330660065614,163.92203809382642,161.99181400338804,162.51376342773438,58337300,0.0,0.0,58.61634063903662,2.858555456130972,154.18676330566407,147.80872146606444,52028595.0
2023-04-24 00:00:00-04:00,162.49407133338445,163.08496487632468,161.400928797878,162.81906127929688,41949600,0.0,0.0,59.23706927955188,2.702414094139556,154.47610168457032,147.9054669189453,51166250.0
2023-04-25 00:00:00-04:00,162.68117729099055,163.78416246885476,161.24334444666383,161.28274536132812,48714100,0.0,0.0,54.783918010190156,2.426729260443466,154.7274267578125,147.99114868164062,50982440.0
2023-04-26 00:00:00-04:00,160.58352244501583,162.7698073781101,160.32747660698578,161.27288818359375,45498800,0.0,0.0,54.75547613775415,2.182295507495411,154.92261627197266,148.08741775512695,50957770.0
2023-04-27 00:00:00-04:00,162.68118215487013,165.99999552987848,162.68118215487013,165.85227966308594,64902300,0.0,0.0,64.08434101487292,2.3312256993332596,155.22219696044922,148.20173095703126,51637600.0
2023-04-28 00:00:00-04:00,165.9310218332577,167.27036709773776,165.33028575815172,167.10293579101562,55275900,0.0,0.0,66.1378300690299,2.5211096638350057,155.50483764648436,148.32411125183106,51926310.0
2023-05-01 00:00:00-04:00,166.70906903109534,167.86129792357815,166.07878959348815,167.0143585205078,52472900,0.0,0.0,65.8506609388987,2.634082564143881,155.81761444091796,148.43144187927246,51112465.0
2023-05-02 00:00:00-04:00,167.50674796522142,167.76280882251325,164.9954731830596,165.98028564453125,48425700,0.0,0.0,62.442042062419695,2.6100859168533646,156.13255798339844,148.5252693939209,50684940.0
2023-05-03 00:00:00-04:00,166.92568277045305,168.3241144157863,164.62122562365215,164.9068145751953,65136000,0.0,0.0,59.026280069928355,2.4759075361875205,156.50619567871092,148.62892463684082,51627825.0
2023-05-04 00:00:00-04:00,162.38570858289833,164.50304913491388,161.8145156138655,163.27203369140625,81235400,0.0,0.0,54.166720234024545,2.212156682700453,156.83866821289064,148.70514251708985,53114010.0
2023-05-05 00:00:00-04:00,168.38325340001882,171.65283843062485,168.1665934268077,170.93392944335938,113453200,0.0,0.0,67.62134730259211,2.5915098724866255,157.31472717285158,148.80967071533203,56517165.0
2023-05-08 00:00:00-04:00,169.86044681233003,171.20965008439242,169.49607101524845,170.86495971679688,55962800,0.0,0.0,67.42945950591233,2.853689175499426,157.84238952636719,148.90253105163575,56929460.0
2023-05-09 00:00:00-04:00,170.42176761942747,170.90431601807424,168.99379282252266,169.1612091064453,45326900,0.0,0.0,62.69643668034246,2.890667906373153,158.31214477539064,148.99304893493652,56813595.0
2023-05-10 00:00:00-04:00,170.3922648627901,171.38692008917508,169.28926463206565,170.92405700683594,53724500,0.0,0.0,65.40243750459155,3.0273238054492992,158.8272021484375,149.09796882629394,56993165.0
2023-05-11 00:00:00-04:00,171.20966280003566,171.9384144483228,169.5551699505623,171.11117553710938,49514700,0.0,0.0,65.6869644389813,3.114817810782057,159.38736450195313,149.21044143676758,56046620.0
2023-05-12 00:00:00-04:00,171.21962961924467,171.653548851867,168.6358569767775,170.1841583251953,45533100,0.24,0.0,62.925982468998214,3.073920654912513,159.91716766357422,149.29283973693848,55853950.0
2023-05-15 00:00:00-04:00,170.76598190315437,170.81529363826058,169.09934457223466,169.69105529785156,37266700,0.0,0.0,61.446479177005266,2.967512434828734,160.33626403808594,149.37002754211426,55641475.0
2023-05-16 00:00:00-04:00,169.61215953124739,170.74625419954612,169.42478396654107,169.69105529785156,42110300,0.0,0.0,61.44647917700527,2.8503263657052003,160.70021057128906,149.42192314147948,55250840.0
2023-05-17 00:00:00-04:00,169.3360433616003,170.53916250241704,168.06386972955488,170.302490234375,57951600,0.0,0.0,62.70740765308824,2.7748070031720715,161.1203091430664,149.48177757263184,55762410.0
2023-05-18 00:00:00-04:00,170.60819152451643,172.81722786089622,170.19400003291315,172.62985229492188,65496700,0.0,0.0,67.11608493125298,2.8696761911664055,161.56194091796874,149.56062118530272,56414425.0
2023-05-19 00:00:00-04:00,173.95134816577144,173.95134816577144,172.5213979143073,172.7383575439453,55809500,0.0,0.0,67.31011569789348,2.9199567293613597,162.05065063476562,149.61000938415526,56288035.0
2023-05-22 00:00:00-04:00,171.57465110395842,172.2945693897219,171.05197977463047,171.79161071777344,43570900,0.0,0.0,63.774215487666424,2.850550489912223,162.5615902709961,149.65623245239257,56369100.0
2023-05-23 00:00:00-04:00,170.7364116817252,170.9829553293692,168.9119826700276,169.1881103515625,50747300,0.0,0.0,55.18849608348925,2.5560008373137464,162.98165740966797,149.69056678771972,56470760.0
2023-05-24 00:00:00-04:00,168.7246024757336,170.03621645106807,168.16249079935005,169.4642333984375,45143500,0.0,0.0,55.86711133790875,2.3181270125236324,163.3654913330078,149.72863792419435,56452995.0
2023-05-25 00:00:00-04:00,170.02637505144457,171.49576564962197,169.31632809947834,170.59835815429688,56058300,0.0,0.0,58.637757295712724,2.1958127199215767,163.76412902832033,149.77213424682617,56010795.0
2023-05-26 00:00:00-04:00,170.92377905521317,173.3399036765556,170.7166757800904,173.0045928955078,54835000,0.0,0.0,63.82659321006732,2.2669092766413996,164.15456024169922,149.8064574432373,55988750.0
2023-05-30 00:00:00-04:00,174.51345913931758,176.51539231960112,174.12885165758402,174.8487548828125,55964400,0.0,0.0,67.22059934978265,2.4438906203334625,164.59861724853516,149.85368278503418,56163325.0
2023-05-31 00:00:00-04:00,174.87834951174753,176.87042648421155,174.3162227478627,174.79945373535156,99625300,0.0,0.0,67.039508428847,2.5507677568151905,164.9944171142578,149.882942276001,58723305.0
2023-06-01 00:00:00-04:00,175.24323239604442,177.62977324467488,174.4838737017158,177.60018920898438,68901800,0.0,0.0,71.70321428272456,2.8288553202537514,165.40920196533204,149.92085525512695,58911595.0
2023-06-02 00:00:00-04:00,178.52718373632618,179.2668146743205,176.78165050926717,178.4482879638672,61996900,0.0,0.0,72.95129580154332,3.0821471259554585,165.86950897216798,149.96379386901856,57949670.0
2023-06-05 00:00:00-04:00,180.10506441660397,182.39298156722955,175.57851175717974,177.09722900390625,121946500,0.0,0.0,67.81946020557993,3.1376941549732464,166.28112884521485,149.9925164794922,58374335.0
2023-06-06 00:00:00-04:00,177.4818481362361,177.62976831057978,174.97695616659206,176.73236083984375,64848400,0.0,0.0,66.45975483779752,3.1163504164155427,166.65945190429687,150.0213781738281,58818615.0
2023-06-07 00:00:00-04:00,175.9730110061888,178.70471906299082,174.86850018805862,175.36158752441406,61944600,0.0,0.0,61.47330558399099,2.9547647109994273,167.0491616821289,150.05629516601562,59649500.0
2023-06-08 00:00:00-04:00,175.44044804834044,178.3398036598064,175.00654388250445,178.07354736328125,50214900,0.0,0.0,66.78327242560438,3.0108323681357376,167.5055191040039,150.1241600036621,59474020.0
2023-06-09 00:00:00-04:00,178.99068805786467,179.71059129506313,178.13272098000036,178.45816040039062,48900000,0.0,0.0,67.46807479895241,3.051129921637198,167.90811645507813,150.19561698913574,59443285.0
2023-06-12 00:00:00-04:00,178.7638742754878,181.34764691680866,178.468018885392,181.2490234375,54274900,0.0,0.0,71.98191398330785,3.270564316410457,168.33521392822266,150.27955574035644,59880375.0
2023-06-13 00:00:00-04:00,180.272706433175,181.60403301510047,179.91768300176238,180.77565002441406,54929100,0.0,0.0,70.20265216768657,3.3674524808850776,168.7028158569336,150.34885650634766,60763495.0
2023-06-14 00:00:00-04:00,180.83483150172444,181.84073380664427,179.50350482104812,181.4068145751953,57462900,0.0,0.0,71.22399237260157,3.455335793502911,169.05802642822266,150.45277603149415,61531125.0
2023-06-15 00:00:00-04:00,181.4167083517838,183.9413132306641,181.23918907707676,183.4383544921875,65433200,0.0,0.0,74.27985404170813,3.6468733589492786,169.46450317382812,150.57784812927247,61905205.0
2023-06-16 00:00:00-04:00,184.14839232814637,184.4048073735327,181.7224110612984,182.36341857910156,101256200,0.0,0.0,70.04147005886541,3.669628719335435,169.8863137817383,150.7096694946289,63693180.0
2023-06-20 00:00:00-04:00,181.8604527350327,183.52709013546678,181.8604527350327,182.4521484375,49799100,0.0,0.0,70.19266051284936,3.6527160277798885,170.29217224121095,150.8502294921875,63392660.0
2023-06-21 00:00:00-04:00,182.3437245107941,182.84668331701775,180.06566300539112,181.41673278808594,49515700,0.0,0.0,66.00646084279595,3.5152416902514574,170.72912353515625,150.98198020935058,63689900.0
2023-06-22 00:00:00-04:00,181.19973368511316,184.46396933431626,181.13069423738702,184.41465759277344,51245300,0.0,0.0,71.33668368292687,3.6066248382569484,171.2502606201172,151.13927368164062,63714800.0
2023-06-23 00:00:00-04:00,182.98470820219737,184.96691381940127,182.45216546765664,184.0990753173828,53117000,0.0,0.0,70.0907744812655,3.611945529532022,171.77887268066405,151.30127197265625,64113475.0
2023-06-26 00:00:00-04:00,184.24698696904443,185.45012108460458,182.66910172140945,182.70855712890625,48088700,0.0,0.0,64.72657569838408,3.4640278620253753,172.17213287353516,151.4492987060547,63714995.0
2023-06-27 00:00:00-04:00,183.32000947784528,185.78544616190248,183.10304984582174,185.4600067138672,50730800,0.0,0.0,69.67252663062365,3.5281507063742765,172.62731567382812,151.6184452056885,63509785.0
2023-06-28 00:00:00-04:00,185.33178721386028,187.27455239917202,185.00636283468697,186.633544921875,51216800,0.0,0.0,71.50759261074927,3.6317981399773487,173.10557556152344,151.77917594909667,63272405.0
2023-06-29 00:00:00-04:00,186.46592835204146,187.44224679697888,186.32786448538866,186.9688720703125,46347300,0.0,0.0,72.0284138814303,3.698365125268481,173.5661184692383,151.91183837890625,60608505.0
2023-06-30 00:00:00-04:00,188.9806243235532,191.79121262094537,188.61572952588827,191.28826904296875,85213200,0.0,0.0,77.68646672705563,4.052939414978908,174.09020141601562,152.11316947937013,61424075.0
2023-07-03 00:00:00-04:00,191.10089105870892,191.19951452662892,189.1088143797874,189.7991485595703,31458200,0.0,0.0,72.25974291323261,4.165762202657817,174.60380432128906,152.299839553833,59897140.0
2023-07-05 00:00:00-04:00,188.92148652956726,190.31198136153697,187.98460856583768,188.68479919433594,46920300,0.0,0.0,68.40868703210205,4.117789084636456,175.1272250366211,152.49536865234376,56145830.0
2023-07-06 00:00:00-04:00,187.21540718494302,189.36527592182694,186.58425595947688,189.15817260742188,45094300,0.0,0.0,69.16058128881113,4.0710389187446765,175.6540072631836,152.7014616394043,55158125.0
2023-07-07 00:00:00-04:00,188.76369580404943,190.0062704618662,187.60987325439862,188.0437774658203,46815000,0.0,0.0,65.22487758604512,3.8991200718499215,176.18922790527344,152.88342880249024,54401645.0
2023-07-10 00:00:00-04:00,186.6434031135775,187.36332142042107,184.4540942539423,186.0023956298828,59922200,0.0,0.0,58.64163920083674,3.5571461271498777,176.6838180541992,153.04331092834474,54887010.0
2023-07-11 00:00:00-04:00,186.5447914459214,186.68285528837708,184.02018687082855,185.47972106933594,46638100,0.0,0.0,57.05381364296099,3.206985708356683,177.0763668823242,153.21618835449217,54773915.0
2023-07-12 00:00:00-04:00,187.05762565542406,189.04970293089204,185.8643625945321,187.14639282226562,60750200,0.0,0.0,60.70733436345877,3.029050526249762,177.47723602294923,153.4022093963623,55097680.0
2023-07-13 00:00:00-04:00,187.8662603208446,188.54672319895087,187.15621340871894,187.90570068359375,41342300,0.0,0.0,62.28165122569162,2.915695093009816,177.89506286621094,153.60336532592774,54418340.0
2023-07-14 00:00:00-04:00,187.6000029338883,188.53686585918993,187.00830716161786,188.05364990234375,41616200,0.0,0.0,62.59611945779902,2.805458778514037,178.33653015136719,153.80359214782715,53626005.0
2023-07-17 00:00:00-04:00,189.24689758888442,191.63345333608896,189.15814548736353,191.30801391601562,50520200,0.0,0.0,68.76496907738833,2.9467276411419903,178.8645541381836,154.01523155212402,52880355.0
2023-07-18 00:00:00-04:00,190.6768691009351,191.64331601668746,189.75971887799713,191.05160522460938,48288200,0.0,0.0,67.81595921066298,3.003373177605681,179.42014556884766,154.23501304626464,50231955.0
2023-07-19 00:00:00-04:00,190.4303150490968,195.48938034906212,189.9865244553515,192.4026641845703,80507300,0.0,0.0,70.15331996978269,3.1213038918392613,179.84952026367188,154.49767570495607,51767365.0
2023-07-20 00:00:00-04:00,192.39282446393295,193.75375040663724,189.8386355247165,190.45993041992188,59581200,0.0,0.0,63.06127331491939,3.0231534229980355,180.24141967773437,154.7716326904297,52270640.0
2023-07-21 00:00:00-04:00,191.41653337667736,192.2745006314432,188.5862014877049,189.28639221191406,71951700,0.0,0.0,59.16998471756923,2.818187433118993,180.64392333984375,155.01886116027833,53305960.0
2023-07-24 00:00:00-04:00,190.73602285584008,192.21528467718613,189.59205676918674,190.08514404296875,45377800,0.0,0.0,60.93682604699084,2.6892035422936544,181.0271450805664,155.25216758728027,52919000.0
2023-07-25 00:00:00-04:00,190.65713123041024,191.75178560391285,190.2527960456413,190.943115234375,37283200,0.0,0.0,62.7989914080698,2.6259437394823806,181.4237838745117,155.48829154968263,52378725.0
2023-07-26 00:00:00-04:00,190.99243214213982,192.9351972994816,190.64728006234532,191.8109588623047,47471900,0.0,0.0,64.63541450095741,2.6156856222487477,181.8563198852539,155.73351585388184,52215780.0
2023-07-27 00:00:00-04:00,193.30992124955094,194.47359988570312,189.88789468037692,190.5486297607422,47460200,0.0,0.0,59.99606990211265,2.477141634864182,182.27347137451173,155.99863945007326,52027950.0
2023-07-28 00:00:00-04:00,191.97860770429688,193.91151654263126,191.4559363697747,193.12257385253906,48291400,0.0,0.0,65.44279981996203,2.5456951149214433,182.74210174560548,156.27501304626466,52125155.0
2023-07-31 00:00:00-04:00,193.3493555883998,193.77341841652577,192.56041303789354,193.7339630126953,38824100,0.0,0.0,66.60587181680458,2.619166120734633,183.21073120117188,156.56151184082032,49805700.0
2023-08-01 00:00:00-04:00,193.52688862020202,194.0101044929012,192.58015448246934,192.9055938720703,35175100,0.0,0.0,63.48805268448364,2.580800098450254,183.61624603271486,156.84700988769532,49991545.0
2023-08-02 00:00:00-04:00,192.3434921357412,192.48155598125388,189.19760772385698,189.91751098632812,50389300,0.0,0.0,53.71962273781305,2.2829648354223764,183.9598291015625,157.09474342346192,50164995.0
2023-08-03 00:00:00-04:00,188.92145636813592,189.7103839306254,188.05361799200307,188.5269775390625,61235200,0.0,0.0,49.87388682247454,1.9126756810127006,184.29453643798828,157.3581520843506,50972040.0
2023-08-04 00:00:00-04:00,182.95511789971007,184.78940327661547,179.40488328381886,179.4739227294922,115956800,0.0,0.0,33.20648759005232,0.8785852113412886,184.50025268554688,157.55651458740235,54429130.0
2023-08-07 00:00:00-04:00,179.612017181196,180.59819195946366,174.8981029449032,176.3773651123047,97576100,0.0,0.0,29.566773603714893,-0.1886308379073114,184.63851531982422,157.73281692504884,56311825.0
2023-08-08 00:00:00-04:00,177.20572916857282,177.77771228390873,175.12490000933562,177.314208984375,67823000,0.0,0.0,31.99537103246611,-0.9478851449551087,184.77283233642578,157.91326362609863,57371070.0
2023-08-09 00:00:00-04:00,178.36938092489027,178.42854898853972,174.56274666920834,175.7264404296875,60378500,0.0,0.0,30.101006208400307,-1.6585999979168378,184.82726928710937,158.0880785369873,57352485.0
2023-08-10 00:00:00-04:00,176.9986245515979,178.25107058876787,175.14462641506705,175.50950622558594,54686900,0.0,0.0,29.84104056711908,-2.213831742326107,184.84048431396485,158.24276420593262,58019715.0
2023-08-11 00:00:00-04:00,175.10462674008653,176.3883728930982,174.34424265962002,175.56874084472656,52036700,0.24,0.0,30.01876567584688,-2.618888247760026,184.85587005615236,158.38704559326172,58540740.0
2023-08-14 00:00:00-04:00,175.746475363334,177.44498719165242,175.09471767076215,177.21786499023438,43675600,0.0,0.0,34.958658990350884,-2.7748412675009604,184.84822357177734,158.5253872680664,58198510.0
2023-08-15 00:00:00-04:00,176.64514364841483,177.23763842738072,174.8380051896738,175.23300170898438,43622600,0.0,0.0,32.02823223483914,-3.0237412311298897,184.78391784667969,158.668480758667,57965230.0
2023-08-16 00:00:00-04:00,174.91703015656563,176.30940286172734,174.2948962433497,174.36402893066406,46964900,0.0,0.0,30.81054502460522,-3.253609501404526,184.72925384521486,158.8295625305176,56288110.0
2023-08-17 00:00:00-04:00,174.92689581745674,175.29226839022536,171.31261851419777,171.8261260986328,66062900,0.0,0.0,27.519750475099514,-3.599081340768606,184.63112915039062,158.92425682067872,56612195.0
2023-08-18 00:00:00-04:00,170.14735612669347,172.9123770667114,169.8116075662743,172.30999755859375,61172200,0.0,0.0,29.07514142250041,-3.7901355561051844,184.57009735107422,159.03315063476563,56073220.0
2023-08-21 00:00:00-04:00,172.88272795365145,173.92948217703207,171.56934282132403,173.64309692382812,46311900,0.0,0.0,33.32063823731126,-3.7902853702549635,184.48148834228516,159.16191383361817,56119925.0
2023-08-22 00:00:00-04:00,174.8478727981476,175.46012191641384,174.04799506153495,175.0157470703125,42038900,0.0,0.0,37.471068050207876,-3.637709453755292,184.41264007568358,159.32512535095213,56357710.0
2023-08-23 00:00:00-04:00,176.289654759779,179.2817980823254,176.10202612434662,178.85716247558594,52722800,0.0,0.0,47.34820198070756,-3.170276843498584,184.36480285644532,159.53773078918456,56620255.0
2023-08-24 00:00:00-04:00,178.4127876208845,178.8374232276998,173.8110039705464,174.1763916015625,54945800,0.0,0.0,39.218855403211705,-3.1413210294760177,184.23281768798827,159.72825973510743,56994535.0
2023-08-25 00:00:00-04:00,175.16389608553052,176.91177162464882,173.62338845938785,176.37852478027344,51449600,0.0,0.0,44.08300427449927,-2.9071675765472094,184.13225189208984,159.9271445465088,57152445.0
2023-08-28 00:00:00-04:00,177.8400098200833,178.33376298082638,176.31925671498092,177.9387664794922,43820700,0.0,0.0,47.300915359083874,-2.5661201764339694,184.02226013183594,160.13097900390625,57402275.0
2023-08-29 00:00:00-04:00,177.45489519701718,182.5899254092932,177.25739693272806,181.81967163085938,53003900,0.0,0.0,54.33965961656791,-1.9600863873309606,184.0113851928711,160.37698135375976,58293715.0
2023-08-30 00:00:00-04:00,182.62940848986258,185.50305529692773,182.43191025327192,185.3055419921875,60813900,0.0,0.0,59.56391183056611,-1.1848612942545174,184.06845306396485,160.58141456604005,58814945.0
2023-08-31 00:00:00-04:00,185.4931879048022,186.75719481874472,185.13768501849643,185.52281188964844,60794500,0.0,0.0,59.872091881179664,-0.5466564426820071,184.1505746459961,160.77302024841308,58792910.0
2023-09-01 00:00:00-04:00,187.12261104992686,187.54723160980876,185.9277215617056,187.09298706054688,45766500,0.0,0.0,62.11902314337289,0.0848474454613779,184.20414123535156,160.97945838928223,55283395.0
2023-09-05 00:00:00-04:00,185.92768366781115,187.6064413525269,185.26605625958229,187.32994079589844,45280000,0.0,0.0,62.4606329653021,0.5975508188158756,184.26875854492187,161.17842811584472,52668590.0
2023-09-06 00:00:00-04:00,186.0462022000218,186.49059214043663,179.20278998997966,180.6248016357422,81755800,0.0,0.0,48.995897722309124,0.45754890403767945,184.2270834350586,161.3500178527832,53365230.0
2023-09-07 00:00:00-04:00,172.99134398653018,175.98350189646143,171.37183427986267,175.34161376953125,112488800,0.0,0.0,41.41940463788108,-0.07880432227022993,184.02471557617187,161.4857025909424,55970745.0
2023-09-08 00:00:00-04:00,176.121777292026,177.9881638364286,175.56876103562882,175.95388793945312,65551300,0.0,0.0,42.528566952961874,-0.44928364759149986,183.81112243652345,161.62164642333985,56513965.0
2023-09-11 00:00:00-04:00,177.82027676778657,178.0473990105972,175.12437356668377,177.119140625,58953100,0.0,0.0,44.67549609177578,-0.6414705555050944,183.6141278076172,161.77954292297363,56859785.0
2023-09-12 00:00:00-04:00,177.24749835360407,177.87950173703112,172.6358460753217,174.09735107421875,90370200,0.0,0.0,40.454972077101374,-1.0257885750951061,183.2703094482422,161.91166137695313,59194515.0
2023-09-13 00:00:00-04:00,174.30476112108144,175.0848996684252,171.80637096422893,172.03350830078125,84267900,0.0,0.0,37.82657435667671,-1.4798395686653123,182.91499664306642,162.02908477783203,61226780.0
2023-09-14 00:00:00-04:00,171.82610607332606,173.89987544974738,171.41135521167203,173.54437255859375,60895800,0.0,0.0,40.85602052848931,-1.69818847390286,182.61218811035155,162.1686154937744,61923325.0
2023-09-15 00:00:00-04:00,174.2750911398521,174.29484548306786,171.64833608181547,172.82345581054688,109259500,0.0,0.0,39.85804747598124,-1.9074160066379875,182.28549377441405,162.32366714477538,64083155.0
2023-09-18 00:00:00-04:00,174.2751007250675,177.13887792290447,173.9689761950564,175.74649047851562,67257600,0.0,0.0,45.65447095546794,-1.8164272225140223,182.03954803466797,162.50832946777345,64387425.0
2023-09-19 00:00:00-04:00,175.30212586469654,177.38576479928514,174.91699900323943,176.832763671875,51826900,0.0,0.0,47.672835304174455,-1.637785416422247,181.8561553955078,162.6646955871582,64663175.0
2023-09-20 00:00:00-04:00,177.02035765272817,177.45486279571944,173.20858308214417,173.29747009277344,58436200,0.0,0.0,42.18204921065323,-1.7611773875730137,181.61251037597657,162.80200859069825,65483040.0
2023-09-21 00:00:00-04:00,172.36923745366522,174.09737357666756,171.68785565712008,171.75697326660156,63149100,0.0,0.0,40.01907852173693,-1.9606702469717732,181.30472198486328,162.93407745361327,66004355.0
2023-09-22 00:00:00-04:00,172.48772049861157,174.86761425499944,171.87547142547365,172.60621643066406,56725400,0.0,0.0,41.79109725257292,-2.0268783573792746,180.9987322998047,163.07619384765624,66093335.0
2023-09-25 00:00:00-04:00,172.02359502231215,174.75899170155245,171.97421669351675,173.88011169433594,46172700,0.0,0.0,44.4425496130166,-1.9540312050993123,180.71526153564454,163.24296966552734,65829490.0
2023-09-26 00:00:00-04:00,172.63586851438868,173.01111068359924,169.51534481079926,169.8115997314453,64588900,0.0,0.0,38.42290118695203,-2.1992427243686734,180.28533325195312,163.39908828735352,66867900.0
2023-09-27 00:00:00-04:00,170.46333088230946,170.87808171574733,166.93794126401278,168.30068969726562,66921800,0.0,0.0,36.448482277209195,-2.48682585217108,179.83031494140624,163.53924522399902,67563795.0
2023-09-28 00:00:00-04:00,167.2243249736919,169.8807195182162,165.5258128129139,168.55746459960938,56294400,0.0,0.0,37.040600430692685,-2.6633169047960052,179.35341094970704,163.68309501647948,67337820.0
2023-09-29 00:00:00-04:00,169.870831028669,170.90771561508154,168.21181267677895,169.07095336914062,51861100,0.0,0.0,38.27904939965671,-2.7302801136444543,178.9256314086914,163.81805656433104,66891150.0
2023-10-02 00:00:00-04:00,169.08086391411345,172.1223857383103,168.79447859132247,171.57925415039062,52164500,0.0,0.0,44.06692974939208,-2.551537492857392,178.57148864746094,163.96074150085448,67211050.0
2023-10-03 00:00:00-04:00,170.1078129668395,171.46070671019788,168.68581669291316,170.24606323242188,49594600,0.0,0.0,41.822066731563964,-2.4887710399093805,178.17470703125,164.1078719329834,67426780.0
2023-10-04 00:00:00-04:00,168.95244285882518,172.03347264460572,168.83394692911625,171.49034118652344,53020300,0.0,0.0,44.655799632076445,-2.3119743406638236,177.78565155029298,164.29421379089356,65990005.0
2023-10-05 00:00:00-04:00,171.6187292983148,173.25799352598938,170.52259660006877,172.72474670410156,48527900,0.0,0.0,47.3933756612117,-2.0486400268536613,177.4039273071289,164.49651184082032,62791960.0
2023-10-06 00:00:00-04:00,171.6286058875163,175.76625988669193,171.0163417068709,175.2725067138672,57266700,0.0,0.0,52.60433883600652,-1.6157375291936944,177.0984048461914,164.72206993103026,62377730.0
2023-10-09 00:00:00-04:00,174.60098214625398,176.81300162773064,173.60360623261292,176.75375366210938,42390800,0.0,0.0,55.37215427610465,-1.1399937926579184,176.7710284423828,164.95537841796875,61549615.0
2023-10-10 00:00:00-04:00,175.87486944103904,177.4746247468579,175.72673446240606,176.16123962402344,43698000,0.0,0.0,54.01335424335592,-0.801534790801611,176.41957397460936,165.17023712158203,59216005.0
2023-10-11 00:00:00-04:00,175.9736185461729,177.60301297187604,175.3811238107674,177.5536346435547,47551100,0.0,0.0,56.702273267584815,-0.4161518129652677,176.11253479003906,165.40788917541505,57380165.0
2023-10-12 00:00:00-04:00,177.82026707710477,180.06189553412176,176.80312172309905,178.4522705078125,56743100,0.0,0.0,58.39316814117665,-0.037785059814069655,175.88322998046874,165.6518534851074,57172530.0
2023-10-13 00:00:00-04:00,179.1533924067404,179.6570151987734,175.91437292525092,176.61550903320312,51427100,0.0,0.0,53.770925675654674,0.11256444464964943,175.64500061035156,165.89563133239747,54280910.0
2023-10-16 00:00:00-04:00,174.54174811745375,176.84263973108403,174.3047411678942,176.4871368408203,52517000,0.0,0.0,53.45246099797039,0.2188363379893019,175.58526489257812,166.15838439941408,53543880.0
2023-10-17 00:00:00-04:00,174.44298390478113,176.19087429527403,172.61610626933813,174.93673706054688,57549400,0.0,0.0,49.62940835724391,0.1759253165328971,175.55645233154297,166.3958332824707,53830005.0
2023-10-18 00:00:00-04:00,173.38635072108465,175.36136323860268,172.92222157401596,173.64309692382812,54764400,0.0,0.0,46.63242040484088,0.03710435928283573,175.48303009033202,166.6252407836914,53646415.0
2023-10-19 00:00:00-04:00,173.84057783744473,175.6180919396984,173.00120664203897,173.26783752441406,59302900,0.0,0.0,45.76900430081631,-0.10201656340802856,175.43385803222657,166.87666633605957,53454105.0
2023-10-20 00:00:00-04:00,173.1197103596996,173.22833664495803,170.4830706009531,170.72007751464844,64244000,0.0,0.0,40.31173596654699,-0.41309197013109156,175.33806945800782,167.1090107345581,53830035.0
2023-10-23 00:00:00-04:00,168.77470794688867,171.8359684831129,167.80694090892598,170.83859252929688,55980100,0.0,0.0,40.66614594782783,-0.642650228131572,175.24346649169922,167.34853591918946,54320405.0
2023-10-24 00:00:00-04:00,170.88797493724758,171.50022404547477,169.30795876796012,171.27310180664062,43816600,0.0,0.0,42.02529139074899,-0.780518206114408,175.12457122802735,167.5676176071167,53281790.0
2023-10-25 00:00:00-04:00,169.73256439395493,170.8978144354766,168.5179209624252,168.96231079101562,57157000,0.0,0.0,37.15131059723709,-1.0639762390441092,174.99915740966796,167.7725395965576,52793550.0
2023-10-26 00:00:00-04:00,168.2414494672427,169.2388405091802,163.600172706508,164.804931640625,70625300,0.0,0.0,30.334854485568087,-1.6055764393587424,174.8079754638672,167.95382301330565,53510095.0
2023-10-27 00:00:00-04:00,164.8247009041889,166.8490920877316,164.74569858206283,166.1183319091797,58499100,0.0,0.0,34.42807008138608,-1.9068372422349569,174.69381958007813,168.12810356140136,53841995.0
2023-10-30 00:00:00-04:00,166.90833803254793,169.03147079181505,166.76020302980592,168.16246032714844,51131000,0.0,0.0,40.30662973762966,-1.958073071633521,174.61086883544922,168.312998046875,53790320.0
2023-10-31 00:00:00-04:00,167.23418704526227,168.764809656098,165.8022909489589,168.63644409179688,44846000,0.0,0.0,41.61371459432549,-1.9380902094908095,174.5107357788086,168.49362518310548,53552890.0
2023-11-01 00:00:00-04:00,168.86359824995364,172.05323977559237,167.9945877763323,171.79649353027344,56934900,0.0,0.0,49.54584294064912,-1.648263906913769,174.4463507080078,168.6842510986328,53748620.0
2023-11-02 00:00:00-04:00,173.32712561259646,175.55888462715336,173.26787764016203,175.3515167236328,77334800,0.0,0.0,56.67658623277135,-1.118816789391218,174.37623779296874,168.89624122619628,55188965.0
2023-11-03 00:00:00-04:00,172.06311427874405,174.61088250590672,171.18423421755685,174.4429931640625,79829200,0.0,0.0,54.55457601449269,-0.7637325591681474,174.38156982421876,169.10339378356935,56317090.0
2023-11-06 00:00:00-05:00,174.1763842242903,177.1882666996337,174.0085099439187,176.9907684326172,63841300,0.0,0.0,59.17115708500561,-0.27358782678197713,174.3938146972656,169.31050216674805,57389615.0
2023-11-07 00:00:00-05:00,176.9413698079054,180.1606499568927,176.73400192517136,179.54840087890625,70530000,0.0,0.0,63.211381467560365,0.3175741709656279,174.4260073852539,169.51446884155274,58731215.0
2023-11-08 00:00:00-05:00,180.07177947416378,181.15802736111343,179.32126504404005,180.6050262451172,49340300,0.0,0.0,64.76272613747227,0.8614054044432464,174.40171447753906,169.71673721313476,58820675.0
2023-11-09 00:00:00-05:00,180.67417400336535,181.81966995293175,179.53853262491765,180.13104248046875,53763500,0.0,0.0,63.46975521422188,1.2398567496808823,174.29822448730468,169.91992988586426,58671695.0
2023-11-10 00:00:00-05:00,181.91089548671326,184.48180071812672,181.47581782404296,184.31369018554688,66133400,0.24,0.0,69.29535021262693,1.8558932986376249,174.27404205322264,170.1337109375,59407010.0
2023-11-13 00:00:00-05:00,183.7401702602705,183.9478113332898,182.14818998578377,182.73158264160156,43627500,0.0,0.0,65.06839908710424,2.1911852260965645,174.18681396484374,170.3298959350586,58962535.0
2023-11-14 00:00:00-05:00,185.59912547957174,186.00454008995078,184.21480130754796,185.342041015625,60108400,0.0,0.0,68.48437295083295,2.6371492535024856,174.1470559692383,170.55353874206543,59090485.0
2023-11-15 00:00:00-05:00,185.74744196041772,187.3789678351275,185.67821821290843,185.9056396484375,53790500,0.0,0.0,69.18501445404547,3.00145772142659,174.2526727294922,170.77365730285644,59041790.0
2023-11-16 00:00:00-05:00,187.4482222334322,188.82266388785246,186.5385061665612,187.58665466308594,54412900,0.0,0.0,71.23883602230431,3.3867780012088815,174.4975735473633,170.99657600402833,58797290.0
2023-11-17 00:00:00-05:00,188.1206090057824,188.24915879673333,186.45941980581802,187.56687927246094,50922700,0.0,0.0,71.17873398926288,3.6484938245644116,174.72983337402343,171.1928955078125,58131225.0
2023-11-20 00:00:00-05:00,187.7646375447921,189.76203272766995,187.75475490242272,189.3071746826172,46505100,0.0,0.0,73.31257295033558,3.9507905413988453,174.9735940551758,171.37982368469238,57657475.0
2023-11-21 00:00:00-05:00,189.26758080090607,189.3763501912699,187.61627466574618,188.50619506835938,38134500,0.0,0.0,70.7174476259577,4.078713634745469,175.2617709350586,171.576365814209,57373370.0
2023-11-22 00:00:00-05:00,189.34669431189826,190.7705639920827,188.69407794514686,189.168701171875,39617700,0.0,0.0,71.61252332942318,4.185306703206351,175.60447479248046,171.76186416625976,56496405.0
2023-11-24 00:00:00-05:00,188.73363999587542,188.76330300712377,187.13177703645835,187.84371948242188,24048300,0.0,0.0,67.18913979462269,4.115427443118676,175.89046173095704,171.95415954589845,54167555.0
2023-11-27 00:00:00-05:00,187.79427548166112,188.53588093642713,186.78568783853885,187.6657257080078,40552600,0.0,0.0,66.59405249219424,3.999580343460053,176.18730712890624,172.15072746276854,53270230.0
2023-11-28 00:00:00-05:00,187.65581951789036,188.9412718291061,187.28006797313506,188.2688751220703,38415400,0.0,0.0,67.63996502299632,3.9113521662913513,176.43775482177733,172.3484893798828,52634450.0
2023-11-29 00:00:00-05:00,188.76331653900834,189.93999969621768,186.85492560121705,187.2504425048828,43014200,0.0,0.0,63.99645822413828,3.716411224217836,176.6461083984375,172.5271745300293,52542860.0
2023-11-30 00:00:00-05:00,187.71517468500207,188.18981305356235,186.08364867108205,187.82394409179688,48794400,0.0,0.0,65.135365415031,3.567076866572563,176.93663787841797,172.71192802429198,52135835.0
2023-12-01 00:00:00-05:00,188.1996843513192,189.4159130354433,187.11199034893104,189.09950256347656,45704800,0.0,0.0,67.5909759784025,3.5111805172514607,177.28348846435546,172.8925710296631,50554335.0
2023-12-04 00:00:00-05:00,187.85358512953687,187.92280887485518,185.35190415389414,187.3097381591797,43389500,0.0,0.0,61.08937603817122,3.2846003991527937,177.5775588989258,173.07224212646486,48732350.0
2023-12-05 00:00:00-05:00,188.081033613139,192.2241233156588,188.05135551468544,191.25509643554688,66628400,0.0,0.0,68.32293092750287,3.384378455177142,177.92505859375,173.27735206604004,48871705.0
2023-12-06 00:00:00-05:00,192.27358406476233,192.58011192579394,189.95977851245675,190.1674346923828,41089700,0.0,0.0,64.74929177353539,3.3372186910101505,178.33217529296874,173.4970645904541,47399690.0
2023-12-07 00:00:00-05:00,191.4627754603769,192.817436726138,191.42321471638212,192.09561157226562,47477700,0.0,0.0,67.94975783271944,3.4160538554738764,178.80807373046875,173.72430061340333,47306560.0
2023-12-08 00:00:00-05:00,192.0263919187675,193.79636559429088,191.50232520965804,193.51950073242188,53406400,0.0,0.0,70.10806570169905,3.552476508721753,179.307314453125,173.95624320983887,47288705.0
2023-12-11 00:00:00-05:00,190.9485830810774,191.3243346926335,189.27749628821252,191.01779174804688,60943700,0.0,0.0,62.18468043738878,3.419309762413434,179.74625122070313,174.18892295837404,47029220.0
2023-12-12 00:00:00-05:00,190.91893974997748,192.54058332617893,189.5741610462004,192.53070068359375,52696900,0.0,0.0,64.77722950353764,3.3966982407919204,180.1652801513672,174.42320922851562,47482690.0
2023-12-13 00:00:00-05:00,192.90639105920806,195.78382360297798,192.6690869899489,195.74427795410156,70404200,0.0,0.0,69.55224826181811,3.5966275916897814,180.6752444458008,174.67607467651368,47997480.0
2023-12-14 00:00:00-05:00,195.8036348613561,197.3857175620074,193.964452594447,195.8926239013672,66831600,0.0,0.0,69.7560750882696,3.7241140522413048,181.16329010009767,174.94002250671386,48649535.0
2023-12-15 00:00:00-05:00,195.3191123528845,196.1793699091571,194.79504567055722,195.35867309570312,128538400,0.0,0.0,67.99177389367634,3.738962194361278,181.61596862792967,175.19834587097168,52355810.0
2023-12-18 00:00:00-05:00,193.8952224343076,194.4291868327445,192.21425301938103,193.6974639892578,55751900,0.0,0.0,62.680137108911026,3.5754679930082602,181.9844677734375,175.42315200805663,52597270.0
2023-12-19 00:00:00-05:00,193.96443406555753,194.74558515548247,193.69745188302565,194.73570251464844,40714100,0.0,0.0,64.54442937286386,3.489450617984943,182.3441067504883,175.63936187744142,52307720.0
2023-12-20 00:00:00-05:00,194.69616113684165,195.46742966263125,192.6493377685547,192.6493377685547,52242800,0.0,0.0,58.247497319923944,3.215858613728585,182.6738687133789,175.85612075805665,53013135.0
2023-12-21 00:00:00-05:00,193.9050960501454,194.8741228719849,191.33419132020353,192.5009765625,46482500,0.0,0.0,57.815551064253555,2.953022860466632,182.9728155517578,176.06588432312012,53356375.0
2023-12-22 00:00:00-05:00,192.99537700889314,193.22281352230834,190.8101216032956,191.43307495117188,37149600,0.0,0.0,54.67273603125346,2.6282559980561473,183.232431640625,176.28153533935546,54011440.0
2023-12-26 00:00:00-05:00,191.44299668429173,191.71986154255086,190.67172813799795,190.88926696777344,28919300,0.0,0.0,53.090079944863085,2.3004766969442585,183.5179067993164,176.5047585296631,53429775.0
2023-12-27 00:00:00-05:00,190.33551208827305,191.3342019743918,188.9511728919884,190.9881134033203,48087700,0.0,0.0,53.35439783889856,2.025338479285466,183.8079263305664,176.71877532958985,53913390.0
2023-12-28 00:00:00-05:00,191.96705978425237,192.4812438348005,191.00791544042355,191.413330078125,34049900,0.0,0.0,54.54102815319571,1.8206139867533295,184.13745819091798,176.92447929382325,53465175.0
2023-12-29 00:00:00-05:00,191.72972215657148,192.2241257878035,189.58401220758475,190.37506103515625,42672100,0.0,0.0,51.12130485501768,1.5566446859086795,184.47209747314454,177.12302223205566,53159060.0
2024-01-02 00:00:00-05:00,185.0552730997862,186.33084291740326,181.83176685644636,183.5621795654297,82488700,0.0,0.0,35.425358347445396,0.7886138664549662,184.67798431396486,177.27341796875,54998255.0
2024-01-03 00:00:00-05:00,182.15809638511382,183.79952025374087,181.37693010719954,182.18775939941406,58414500,0.0,0.0,33.21007728660312,0.06825291071697848,184.90733795166017,177.42112724304198,55749505.0
2024-01-04 00:00:00-05:00,180.1112512492328,181.04073256447913,178.85547678867908,179.8739471435547,71983600,0.0,0.0,29.828360400102028,-0.6814878802655642,185.0880450439453,177.54544967651367,56017265.0
2024-01-05 00:00:00-05:00,179.95303087035154,180.71440156415224,178.15339449300276,179.15208435058594,62379700,0.0,0.0,28.84163027201211,-1.318709886539807,185.24562469482422,177.65690536499022,57081765.0
2024-01-08 00:00:00-05:00,180.05193047893468,183.52265400582175,179.46853775144191,183.48309326171875,59144500,0.0,0.0,41.37269661037009,-1.4574362759060477,185.53604034423827,177.7971561431885,57665105.0
2024-01-09 00:00:00-05:00,181.86143345023166,183.07766218215258,180.68475037086026,183.06777954101562,42841800,0.0,0.0,40.63373701945579,-1.5826465213526717,185.9012973022461,177.92991386413576,57136875.0
2024-01-10 00:00:00-05:00,182.2866315170422,184.31367440860302,181.8614365329183,184.1060333251953,46792900,0.0,0.0,43.35745146470385,-1.5798861950147227,186.2610513305664,178.061362991333,56429335.0
2024-01-11 00:00:00-05:00,184.4521049955326,184.9564063690912,181.5647895230864,183.5127410888672,49128400,0.0,0.0,42.166912826786074,-1.6070473006961947,186.56805694580078,178.1995462036133,56250910.0
2024-01-12 00:00:00-05:00,183.97749798089004,184.64989484239166,183.11724039185432,183.8390655517578,40477800,0.0,0.0,43.0924949196579,-1.5839818588120806,186.872109375,178.3424631500244,54754590.0
2024-01-16 00:00:00-05:00,180.12114381484557,182.1976301200088,178.90489995610474,181.57469177246094,65603000,0.0,0.0,38.48927742933068,-1.7284933741024986,187.06767333984374,178.45869514465332,54693160.0
2024-01-17 00:00:00-05:00,179.24110807963172,180.8825167727283,178.281963767062,180.63531494140625,47317400,0.0,0.0,36.73608673067414,-1.896952760079671,187.1733493041992,178.56240097045898,50632110.0
2024-01-18 00:00:00-05:00,184.0071435872404,187.02300881659582,183.75005912545993,186.5187225341797,78005800,0.0,0.0,51.60459251992805,-1.5379872543980468,187.41486389160156,178.68301681518554,51744805.0
2024-01-19 00:00:00-05:00,187.21090309791916,189.80157360580037,186.70661676571424,189.4159393310547,68903000,0.0,0.0,56.96798630769916,-1.0081025438779818,187.6633673095703,178.81186508178712,53154250.0
2024-01-22 00:00:00-05:00,190.14764863184953,193.14373357255337,190.10808789018887,191.7198486328125,60133900,0.0,0.0,60.698069234866495,-0.39767472046560215,187.90679626464845,178.9548917388916,53548805.0
2024-01-23 00:00:00-05:00,192.83720939883855,193.55903452389106,191.66052626402544,192.9954071044922,42355600,0.0,0.0,62.629484176418806,0.18686655454095558,188.15460388183592,179.11350433349608,53342460.0
2024-01-24 00:00:00-05:00,193.232744842077,194.18200660712424,192.16483101440033,192.3230438232422,53631300,0.0,0.0,60.929756131117294,0.5890751372578791,188.3984439086914,179.26432342529296,54166545.0
2024-01-25 00:00:00-05:00,193.03493940214616,194.07318996151886,190.9485556432544,191.99668884277344,54822100,0.0,0.0,60.07747433535504,0.8714486992093953,188.55210388183593,179.42646102905275,55461685.0
2024-01-26 00:00:00-05:00,192.09561130867766,192.58011726192578,189.79168833424328,190.2663116455078,44594000,0.0,0.0,55.633937424690195,0.944714719768939,188.70279846191406,179.58600357055664,55287000.0
2024-01-29 00:00:00-05:00,189.86089500402176,190.04877081575225,187.45810037105477,189.5840301513672,47145600,0.0,0.0,53.939855548131916,0.9369238791389307,188.7876382446289,179.74558135986328,55941785.0
2024-01-30 00:00:00-05:00,188.80285272092348,189.65322753238257,185.37169046557113,185.935302734375,55859400,0.0,0.0,45.89178049391094,0.6290761743936457,188.78823150634764,179.8600301361084,56601150.0
2024-01-31 00:00:00-05:00,184.94651023142666,185.00585134318092,182.28663127585358,182.3360595703125,55467800,0.0,0.0,39.61301093004846,0.0935968806720382,188.6832196044922,179.95820610046385,55250105.0
2024-02-01 00:00:00-05:00,181.93063715338442,184.85749793556394,181.76254174457006,184.7685089111328,64885400,0.0,0.0,45.081594523007624,-0.13296326677283332,188.62725219726562,180.06844589233398,55573650.0
2024-02-02 00:00:00-05:00,177.84689023760967,185.23328233515724,177.2437171517322,183.7698516845703,102551700,0.0,0.0,43.34604010363912,-0.38861736883549725,188.5165057373047,180.16758651733397,57102055.0
2024-02-05 00:00:00-05:00,186.04410163536497,187.13179578344227,183.75995901240586,185.57936096191406,69668800,0.0,0.0,47.304629678513486,-0.4401391603633158,188.4579690551758,180.27006271362305,57466510.0
2024-02-06 00:00:00-05:00,184.76852130142626,187.19109601961685,184.67953227102765,187.18121337890625,43490800,0.0,0.0,50.595587492472475,-0.3477063066679307,188.4182192993164,180.3853737640381,56683825.0
2024-02-07 00:00:00-05:00,188.50623739169367,188.91165203661865,186.49895962721544,187.29000854492188,53439000,0.0,0.0,50.82023833709442,-0.26264612250460573,188.4071450805664,180.50925498962403,57213685.0
2024-02-08 00:00:00-05:00,187.27020463334281,187.41851968576853,185.25304448034683,186.21218872070312,40962000,0.0,0.0,48.46884006660983,-0.27899033886694724,188.37807434082032,180.62622062683104,56922140.0
2024-02-09 00:00:00-05:00,186.77652244170517,188.10322646586073,186.13298359451971,186.97454833984375,45155200,0.24,0.0,50.223185058907845,-0.22780124715251304,188.3521878051758,180.75467964172364,56723480.0
2024-02-12 00:00:00-05:00,186.54880424779185,186.796321504533,184.9349868995182,185.29141235351562,41781900,0.0,0.0,46.46230214862705,-0.31936706597622333,188.31300720214844,180.87477226257323,56788685.0
2024-02-13 00:00:00-05:00,183.92510799252145,184.36074073565214,181.68754255866872,183.2023468017578,56529500,0.0,0.0,42.23489103585316,-0.5541162607392494,188.22057525634764,180.9615225982666,56335010.0
2024-02-14 00:00:00-05:00,183.47959151637605,183.68749754312392,180.6281880058035,182.32119750976562,54630500,0.0,0.0,40.558639270018666,-0.8020129664163278,188.08500915527344,181.03761390686034,56700665.0
2024-02-15 00:00:00-05:00,181.727184392981,182.65785175424014,179.54903541760635,182.0341033935547,65434500,0.0,0.0,40.00157609220577,-1.009996377953172,187.97949645996093,181.11271263122558,56072100.0
2024-02-16 00:00:00-05:00,181.59848912459182,183.01429592290478,179.8658680410646,180.49951171875,49752500,0.0,0.0,37.07065225646796,-1.2838539835240113,187.764384765625,181.18530876159667,55114575.0
2024-02-20 00:00:00-05:00,179.98465441119404,180.6182980286837,178.2124373755958,179.75694274902344,53665600,0.0,0.0,35.70728487089515,-1.5430202420716626,187.55617492675782,181.2595594024658,54791160.0
2024-02-21 00:00:00-05:00,180.13316833455778,181.0737309260645,178.86588113831095,180.5093994140625,41371400,0.0,0.0,38.188043678005045,-1.6684614201662953,187.32445068359374,181.3457462310791,54741950.0
2024-02-22 00:00:00-05:00,181.65785591778803,183.12316891523534,180.6479964148563,182.5390167236328,52292200,0.0,0.0,44.41786186700867,-1.5858209461702586,187.10484100341796,181.40377166748047,54674995.0
2024-02-23 00:00:00-05:00,183.17267506039363,183.20237592421455,180.42028422645075,180.70741271972656,45119700,0.0,0.0,40.45526374219201,-1.6491129631953072,186.89863342285156,181.45298393249513,54189875.0
2024-02-26 00:00:00-05:00,180.43019254491847,180.9450175834942,178.85597124394113,179.3609161376953,40867400,0.0,0.0,37.786458253511206,-1.787320248454506,186.6352377319336,181.50398246765135,54003545.0
2024-02-27 00:00:00-05:00,179.3014951345761,182.09348175278842,177.77678047240937,180.81629943847656,54318900,0.0,0.0,42.223086486864084,-1.759135034866432,186.33667816162108,181.55344367980956,54362210.0
2024-02-28 00:00:00-05:00,180.6975189384851,181.30146173701146,178.34116458472795,179.61834716796875,48953900,0.0,0.0,39.71267961185905,-1.812568623749712,186.01119262695312,181.59597953796387,54016935.0
2024-02-29 00:00:00-05:00,179.46981142225187,180.75690414056305,177.74708592784262,178.95497131347656,136682600,0.0,0.0,38.35281336520847,-1.8866953655550844,185.68311859130858,181.63983360290527,58077675.0
2024-03-01 00:00:00-05:00,177.76690051629518,178.73716395290236,175.61845249589473,177.8758087158203,73563100,0.0,0.0,36.18224051467672,-2.0093581156081655,185.36668548583984,181.68075736999512,58511560.0
2024-03-04 00:00:00-05:00,174.40067502541135,175.14322688917085,172.06411122315788,173.36111450195312,81510100,0.0,0.0,28.83096827133724,-2.4427092888003017,184.93919372558594,181.69910766601564,57459480.0
2024-03-05 00:00:00-05:00,169.0641855800497,170.33147275577412,167.93550746706842,168.4305419921875,95132400,0.0,0.0,23.27034404396622,-3.147714319415911,184.4548178100586,181.6897479248047,58732660.0
2024-03-06 00:00:00-05:00,169.36121186741923,169.53943215491887,167.00484265804033,167.4404754638672,68587700,0.0,0.0,22.338650750358553,-3.7431769659532392,183.95360778808595,181.66380104064942,59987505.0
2024-03-07 00:00:00-05:00,167.47015957545335,169.0344703547855,166.81672553933012,167.3216552734375,71765100,0.0,0.0,22.223651204163204,-4.1765287758278475,183.47137939453125,181.63671752929687,60903810.0
2024-03-08 00:00:00-05:00,167.32165453074688,171.97497562938204,167.26225281020422,169.0344696044922,76267000,0.0,0.0,27.97938551182594,-4.331818893613217,183.03428344726564,181.62293182373048,62669060.0
2024-03-11 00:00:00-04:00,171.2225240841993,172.64822576816061,170.3413633360917,171.03440856933594,60139500,0.0,0.0,34.11077265313378,-4.244580192191307,182.63520935058594,181.63216331481934,63418275.0
2024-03-12 00:00:00-04:00,171.43045147590772,172.3017170819102,169.31170429451927,171.50965881347656,59825400,0.0,0.0,35.51567571729201,-4.089947797616588,182.23713592529296,181.64239044189452,64320450.0
2024-03-13 00:00:00-04:00,171.05423942259554,171.4700666239107,169.06419090034882,169.43052673339844,52488700,0.0,0.0,32.27359580949644,-4.088044659564332,181.8182452392578,181.63655128479004,64118410.0
2024-03-14 00:00:00-04:00,171.19284931228447,172.57893998999515,170.34138929390355,171.28195190429688,72913500,0.0,0.0,37.72520490945743,-3.8922741570350468,181.57264068603516,181.627938079834,65032560.0
2024-03-15 00:00:00-04:00,169.47010369924573,170.90570068359375,168.5988381717502,170.90570068359375,121752700,0.0,0.0,37.07211866972937,-3.7245506509267727,181.34699951171876,181.6082228088379,67848470.0
2024-03-18 00:00:00-04:00,173.82641511894556,175.94516209588443,171.79677072295308,171.99478149414062,75604200,0.0,0.0,40.2941001926435,-3.4638200826111074,181.18941619873047,181.59419944763184,69141055.0
2024-03-19 00:00:00-04:00,172.6086342803731,174.85609525037736,171.31164624406932,174.33135986328125,55215200,0.0,0.0,46.61012424295972,-3.033676547131961,181.0930017089844,181.5778553009033,69218535.0
2024-03-20 00:00:00-04:00,173.97495931074826,176.89566040039062,173.35121088659923,176.89566040039062,53423100,0.0,0.0,52.543422696672955,-2.4575381041565834,180.9612530517578,181.57009216308595,69821120.0
2024-03-21 00:00:00-04:00,175.29172116809335,175.72735394947048,169.14338597139206,169.66812133789062,106181300,0.0,0.0,39.29005770065733,-2.5546972765644114,180.69325988769532,181.53294662475585,72515575.0
2024-03-22 00:00:00-04:00,170.05426688241553,171.33146450930536,168.37115239719608,170.56910705566406,71160100,0.0,0.0,41.27851810968095,-2.5298322714596395,180.42252136230468,181.50213035583496,73817595.0
2024-03-25 00:00:00-04:00,168.87610215909345,170.23249206020807,167.76721443821097,169.1533203125,54288300,0.0,0.0,39.11072603327895,-2.594461397724473,180.13533294677734,181.47108901977538,74488640.0
2024-03-26 00:00:00-04:00,168.31174106723407,169.71763732680742,167.8959138727621,168.02462768554688,57388400,0.0,0.0,37.423398917691856,-2.7055683996806295,179.81904418945314,181.42084442138673,74642115.0
2024-03-27 00:00:00-04:00,168.7176579392829,171.87598039200594,168.42063422483255,171.58885192871094,60273300,0.0,0.0,45.42972967959177,-2.4774597761211794,179.61932739257813,181.38649787902833,75208085.0
2024-03-28 00:00:00-04:00,170.04434616825796,170.51957504542207,168.8166552027259,169.7770233154297,65672700,0.0,0.0,42.456026092714325,-2.4150423703905233,179.4021615600586,181.32913787841798,71657590.0
2024-04-01 00:00:00-04:00,169.48991432845702,169.54931605122675,167.79688969325008,168.3414306640625,46240500,0.0,0.0,40.21011953029558,-2.4531382056634357,179.03861572265626,181.26696678161622,70291460.0
2024-04-02 00:00:00-04:00,167.40089107386055,167.65830361021796,166.55932626663449,167.16326904296875,49329500,0.0,0.0,38.41413840735353,-2.549013781925595,178.59356231689452,181.19574905395507,68682430.0
2024-04-03 00:00:00-04:00,167.11374996517486,168.98497988400436,166.90584392266877,167.9652099609375,47691700,0.0,0.0,40.3665811102222,-2.5311088891656652,178.11846954345702,181.11838333129882,66310395.0
2024-04-04 00:00:00-04:00,168.59885072968464,170.21266810452119,167.14346313476562,167.14346313476562,53704400,0.0,0.0,39.00210581222336,-2.5537887469069176,177.6014306640625,181.04228355407716,65566230.0
2024-04-05 00:00:00-04:00,167.90581505219322,168.69787335368648,167.2721714324497,167.8959197998047,42104800,0.0,0.0,40.969749590835676,-2.4824298274485557,177.11288818359375,180.96950241088868,64083215.0
2024-04-08 00:00:00-04:00,167.35138730592178,167.51969724864153,166.56923932419392,166.7771453857422,37425500,0.0,0.0,38.957559117609954,-2.487479005320097,176.60849731445313,180.89630447387697,62141140.0
2024-04-09 00:00:00-04:00,167.02463249925154,168.39093251447707,166.67811742351924,167.98500061035156,42373800,0.0,0.0,42.25500133902971,-2.366734451486252,176.16287109375,180.81415618896483,61252855.0
2024-04-10 00:00:00-04:00,167.12365945587084,167.4107728345435,165.45044033625643,166.11378479003906,49709300,0.0,0.0,38.761657568325504,-2.3944334624791566,175.69346618652344,180.7242297363281,60747050.0
2024-04-11 00:00:00-04:00,166.6682071669761,173.71750852250418,166.49000200344838,173.30166625976562,91070300,0.0,0.0,54.36782025377845,-1.8154557217976333,175.44079345703125,180.67719528198242,62676130.0
2024-04-12 00:00:00-04:00,172.52942533467058,176.5887144383463,172.47993396851362,174.79669189453125,101670900,0.0,0.0,56.83197135468236,-1.221890424509752,175.29000610351562,180.62387870788575,64114000.0
2024-04-15 00:00:00-04:00,173.61851932570818,174.8759113224836,170.7869210734751,170.97503662109375,73531800,0.0,0.0,49.47691084239092,-1.0477831003047697,175.01413665771486,180.54558616638184,61702955.0
2024-04-16 00:00:00-04:00,170.0443499195711,172.03438316124112,166.59891404642835,167.69789123535156,73711200,0.0,0.0,44.194951289251,-1.1608583830488897,174.69269744873046,180.44923126220704,61608305.0
2024-04-17 00:00:00-04:00,167.9256004082147,168.9552655008738,166.3315887451172,166.3315887451172,50901200,0.0,0.0,42.17347915066407,-1.3452137646699782,174.30774200439453,180.32444786071778,61392605.0
2024-04-18 00:00:00-04:00,166.36129252101995,166.96523521407434,164.8959946340493,165.38111877441406,43122900,0.0,0.0,40.77621587718265,-1.5501426366551527,173.87174011230468,180.202357711792,60877595.0
2024-04-19 00:00:00-04:00,164.55939469854349,164.7474951408098,162.4505426435407,163.3614044189453,68149400,0.0,0.0,37.90250566954726,-1.8541508167190273,173.39316802978516,180.07574073791503,58976000.0
2024-04-22 00:00:00-04:00,163.87623994630854,165.59895049362888,163.1336881290828,164.19305419921875,48116400,0.0,0.0,39.78433715407757,-2.0048615073260123,172.95278533935547,179.95091514587403,57823815.0
2024-04-23 00:00:00-04:00,163.70792820716713,165.39104261951863,163.28219064755024,165.24252319335938,49537800,0.0,0.0,42.166123364514796,-2.016373934823662,172.5181448364258,179.83690887451172,57586290.0
2024-04-24 00:00:00-04:00,164.8861093338651,167.6187098522012,164.5593998092657,167.34149169921875,48251800,0.0,0.0,46.70646783755593,-1.834975939548741,172.15914642333985,179.7436043548584,57129460.0
2024-04-25 00:00:00-04:00,167.84640961058278,168.9156860278579,166.4801094484109,168.2028350830078,50558300,0.0,0.0,48.4934652164609,-1.6032324432384826,171.85915618896485,179.65721992492675,56643710.0
2024-04-26 00:00:00-04:00,168.19293999888993,169.63843239437367,167.49987955768663,167.6186981201172,44838400,0.0,0.0,47.33429198028761,-1.4499943911092998,171.5651062011719,179.55958145141602,55601995.0
2024-04-29 00:00:00-04:00,171.64827897757164,174.28186646983917,171.38097119165224,171.77699279785156,68169400,0.0,0.0,55.49073500041811,-0.9816961208058217,171.3599639892578,179.47893791198732,56698440.0
2024-04-30 00:00:00-04:00,171.6086653165762,173.25218351807536,168.31173366197407,168.63845825195312,65934800,0.0,0.0,49.286386399165885,-0.8539757745621728,171.12274291992188,179.38186195373535,57528705.0
2024-05-01 00:00:00-04:00,167.8959162536964,170.99483730573115,167.43058257791944,167.6186981201172,50383100,0.0,0.0,47.43075566504425,-0.8255264451495066,170.87997802734375,179.26341537475585,57663275.0
2024-05-02 00:00:00-04:00,170.79680537480178,171.69777183075684,169.19289835753364,171.3116455078125,94214900,0.0,0.0,54.16138726154503,-0.49923528211658663,170.69602294921876,179.1647155761719,59688800.0
2024-05-03 00:00:00-04:00,184.7963833456082,185.14291355827163,180.84601747897057,181.55886840820312,163224100,0.0,0.0,66.84601166642574,0.5795375160983838,170.67641998291015,179.11049659729005,65744765.0
2024-05-06 00:00:00-04:00,180.53910014061182,182.3707188474722,178.62825898838415,179.90545654296875,78569700,0.0,0.0,63.77921578373786,1.2862293600247483,170.660380859375,179.05772422790528,67801975.0
2024-05-07 00:00:00-04:00,181.6281680754234,183.06376520709566,179.51933122687228,180.58859252929688,77305800,0.0,0.0,64.50382152001183,1.8797426000727455,170.68493438720702,179.0142352294922,69548575.0
2024-05-08 00:00:00-04:00,181.0341248704048,181.25194126160505,179.64801918938014,180.9252166748047,45057100,0.0,0.0,64.87669549393078,2.3501774909192363,170.68711273193358,178.96843559265136,69315965.0
2024-05-09 00:00:00-04:00,180.74701199258516,182.82616313989396,180.30148392023486,182.737060546875,48983000,0.0,0.0,66.89258154930731,2.836503740027723,170.74948699951173,178.92740531921388,67211600.0
2024-05-10 00:00:00-04:00,183.31206939842306,183.50044009541958,180.56586910059414,181.47796630859375,50759500,0.25,0.0,64.137680465357,3.0847631841099314,170.79994689941407,178.8757403564453,64666030.0
2024-05-13 00:00:00-04:00,183.84742393900163,185.4931713127623,183.03445892506747,184.68020629882812,72044800,0.0,0.0,67.77289217672089,3.4995637941177336,170.93603485107423,178.84639823913574,64591680.0
2024-05-14 00:00:00-04:00,185.89965779253163,186.6828817403559,184.6901339480471,185.82034301757812,52393600,0.0,0.0,68.97859568958778,3.8756200354301598,171.1852194213867,178.80988708496093,63525800.0
2024-05-15 00:00:00-04:00,186.29621459797372,189.0126735344407,185.76084369802737,188.09066772460938,70400000,0.0,0.0,71.28258404143163,4.3071929072708315,171.57842193603517,178.7816706085205,64500740.0
2024-05-16 00:00:00-04:00,188.83423487080034,189.458829238671,188.03119361367854,188.2096405029297,52845200,0.0,0.0,71.40244892859245,4.605725687669889,171.9938052368164,178.7581908416748,64986855.0
2024-05-17 00:00:00-04:00,187.88245575005936,189.17129419091543,187.55528802161362,188.23936462402344,41282900,0.0,0.0,71.43452891048318,4.789503144221726,172.41215942382811,178.7498001098633,63643530.0
2024-05-20 00:00:00-04:00,187.70400151197455,190.27175449259957,187.38674246856843,189.39930725097656,44361300,0.0,0.0,72.72056402524764,4.971438134334392,172.81945617675783,178.75416175842284,63455775.0
2024-05-21 00:00:00-04:00,189.44888573499304,191.07480055486454,189.28034753675723,190.6980743408203,42309400,0.0,0.0,74.12521258020914,5.160930579517498,173.2127294921875,178.8102825164795,63094355.0
2024-05-22 00:00:00-04:00,190.61877317517173,191.16405275409193,188.63594934473116,189.26052856445312,34648500,0.0,0.0,69.83870534524596,5.135903281423509,173.56774688720702,178.87469833374024,62414190.0
2024-05-23 00:00:00-04:00,189.3398657052663,189.35969818168277,185.02723244112752,185.27508544921875,51005900,0.0,0.0,59.55609379601758,4.739839101001564,173.88463806152345,178.91450271606445,62436570.0
2024-05-24 00:00:00-04:00,187.1984384364121,188.943318272004,186.42512308727407,188.3484649658203,36327000,0.0,0.0,63.962514791442054,4.620687022496753,174.2259683227539,178.97761283874513,62011000.0
2024-05-28 00:00:00-04:00,189.86531862155948,191.3425280405038,187.47602704829728,188.35838317871094,52280100,0.0,0.0,63.97615512134217,4.475468048941508,174.57502197265626,179.04185722351073,61216535.0
2024-05-29 00:00:00-04:00,187.98160889548626,190.5989356775744,187.88246165547932,188.65576171875,53068000,0.0,0.0,64.41111149963686,4.3344125195900745,174.90824157714843,179.10729232788086,60573195.0
2024-05-30 00:00:00-04:00,189.12173915319045,190.52954231443272,188.99286588586446,189.64718627929688,49889100,0.0,0.0,65.88979328484892,4.2535919128815465,175.21455810546874,179.16943893432617,60548495.0
2024-05-31 00:00:00-04:00,189.79589676882185,190.9161970579539,188.2790377703441,190.59893798828125,75158300,0.0,0.0,67.2946367976157,4.217720156058732,175.48862365722655,179.24626861572267,59595665.0
2024-06-03 00:00:00-04:00,191.24336235629542,193.31542486412093,190.86663609575578,192.36366271972656,50080500,0.0,0.0,69.7799269498131,4.28232607836631,175.94253448486327,179.33626678466797,53938485.0
2024-06-04 00:00:00-04:00,192.96841099700254,193.64257895328527,191.37223723797064,192.680908203125,47471400,0.0,0.0,70.21806820320882,4.309449149181887,176.3847705078125,179.44054069519044,52383570.0
2024-06-05 00:00:00-04:00,193.72188613227584,195.20900403542353,193.19643901671662,194.18785095214844,54156800,0.0,0.0,72.27436644489288,4.401800843911843,176.88546112060547,179.54992996215822,51226120.0
2024-06-06 00:00:00-04:00,194.0094143560484,194.8124556459051,192.5024638984892,192.80979919433594,41181800,0.0,0.0,67.67284813945787,4.314063132961252,177.38116455078125,179.64576347351075,51032355.0
2024-06-07 00:00:00-04:00,192.9783133981505,195.2486550396786,192.4726987931798,195.19908142089844,53103900,0.0,0.0,71.10754146257108,4.386757660882893,177.853369140625,179.74668014526367,51238400.0
2024-06-10 00:00:00-04:00,195.20899197297106,195.60556579928584,190.49978557066368,191.46145629882812,97010200,0.0,0.0,60.31215192668937,4.0955623934098355,178.28705780029296,179.8097016143799,53550935.0
2024-06-11 00:00:00-04:00,191.98691085726122,205.38089548057218,191.96709351098235,205.3709716796875,172373300,0.0,0.0,75.32537973653038,4.930335847926443,179.02764862060548,179.9656745147705,58567360.0
2024-06-12 00:00:00-04:00,205.58908283581826,218.30889945026047,205.1231180281253,211.24014282226562,198134300,0.0,0.0,78.94470284684715,5.996370459301232,179.9091860961914,180.13998260498047,65854395.0
2024-06-13 00:00:00-04:00,212.8957913864929,214.88852380834695,209.782758705521,212.40008544921875,97862700,0.0,0.0,79.58213166731906,6.855779091339826,180.79788360595703,180.3122891998291,67227530.0
2024-06-14 00:00:00-04:00,212.01343611534222,213.32209192759066,209.48533280144244,210.6651153564453,70122700,0.0,0.0,75.88173939292017,7.312574233355775,181.66831665039064,180.45651641845703,68091405.0
2024-06-17 00:00:00-04:00,211.53754196526575,217.06962191331422,210.89313031273133,214.8092041015625,93728300,0.0,0.0,78.45826580185616,7.917710563795197,182.6065823364258,180.6040347290039,70713675.0
2024-06-18 00:00:00-04:00,215.7213082393038,216.7523850703462,211.17073132176122,212.44964599609375,79943300,0.0,0.0,73.63481214090008,8.113363047164228,183.5200323486328,180.73866889953612,72492775.0
2024-06-20 00:00:00-04:00,212.0927425591543,212.4000929584359,207.05638337080816,207.87924194335938,86172500,0.0,0.0,65.26512570283009,7.809601415429967,184.31791717529296,180.8426001739502,74685930.0
2024-06-21 00:00:00-04:00,208.58315742215362,210.07027533194446,205.33132746963062,205.70806884765625,241805100,0.0,0.0,61.67851336535276,7.309414232899115,185.1098028564453,180.93449081420897,85043760.0
2024-06-24 00:00:00-04:00,205.93608683303725,210.87331399723786,204.8157865138524,206.35247802734375,80727000,0.0,0.0,62.34002163600373,6.885637380772835,185.77081909179688,181.06312919616698,86529815.0
2024-06-25 00:00:00-04:00,207.35378999494392,209.56464939365068,206.8184342324815,207.2744903564453,55549700,0.0,0.0,63.31575730468781,6.548700518542091,186.42037506103514,181.22279357910156,87490950.0
2024-06-26 00:00:00-04:00,209.68362348048936,213.01476817493463,208.8310086144187,211.41859436035156,66213200,0.0,0.0,67.40365168349808,6.540673375869034,187.22924621582033,181.40011711120604,88187605.0
2024-06-27 00:00:00-04:00,212.84622088780682,213.88720639689362,210.52632069800987,212.26129150390625,49772700,0.0,0.0,68.18015571891557,6.527070419404566,188.1205142211914,181.5758278656006,88022840.0
2024-06-28 00:00:00-04:00,213.91693728719588,214.21436386520998,208.49391330369318,208.8111572265625,82542700,0.0,0.0,61.69968066890321,6.166805876752221,188.9701055908203,181.7493968963623,89655520.0
2024-07-01 00:00:00-04:00,210.26855134899324,215.64200216221636,210.10001313722785,214.88853454589844,60402900,0.0,0.0,67.55055777827239,6.299075370213757,189.96025390625,181.9636720275879,88917750.0
2024-07-02 00:00:00-04:00,214.2936836981781,218.4873670751859,213.25271326862932,218.37831115722656,58046200,0.0,0.0,70.35140140227324,6.609307718755787,191.06059204101564,182.18784172058105,89316035.0
2024-07-03 00:00:00-04:00,218.11061688690268,219.64730834960938,217.14894613859082,219.64730834960938,37369800,0.0,0.0,71.32078702026502,6.878278050267909,192.16967712402345,182.42196098327636,88810955.0
2024-07-05 00:00:00-04:00,219.74645469045154,224.50523511983306,219.74645469045154,224.39617919921875,60412400,0.0,0.0,74.65979126101689,7.389452160677678,193.35275024414062,182.66520942687987,89123735.0
2024-07-08 00:00:00-04:00,225.13972278278513,225.89320550199054,221.3327047505454,225.86346435546875,59085900,0.0,0.0,75.60485687272154,7.822782804822907,194.52318969726562,182.91036293029785,90018940.0
2024-07-09 00:00:00-04:00,225.97252074204383,227.42989753320916,224.4259205051531,226.71607971191406,48076100,0.0,0.0,76.1612209620982,8.141153248985631,195.69345458984375,183.17745597839357,89767550.0
2024-07-10 00:00:00-04:00,227.3307526887298,231.07828847688273,227.28117906796422,230.97914123535156,62627700,0.0,0.0,78.7685107921979,8.63788539088037,196.96066345214842,183.47356681823732,88048425.0
2024-07-11 00:00:00-04:00,229.40283250811748,230.39424455320685,223.83110165559438,225.6156463623047,64710600,0.0,0.0,68.602385191743,8.500768413707192,198.0374365234375,183.7386139678955,82665290.0
2024-07-12 00:00:00-04:00,226.95403700304678,230.64209091466597,226.71609267309665,228.56011962890625,53046500,0.0,0.0,70.82830221647187,8.53135248518123,199.23586975097658,184.01201400756835,75410900.0
2024-07-15 00:00:00-04:00,234.44907084333448,235.1926297333435,231.0881852656036,232.38693237304688,62631300,0.0,0.0,73.46160747671334,8.763363785895137,200.53123443603516,184.32489067077637,73649330.0
2024-07-16 00:00:00-04:00,232.98179160349451,234.24088892580107,230.3347237014565,232.8033447265625,43234300,0.0,0.0,73.73939662629503,8.878489707408505,201.76106842041017,184.64740394592286,72304910.0
2024-07-17 00:00:00-04:00,227.4794799069808,229.47222770464353,224.6936146131452,226.9143829345703,57345900,0.0,0.0,63.60029230658185,8.397733979234005,202.6681787109375,184.93918853759766,70485790.0
2024-07-18 00:00:00-04:00,228.3023336745397,228.46096321097224,220.36112971273346,222.2547149658203,66034600,0.0,0.0,56.930037836568054,7.553661431399462,203.51516387939452,185.20510734558104,69790355.0
2024-07-19 00:00:00-04:00,222.88926630632307,224.85225794685087,221.36248326433122,222.38363647460938,49151500,0.0,0.0,57.06420858879084,6.816553755804023,204.3510647583008,185.45912925720214,67939305.0
2024-07-22 00:00:00-04:00,225.06043082550624,225.82382229500527,221.17409763275575,222.03663635253906,48201800,0.0,0.0,56.553548220640934,6.1336852964594755,205.17329315185546,185.71808212280274,58259140.0
2024-07-23 00:00:00-04:00,222.4431183487035,224.99105459605977,220.7676295522315,223.07762145996094,39960300,0.0,0.0,57.77434758958926,5.611816394756431,205.98010437011717,185.97601852416992,56220805.0
2024-07-24 00:00:00-04:00,222.07627816799848,222.86941075843336,215.26528287042115,216.6631622314453,61777600,0.0,0.0,48.694648894553616,4.6272976712641025,206.68380828857423,186.19571060180664,56532200.0
2024-07-25 00:00:00-04:00,217.04978217666016,218.9533061807155,212.77679965909306,215.62216186523438,51391200,0.0,0.0,47.39290592109516,3.7201755917787693,207.30264739990236,186.39745887756348,55791100.0
2024-07-26 00:00:00-04:00,216.82180047841348,217.60502442671483,214.15489978899527,216.08816528320312,41601300,0.0,0.0,48.062250931534116,3.0042463082390327,207.90800384521484,186.59413093566894,55382530.0
2024-07-29 00:00:00-04:00,215.09674706599597,217.41664743865044,213.8971319294418,216.36575317382812,36311800,0.0,0.0,48.48273986768344,2.4312403900940183,208.47350555419922,186.79515350341796,53070985.0
2024-07-30 00:00:00-04:00,217.30756370891964,218.43777260182014,214.26392209769764,216.92091369628906,41643800,0.0,0.0,49.36565585507988,1.9988839957312337,209.0477310180664,186.99198989868165,52133030.0
2024-07-31 00:00:00-04:00,219.53825698895486,221.89782218872546,218.7352157578384,220.17276000976562,50036300,0.0,0.0,54.30563781091024,1.8967704696476062,209.68639892578125,187.2005923461914,51732535.0
2024-08-01 00:00:00-04:00,222.44310665442717,222.55216258005441,215.15623749650504,216.48472595214844,62501000,0.0,0.0,48.52357793939155,1.5009492298617033,210.2281072998047,187.39993843078614,52989095.0
2024-08-02 00:00:00-04:00,217.26790792406092,223.6625266661827,215.8402875210575,217.97181701660156,105568600,0.0,0.0,50.7983839027965,1.2923563863976142,210.77358215332032,187.60736183166503,55246905.0
2024-08-05 00:00:00-04:00,197.38019703112641,211.66644653820467,194.31673780556494,207.4727783203125,119548600,0.0,0.0,38.02288813172717,0.2766710844195188,211.1378271484375,187.77004203796386,58270040.0
2024-08-06 00:00:00-04:00,203.53686913101606,208.18659343179937,199.34320096724198,205.45028686523438,69660500,0.0,0.0,36.137470932936004,-0.6835850498364096,211.5413311767578,187.9290779876709,59349260.0
2024-08-07 00:00:00-04:00,205.12311510057037,211.80523672133984,204.61750047992084,208.01805114746094,63516400,0.0,0.0,40.19230047417045,-1.223296436784267,211.93472290039062,188.10282905578615,59393695.0
2024-08-08 00:00:00-04:00,211.27979376271134,212.36042911915672,207.03655197769595,211.4780731201172,47161100,0.0,0.0,45.237923317416424,-1.3561933895738605,212.39711669921874,188.3066190338135,58516220.0
2024-08-09 00:00:00-04:00,210.2784745623819,214.91827509282652,210.1495861717322,214.38291931152344,42201600,0.0,0.0,49.11891754587448,-1.2131341163529896,212.9116598510742,188.5243406677246,57973975.0
2024-08-12 00:00:00-04:00,214.46235526228747,217.87674748817912,213.99585104906322,215.91148376464844,38028100,0.25,0.0,51.08347173033077,-0.9652889844764445,213.43694580078125,188.74753257751465,56743815.0
2024-08-13 00:00:00-04:00,217.380462936734,220.2390393048837,217.380462936734,219.6236572265625,44155300,0.0,0.0,55.57002593010401,-0.46398008379969724,214.0174401855469,189.0008393096924,56789865.0
2024-08-14 00:00:00-04:00,218.9288446755302,221.37053243582614,218.06530765715263,220.07028198242188,41960600,0.0,0.0,56.0918233275405,-0.030300992103491353,214.57157257080078,189.27716606140137,56020600.0
2024-08-15 00:00:00-04:00,222.92888658909135,223.67330627029455,221.10256546081067,223.04798889160156,46414000,0.0,0.0,59.50639426147614,0.5473592575885107,215.17891418457032,189.56181434631347,55039570.0
2024-08-16 00:00:00-04:00,222.25393109506462,225.1422830006272,221.98593577772976,224.3680877685547,44340200,0.0,0.0,60.95601395807012,1.0990113948809324,215.78251892089844,189.8428424835205,54799005.0
2024-08-19 00:00:00-04:00,224.0405257400108,224.30852103873067,221.38045847347976,224.20925903320312,40687800,0.0,0.0,60.67457663867121,1.506023040425248,216.4105081176758,190.12070655822754,54423305.0
2024-08-20 00:00:00-04:00,224.09017687092657,225.4797542015927,223.7725505409132,224.8246612548828,30299000,0.0,0.0,61.417879633479444,1.8568360676902387,217.00301971435547,190.38584739685058,53940240.0
2024-08-21 00:00:00-04:00,224.8345868015738,226.28371522001356,223.37552309496598,224.71546936035156,34765500,0.0,0.0,61.196856559155265,2.101818589571252,217.66809997558593,190.63266716003417,52589635.0
2024-08-22 00:00:00-04:00,226.09511339685906,226.64102413052154,222.2340576918725,222.859375,43695300,0.0,0.0,57.414530641948176,2.1217396068622634,218.0178680419922,190.87474906921386,52204840.0
2024-08-23 00:00:00-04:00,223.98097823318813,226.52192810531062,222.66087229355688,225.15219116210938,38677300,0.0,0.0,60.64993905072394,2.296070586539315,218.29610900878907,191.11555618286133,52058640.0
2024-08-26 00:00:00-04:00,225.07279660900764,225.58893181224732,222.22415556593285,225.4896697998047,30602200,0.0,0.0,61.11818703317354,2.4334100136632344,218.55790069580078,191.34526252746582,51773160.0
2024-08-27 00:00:00-04:00,224.31846403822652,227.147264886192,223.21672230373292,226.33335876464844,35934600,0.0,0.0,62.32517385149684,2.58058378409072,218.87126556396484,191.57390419006347,51487700.0
2024-08-28 00:00:00-04:00,226.22414704916858,228.14971479709,224.0008084384826,224.80479431152344,38052200,0.0,0.0,58.76585302824265,2.544545741480192,219.07117736816406,191.79727294921875,50888495.0
2024-08-29 00:00:00-04:00,228.3879521456165,231.18696212304621,227.1770283167567,228.0802459716797,51906300,0.0,0.0,63.567250959168526,2.7486027266669453,219.38378936767577,192.01610572814943,50358760.0
2024-08-30 00:00:00-04:00,228.4772755570311,228.68570457235603,225.78743262658827,227.29612731933594,52990800,0.0,0.0,61.714598869028734,2.8146025493281286,219.7721270751953,192.23892845153807,47729870.0
2024-09-03 00:00:00-04:00,226.84949624301046,227.29614502733148,219.52440165721936,221.1125030517578,50190600,0.0,0.0,49.469914570505615,2.3409560010156554,220.08021575927734,192.41778076171875,44261970.0
2024-09-04 00:00:00-04:00,220.01074262314262,220.12984491677884,215.86183603349318,219.20677185058594,43840200,0.0,0.0,46.41353318104687,1.7911636978167564,220.3373016357422,192.5842864227295,42970955.0
2024-09-05 00:00:00-04:00,219.9809527371486,223.80229748015876,219.87177059333374,220.72537231445312,36615400,0.0,0.0,49.11159438717621,1.4611445377521761,220.60631927490235,192.74998001098632,41625905.0
2024-09-06 00:00:00-04:00,222.2837029728863,223.56411324365834,218.13481142105056,219.177001953125,48423000,0.0,0.0,46.53867211432927,1.062414573974479,220.7614874267578,192.90803062438965,41689000.0
2024-09-09 00:00:00-04:00,219.17701543505086,219.6236642204836,215.09759492361837,219.26634216308594,67180000,0.0,0.0,46.7121434359497,0.7450388689720455,220.9015884399414,193.057826461792,42937920.0
2024-09-10 00:00:00-04:00,217.29112653781655,219.83207646515766,215.1174187834135,218.47227478027344,51591000,0.0,0.0,45.30502896366045,0.4245478117916832,221.09481079101562,193.20765686035156,43616065.0
2024-09-11 00:00:00-04:00,219.81224273641337,221.4301044903715,216.26879790334314,221.00331115722656,44587100,0.0,0.0,50.43056526369728,0.37051871373734,221.21710632324218,193.3668299102783,43637655.0
2024-09-12 00:00:00-04:00,220.84450772306226,221.88669831664953,218.18445530425632,221.1125030517578,37455600,0.0,0.0,50.64544519344118,0.3326762528455447,221.2717901611328,193.533173828125,43412405.0
2024-09-13 00:00:00-04:00,221.91644846858938,222.37301734416337,220.25887596851652,220.844482421875,36766600,0.0,0.0,50.071676921866036,0.2778558557134829,221.2957336425781,193.69906761169435,42930035.0
2024-09-16 00:00:00-04:00,214.92882889414335,215.60377723416104,212.32832783334672,214.71047973632812,59357400,0.0,0.0,39.1421525556696,-0.2575831979317229,221.10201965332033,193.83127563476563,43680895.0
2024-09-17 00:00:00-04:00,214.14471619981742,215.28615358843467,212.904016801209,215.17697143554688,45519300,0.0,0.0,40.21099839134719,-0.6369382958878305,220.8882897949219,193.97090827941895,43922470.0
2024-09-18 00:00:00-04:00,215.9313221513165,221.05293280374121,215.92138686335736,219.04795837402344,59894900,0.0,0.0,48.32187346505441,-0.6180985935432091,220.73492736816405,194.12702835083007,45402265.0
2024-09-19 00:00:00-04:00,223.31594824973243,228.11001204196916,222.9586262544957,227.1670684814453,66781300,0.0,0.0,60.442961158485936,0.05138401479516119,220.65868591308595,194.31736618041992,47003055.0
2024-09-20 00:00:00-04:00,228.25889437635817,231.35567496568984,225.9263736470506,226.50205993652344,318679900,0.0,0.0,59.217807298468706,0.5222727383736583,220.67641418457032,194.51332778930663,60752285.0
2024-09-23 00:00:00-04:00,225.64847983003366,227.74278104335218,224.12986496132828,224.7849578857422,54146000,0.0,0.0,56.058168974530446,0.7482740221591655,220.60091094970704,194.68097709655763,61525720.0
2024-09-24 00:00:00-04:00,226.94871280288095,227.64351653597865,224.05044101841318,225.67823791503906,43556100,0.0,0.0,57.3335722690524,0.9880720215115844,220.46673706054688,194.8585311126709,62173415.0
2024-09-25 00:00:00-04:00,223.2564112941643,225.59885242729763,222.3531936181764,224.68569946289062,42308700,0.0,0.0,55.40917184715501,1.0855110103312882,220.30438415527342,195.02148155212402,62492120.0
2024-09-26 00:00:00-04:00,225.60876888531146,226.7998372114188,223.73283210674714,225.82713317871094,36636700,0.0,0.0,57.188810285420374,1.2405361440266347,220.28263916015624,195.18301971435548,62421345.0
2024-09-27 00:00:00-04:00,226.76013618443497,227.81224676693589,225.60876359989413,226.09510803222656,34026000,0.0,0.0,57.616482723767,1.369234329464092,220.35944702148439,195.35840629577638,61527330.0
2024-09-30 00:00:00-04:00,228.32838978012126,231.26637268066406,227.94129216556473,231.26637268066406,54541900,0.0,0.0,64.9028800704364,1.8669849671669283,220.53710174560547,195.55208465576172,61604885.0
2024-10-01 00:00:00-04:00,227.81225543239978,227.9412778656533,222.07526286618742,224.52688598632812,63285000,0.0,0.0,52.286841600489296,1.6980614858512695,220.58690673828124,195.69599769592284,62259605.0
2024-10-02 00:00:00-04:00,224.2092739820147,225.67825786117984,221.36063294746157,225.0926513671875,32880600,0.0,0.0,53.11083879291493,1.591495182030343,220.62720733642578,195.84199783325195,61711625.0
2024-10-03 00:00:00-04:00,223.4648504260935,225.12242301224842,221.65839996957536,223.99090576171875,34044200,0.0,0.0,51.25453313303627,1.4019778280929813,220.77376220703124,195.98515899658204,61583065.0
2024-10-04 00:00:00-04:00,226.20430944090455,226.30357145139808,222.46237094034984,225.1125030517578,37245100,0.0,0.0,53.05344690741875,1.3269907639219127,220.96356903076173,196.14223419189454,61024170.0
2024-10-07 00:00:00-04:00,222.8296172342201,224.01076551273388,219.68320530273118,220.04052734375,39505400,0.0,0.0,44.97114679915781,0.8485157624206181,221.04261627197266,196.26875831604005,59640440.0
2024-10-08 00:00:00-04:00,222.63108533790577,224.29857792676054,221.58889489724396,224.09014892578125,31855700,0.0,0.0,51.344594471068724,0.7870192263361275,221.19710418701172,196.42596237182616,58653675.0
2024-10-09 00:00:00-04:00,223.55416342639623,228.0405364361267,223.15714569962594,227.83209228515625,33591100,0.0,0.0,56.372755694940714,1.0283719036407035,221.41532775878906,196.60261795043945,58103875.0
2024-10-10 00:00:00-04:00,226.0851959438118,227.7923994519787,225.47973405841245,227.3358154296875,28183500,0.0,0.0,55.5527903987458,1.1661575067491867,221.5585888671875,196.78213165283202,57640270.0
2024-10-11 00:00:00-04:00,227.5938974682738,227.70307961960657,225.6484741750507,225.85691833496094,31759200,0.0,0.0,53.07527110458462,1.1428449488445835,221.74603271484375,196.95696990966798,57389900.0
2024-10-14 00:00:00-04:00,226.99834931201846,230.0058033150611,226.89910245149323,229.57901000976562,39882100,0.0,0.0,58.13571525189904,1.4084752442160493,221.97817657470702,197.1499243927002,56416135.0
2024-10-15 00:00:00-04:00,231.87182665313995,235.7229623804217,230.6410474142004,232.11004638671875,64751400,0.0,0.0,61.19990501467006,1.802445183831395,222.47092193603515,197.35340797424317,57377740.0
2024-10-16 00:00:00-04:00,229.87679699083486,230.39291705034768,228.1298824963092,230.05545043945312,34082200,0.0,0.0,57.519466599404076,1.9266710132771436,222.96302520751954,197.55180992126463,56087105.0
2024-10-17 00:00:00-04:00,231.69314333147315,232.1100316250369,228.80480686495974,230.42266845703125,32993800,0.0,0.0,58.00556344586688,2.0313363224983902,223.41111755371094,197.78611236572266,54397730.0
2024-10-18 00:00:00-04:00,234.4226930307779,234.4226930307779,232.26884075534687,233.25148010253906,46431500,0.0,0.0,61.64641934735938,2.315850114008583,223.84658569335937,198.0414309692383,40785310.0
2024-10-21 00:00:00-04:00,232.7055644739604,235.08771628667242,232.7055644739604,234.720458984375,36254500,0.0,0.0,63.4200027075905,2.6295518259762787,224.2533364868164,198.31566352844237,39890735.0
2024-10-22 00:00:00-04:00,232.14972869721714,234.46239402859047,230.8693336731526,234.10507202148438,38846600,0.0,0.0,62.12395143163228,2.7962724200682487,224.61720825195312,198.59042846679688,39655260.0
2024-10-23 00:00:00-04:00,232.33833466706656,233.39044533687328,226.0653512199268,229.04302978515625,52287000,0.0,0.0,52.601361747887324,2.4912179786945217,224.805595703125,198.81822814941407,40154175.0
2024-10-24 00:00:00-04:00,228.26882480795348,229.10258628095696,226.71051430099084,228.8544464111328,31109500,0.0,0.0,52.279853085177834,2.208781574805073,224.9812789916992,199.04716148376465,39877815.0
2024-10-25 00:00:00-04:00,228.03062932515897,231.484732210271,227.86189602437614,229.68820190429688,38802300,0.0,0.0,53.629310654998974,2.0288386016990216,225.11408325195313,199.27507232666017,40116630.0
2024-10-28 00:00:00-04:00,231.58396917060392,232.983466430484,230.8196941830456,231.66336059570312,36087100,0.0,0.0,56.749604632893096,2.0222994887315053,225.25998870849608,199.51582542419433,39193890.0
2024-10-29 00:00:00-04:00,231.3655997315715,232.58644353988512,230.59140461944537,231.9313507080078,35417200,0.0,0.0,57.17071337891372,2.0155082326732554,225.41443054199217,199.7562868499756,37800500.0
2024-10-30 00:00:00-04:00,230.8792736886572,231.73287549326048,227.8420439394486,228.38795471191406,47070900,0.0,0.0,50.209630455944975,1.70455462515946,225.4856964111328,199.99035316467285,38510015.0
2024-10-31 00:00:00-04:00,227.63358238786932,228.11994197442104,223.693120129287,224.22911071777344,64370100,0.0,0.0,43.51295307329105,1.1097452450943024,225.47596923828124,200.20832214355468,40026310.0
2024-11-01 00:00:00-04:00,219.32586653780092,223.67328184782377,218.6310779402587,221.25143432617188,65276700,0.0,0.0,39.455364884690994,0.3935443919229442,225.4438104248047,200.38198570251464,41427890.0
2024-11-04 00:00:00-05:00,219.34572401852256,221.13231895883285,218.0752491010658,220.35812377929688,44944500,0.0,0.0,38.30144871892795,-0.24332770922325153,225.34792907714845,200.53669662475585,41699845.0
2024-11-05 00:00:00-05:00,220.14969745378525,222.28369429475046,219.49460455688452,221.78741455078125,28111300,0.0,0.0,41.261465102012764,-0.6255111148550441,225.27388397216797,200.6870344543457,41512625.0
2024-11-06 00:00:00-05:00,220.95366880237512,224.387931303672,219.54423614319148,221.06285095214844,54561100,0.0,0.0,40.208349611207645,-0.9756141714106832,225.16847381591796,200.827371673584,42561125.0
2024-11-07 00:00:00-05:00,222.95864433437472,226.18446269494834,222.89909318788202,225.7874298095703,42137700,0.0,0.0,49.2958800650321,-0.8619038462236404,225.1881265258789,200.99469360351563,43258835.0
2024-11-08 00:00:00-05:00,225.72780810336752,227.20835428792034,224.9726384261151,225.51914978027344,38328800,0.25,0.0,48.84193000138396,-0.7843935499529096,225.13690460205078,201.16230590820314,43587315.0
2024-11-11 00:00:00-05:00,223.5715733715174,224.26712634517858,220.0937933412938,222.80645751953125,42005600,0.0,0.0,44.39064148463741,-0.9311242554416026,225.0471112060547,201.32500663757324,43693490.0
2024-11-12 00:00:00-05:00,223.1244332571579,224.15782408060912,221.94198562097503,222.80645751953125,40398300,0.0,0.0,44.39064148463741,-1.0354731072581842,225.08099029541015,201.49111877441408,42475835.0
2024-11-13 00:00:00-05:00,222.58787261698694,225.2111120360391,221.34580821096,223.69082641601562,48566200,0.0,0.0,46.24302145726389,-1.0348796962011022,225.17067138671874,201.67989639282226,43200035.0
2024-11-14 00:00:00-05:00,223.5914518391994,227.41700079571672,223.5715745650122,226.77113342285156,44923900,0.0,0.0,52.21378718998841,-0.776898775924991,225.29158660888672,201.90207176208497,43796540.0
2024-11-15 00:00:00-05:00,224.96266960797624,225.47937257835642,222.8462024481905,223.57156372070312,47923700,0.0,0.0,46.44344152010131,-0.8211597545020197,225.3794778442383,202.09608703613281,43871150.0
2024-11-18 00:00:00-05:00,223.81998425203597,228.28148462394066,223.7404903183321,226.57240295410156,44633700,0.0,0.0,51.82127972807254,-0.6070960267399528,225.5255990600586,202.31009979248046,44290110.0
2024-11-19 00:00:00-05:00,225.53901477922054,228.6988344551977,225.22105418122663,226.8307647705078,36211800,0.0,0.0,52.265702079961876,-0.4118537472501771,225.6927688598633,202.51635681152345,44158370.0
2024-11-20 00:00:00-05:00,226.61215353970658,228.47027695087482,224.45593165289552,227.5461883544922,35169600,0.0,0.0,53.543627575476684,-0.19712183214977586,225.8236264038086,202.71818168640138,43302500.0
2024-11-21 00:00:00-05:00,227.42695953023323,228.69883223369175,224.2770861035494,227.06924438476562,42108300,0.0,0.0,52.53390179198605,-0.06468498648348486,225.94276123046876,202.9170778656006,43852440.0
2024-11-22 00:00:00-05:00,226.6121530455377,229.25526960886552,226.6121530455377,228.41065979003906,38168300,0.0,0.0,55.098599327935204,0.14682072249604516,226.09408477783202,203.12807022094728,43820740.0
2024-11-25 00:00:00-05:00,229.99059491471002,231.76922452168117,228.2815130321861,231.39163208007812,90152800,0.0,0.0,60.23996728911069,0.5486555122410266,226.42770782470703,203.35015563964845,46524025.0
2024-11-26 00:00:00-05:00,231.84870566104107,234.07449047305911,231.84870566104107,233.56771850585938,45986200,0.0,0.0,63.523454882613024,1.0308217944426588,226.7955227661133,203.59153717041016,47052475.0
2024-11-27 00:00:00-05:00,232.98148163119754,234.19373774290258,232.32566796514345,233.4385528564453,33498400,0.0,0.0,63.1898812142905,1.3865363307506016,227.08333465576172,203.8427182006836,46373850.0
2024-11-29 00:00:00-05:00,233.31932748739487,236.30028225823045,232.4846637904217,235.82333374023438,28481400,0.0,0.0,66.66989138279996,1.8396680028525338,227.2564599609375,204.11022888183595,44579415.0
2024-12-02 00:00:00-05:00,235.76367580720535,239.26131787624368,235.65437354492806,238.06893920898438,48137100,0.0,0.0,69.58571080241292,2.35285743573462,227.48779754638673,204.3904030609131,43722435.0
2024-12-03 00:00:00-05:00,238.28756099978403,241.21882985808793,237.3833345065081,241.10952758789062,38861000,0.0,0.0,73.02658424259796,2.9706697972987683,227.8142889404297,204.69345314025878,43418260.0
2024-12-04 00:00:00-05:00,241.32814402991647,242.56027739454964,239.7184333911867,241.46725463867188,44383900,0.0,0.0,73.40775957755004,3.449393665283992,228.13006927490235,205.00200469970704,44231890.0
2024-12-05 00:00:00-05:00,242.4410361127995,242.98753231090083,240.59284370740727,241.49705505371094,40033900,0.0,0.0,73.44143001395439,3.787530134389158,228.46629638671874,205.30694297790527,43505530.0
2024-12-06 00:00:00-05:00,241.36788746709487,243.0769692456264,240.5431549096241,241.29832458496094,36870600,0.0,0.0,72.77962438875525,3.9934359900625225,228.77572021484374,205.6007395172119,43242175.0
2024-12-09 00:00:00-05:00,240.29472379037958,245.67038159068719,240.21522985765637,245.18348693847656,44649200,0.0,0.0,77.12039848003889,4.419176480798598,229.15748779296874,205.92311988830568,43558195.0
2024-12-10 00:00:00-05:00,245.32261857013248,246.63424582967986,243.7824557106041,246.19703674316406,36914800,0.0,0.0,78.10148723328588,4.783225835671743,229.45610107421874,206.257300491333,43303655.0
2024-12-11 00:00:00-05:00,246.38585520914904,249.20782208911243,244.69663537468304,244.92518615722656,45205800,0.0,0.0,73.82358685516738,4.912481826672263,229.86406707763672,206.57784492492675,43544030.0
2024-12-12 00:00:00-05:00,245.32261935264157,247.1608807008323,244.12029436088807,246.38583374023438,32777500,0.0,0.0,75.48435397564455,5.074286962121477,230.28993072509766,206.9116823577881,42754595.0
2024-12-13 00:00:00-05:00,246.24670376010008,247.7073574078961,244.6767326870094,246.5547332763672,33155300,0.0,0.0,75.67652676192806,5.156704202610854,230.74120727539062,207.24968116760255,42166165.0
2024-12-16 00:00:00-05:00,246.4156487620838,249.7841268474892,246.07779571830554,249.44627380371094,51694800,0.0,0.0,78.74792045359409,5.393174456427801,231.22788269042968,207.60753349304198,42354720.0
2024-12-17 00:00:00-05:00,248.49234928857376,252.2185421189052,248.19425082976375,251.87075805664062,51356400,0.0,0.0,80.92308812237262,5.710388647470495,231.8644873046875,208.00008171081544,42690855.0
2024-12-18 00:00:00-05:00,250.559158393614,252.66569465886903,246.16722071424974,246.47525024414062,56774100,0.0,0.0,64.98305932968009,5.4634317505954755,232.3121893310547,208.3903052520752,43718970.0
2024-12-19 00:00:00-05:00,245.92873792847348,250.400169527173,245.5213371883983,248.20419311523438,60882300,0.0,0.0,67.21183696284861,5.345607040474704,232.71963134765625,208.79412384033202,45004605.0
2024-12-20 00:00:00-05:00,246.4653398622687,253.3811617724802,244.13026766465495,252.87440490722656,147495300,0.0,0.0,72.33422024910394,5.564928142271469,233.23040313720702,209.22188758850098,50273955.0
2024-12-23 00:00:00-05:00,253.1526187871241,254.0270218726176,251.84099141600396,253.64944458007812,40858800,0.0,0.0,73.08568793585431,5.735169456416401,233.78625366210937,209.6449624633789,50408480.0
2024-12-24 00:00:00-05:00,253.86804957710976,256.5707679464462,253.6693071300515,256.56085205078125,23234700,0.0,0.0,75.75031944440006,6.035440375914618,234.3258905029297,210.07259468078612,47062575.0
2024-12-26 00:00:00-05:00,256.55086249805703,258.44874034869076,255.99442012888886,257.3755798339844,27237100,0.0,0.0,76.45288334123586,6.266907952233794,234.831201171875,210.50192428588866,46125120.0
2024-12-27 00:00:00-05:00,256.19316170058187,257.05766400729357,251.45345479939442,253.96739196777344,42355300,0.0,0.0,67.6263271458296,6.1049612041566945,235.30944000244142,210.92460861206055,46567965.0
2024-12-30 00:00:00-05:00,250.62868528180354,251.89062678955742,249.15808547329988,250.598876953125,35557500,0.0,0.0,60.225542192820036,5.63979419290888,235.7129641723633,211.3211932373047,46921770.0
2024-12-31 00:00:00-05:00,250.83738041728796,251.6720440162376,247.84647977817443,248.8302001953125,39480700,0.0,0.0,56.71591039467848,5.069984922015635,236.02453857421875,211.71081573486327,46488950.0
2025-01-02 00:00:00-05:00,247.34963081084462,247.5185648879759,240.2847840526235,242.30189514160156,55740700,0.0,0.0,46.049018969516304,4.044999079600757,236.1761672973633,212.0623513031006,47332935.0
2025-01-03 00:00:00-05:00,241.8150177001953,242.6298040057451,240.3543488544026,241.8150177001953,40244100,0.0,0.0,45.363773712031865,3.157011411960127,236.3303662109375,212.39976959228517,47125945.0
2025-01-06 00:00:00-05:00,242.75898865424097,245.75982034447205,241.65603491404494,243.44461059570312,45045600,0.0,0.0,48.145146619322055,2.555313254766986,236.61839782714844,212.73251434326173,47376530.0
2025-01-07 00:00:00-05:00,241.43743349025635,243.99112508347835,239.81779188041267,240.67233276367188,40856000,0.0,0.0,44.03792890984072,1.8336265723052634,236.85475555419922,213.08753540039064,47575800.0
2025-01-08 00:00:00-05:00,240.38419368621172,242.1628385440956,238.5260700426742,241.15924072265625,37628900,0.0,0.0,44.92658157782891,1.286148164571273,237.0841763305664,213.4404860687256,47224785.0
2025-01-10 00:00:00-05:00,238.48627094630749,238.63532775588945,231.5207799769646,235.34634399414062,61710900,0.0,0.0,37.30950714409207,0.3788482694614004,237.15783599853515,213.77145118713378,48464590.0
2025-01-13 00:00:00-05:00,232.04742383507855,233.180185891021,228.26161420500546,232.91189575195312,49630700,0.0,0.0,34.65920128538187,-0.5305175852802222,237.17744689941406,214.09588752746583,48685835.0
2025-01-14 00:00:00-05:00,233.25969544364762,234.62099318079112,230.99417118008773,231.7990264892578,39435300,0.0,0.0,33.4880978637717,-1.3257138219420312,237.24566833496092,214.39693840026857,49018725.0
2025-01-15 00:00:00-05:00,233.1503884256181,237.4429702030776,232.94171493841435,236.35987854003906,39832000,0.0,0.0,42.119744615755614,-1.5697943130313377,237.48828369140625,214.7298526763916,49352560.0
2025-01-16 00:00:00-05:00,235.8432019589194,236.4990004602556,226.58236221549976,226.81089782714844,71759100,0.0,0.0,32.58502266107345,-2.5048781243087888,237.5994729614258,215.02220001220704,50355775.0
2025-01-17 00:00:00-05:00,230.6463874145182,230.8153063545454,227.02949646555186,228.5199737548828,68488300,0.0,0.0,35.4035358696361,-3.072611485070894,237.7627099609375,215.3289835357666,51212370.0
2025-01-21 00:00:00-05:00,222.57792910461188,222.99526090225285,217.98726416864307,221.2265625,98070400,0.0,0.0,29.697465788327577,-4.064211893635019,237.75149291992187,215.59529029846192,53277185.0
2025-01-22 00:00:00-05:00,218.39465138442915,222.6971640978084,218.39465138442915,222.4090118408203,64126500,0.0,0.0,31.621645503997115,-4.700464552431669,237.7784161376953,215.87161804199218,53439395.0
2025-01-23 00:00:00-05:00,223.3132424800993,225.58869773276695,220.88873040600683,222.24009704589844,60234800,0.0,0.0,31.489057527051173,-5.1588612396600695,237.70746948242189,216.14333892822265,49076370.0
2025-01-24 00:00:00-05:00,223.35297985225768,224.19758968028435,220.00437919561992,221.3656768798828,54697900,0.0,0.0,30.769804702391227,-5.528967817089153,237.62440002441406,216.41628158569335,49768325.0
2025-01-27 00:00:00-05:00,222.59782027357136,230.67619691244207,222.55806572164707,228.40074157714844,94863400,0.0,0.0,42.207224903997044,-5.194727435326229,237.73628570556642,216.71836029052736,53349760.0
2025-01-28 00:00:00-05:00,229.3844597561093,238.66516132615985,229.3447052045828,236.74740600585938,75707600,0.0,0.0,52.28025584311173,-4.207828236665165,238.01510467529297,217.07152839660645,55773285.0
2025-01-29 00:00:00-05:00,232.63366934231402,238.33723404319062,232.52436707787834,237.8404083251953,45486100,0.0,0.0,53.425061386286814,-3.299473087035949,238.29809631347655,217.3942221069336,55929825.0
2025-01-30 00:00:00-05:00,237.1548105184623,239.26134692510684,235.7040877651042,236.0816650390625,55658300,0.0,0.0,51.29272630176425,-2.6904966013252647,238.48430694580077,217.70064697265624,56934865.0
2025-01-31 00:00:00-05:00,245.62070152543137,245.62070152543137,231.9579942451269,234.50173950195312,100959800,0.0,0.0,49.38581075132531,-2.30875128811536,238.70291046142577,218.01828048706054,60008820.0
2025-02-03 00:00:00-05:00,228.52991033796462,230.35822543026035,224.2671369795404,226.56246948242188,73063300,0.0,0.0,41.114103759847964,-2.616684605100204,238.7027117919922,218.3126033782959,60874950.0
2025-02-04 00:00:00-05:00,225.80731341689966,231.64998934854387,225.21111642561868,231.32208251953125,45067300,0.0,0.0,46.86038781682014,-2.448438903423238,238.79253814697265,218.63755584716796,61116110.0
2025-02-05 00:00:00-05:00,227.0791817096477,231.19289841511937,226.82083777153602,230.99417114257812,39620300,0.0,0.0,46.523552058528566,-2.31487820536006,238.86149780273436,218.9656211090088,60844845.0
2025-02-06 00:00:00-05:00,229.8216702010973,232.31574540236795,228.96712922491054,231.7394256591797,29925300,0.0,0.0,47.44810860454086,-2.124405751645952,238.95490142822266,219.30751121520996,60298310.0
2025-02-07 00:00:00-05:00,231.1233398047693,232.51444580894437,225.81722939017394,226.1848907470703,39707200,0.0,0.0,41.666067136152286,-2.3940622466917887,238.9103860473633,219.6174703979492,60402225.0
2025-02-10 00:00:00-05:00,228.36339787721977,229.3780258753388,226.00584416726187,226.45347595214844,33115600,0.25,0.0,42.033904139847294,-2.556623219366003,238.81162292480468,219.92352516174316,58972460.0
2025-02-11 00:00:00-05:00,227.00055734532324,233.99360582200345,226.93093316445223,231.39732360839844,53718400,0.0,0.0,48.47447366227804,-2.260469487835934,238.76821502685547,220.24380432128908,59176845.0
2025-02-12 00:00:00-05:00,229.98483328224916,235.71456902246177,229.46756209934875,235.62503051757812,45243300,0.0,0.0,53.257338765430056,-1.665426902140382,238.81194458007812,220.58091529846192,59467245.0
2025-02-13 00:00:00-05:00,235.66481592241834,241.06626881430705,234.33186254170715,240.26052856445312,53614100,0.0,0.0,57.87461437634411,-0.8104629021764538,238.9006884765625,220.9441244506836,60156350.0
2025-02-14 00:00:00-05:00,239.9819785190441,244.25938055012708,239.7233505557091,243.3143768310547,40896200,0.0,0.0,60.63350717190512,0.11222855954329702,239.0055972290039,221.3018113708496,58613205.0
2025-02-18 00:00:00-05:00,242.86673323889264,243.89131830963376,240.56887710589865,243.18505859375,48822500,0.0,0.0,60.45295385692596,0.8235400327347975,239.0471078491211,221.6745443725586,57629915.0
2025-02-19 00:00:00-05:00,243.37407429304395,244.716969605811,241.88195827091008,243.5829620361328,32204200,0.0,0.0,60.83936100366443,1.4031918600380777,239.0894219970703,222.05436569213867,54336605.0
2025-02-20 00:00:00-05:00,243.65259654249155,245.4829218502696,243.00600383864503,244.5379180908203,32316900,0.0,0.0,61.8039448507631,1.9175230697233019,239.1502392578125,222.42049705505372,52746125.0
2025-02-21 00:00:00-05:00,244.6572756706751,247.38287960480025,243.93111682470231,244.25938415527344,53197400,0.0,0.0,61.329442200648465,2.2764177711170817,239.20946044921874,222.73399963378907,52394255.0
2025-02-24 00:00:00-05:00,243.64263125957103,247.551982922016,243.1353173033831,245.80123901367188,51326400,0.0,0.0,63.02189721036976,2.6546579643762698,239.22181549072266,223.0634785461426,52225680.0
2025-02-25 00:00:00-05:00,246.69650753214344,248.68599549611233,243.62275227067275,245.74154663085938,48013300,0.0,0.0,62.907109199612,2.915985698194021,239.21270568847658,223.38924331665038,49883175.0
2025-02-26 00:00:00-05:00,243.04579925662603,243.6923767743236,237.87313357927937,239.09666442871094,44433600,0.0,0.0,51.632931108568926,2.5574229698377167,239.09613525390625,223.68010055541993,48319475.0
2025-02-27 00:00:00-05:00,238.15169082894494,241.18566339775504,235.8140361008641,236.0527801513672,41153600,0.0,0.0,47.43877880082871,2.0045363546155954,238.8894741821289,223.94667915344237,48102850.0
2025-02-28 00:00:00-05:00,235.70459571566596,240.8175794410065,228.9900734891547,240.5688934326172,56833400,0.0,0.0,53.47696904173807,1.9087791103719098,238.7697573852539,224.2421337890625,48161605.0
2025-03-03 00:00:00-05:00,240.51914741730602,242.74737946323825,234.8690087281554,236.77891540527344,47184000,0.0,0.0,48.44700555654163,1.5096687303886256,238.51641021728517,224.50262733459473,45472815.0
2025-03-04 00:00:00-05:00,236.46059966619734,238.80819608105105,233.44651142335266,234.68994140625,53798100,0.0,0.0,45.885169052492614,1.0131294101903165,238.17279388427735,224.7469753265381,44509555.0
2025-03-05 00:00:00-05:00,234.18263593082168,235.30670153327668,228.0251680036218,234.50096130371094,47227600,0.0,0.0,45.6499930976148,0.5974819071521438,237.93330810546874,224.9790267944336,44617570.0
2025-03-06 00:00:00-05:00,233.20777237015392,236.60979483297604,231.9345013377031,234.0930938720703,45170400,0.0,0.0,45.1125828985516,0.2324868101434845,237.65108612060547,225.2084440612793,44895075.0
2025-03-07 00:00:00-05:00,233.8742532807345,240.10134501237943,233.5260868229449,237.81344604492188,46273600,0.0,0.0,50.80193624225511,0.24065279852493404,237.3498669433594,225.4563144683838,45712490.0
2025-03-10 00:00:00-04:00,234.3019970725287,234.91874867921032,223.04150278970278,226.28436279296875,72071200,0.0,0.0,37.744918132093545,-0.6753907782382953,236.8025653076172,225.64073974609374,47330690.0
2025-03-11 00:00:00-04:00,222.63365113389432,224.65298022983382,216.30707871737093,219.67926025390625,76137400,0.0,0.0,32.57875929704629,-1.9122947428841144,236.0649334716797,225.78564567565917,49481780.0
2025-03-12 00:00:00-04:00,218.98296406915986,220.58450266635003,213.78045671174684,215.83956909179688,62547500,0.0,0.0,30.007529338267787,-3.165886662670772,235.23421325683594,225.9185408782959,49923235.0
2025-03-13 00:00:00-04:00,214.81496040955514,215.70028194858565,207.3245394208188,208.57791137695312,61368300,0.0,0.0,25.852013712776753,-4.691244632204331,234.32642364501953,226.03505500793457,50729485.0
2025-03-14 00:00:00-04:00,210.13965751241793,212.82546311709572,208.47843695256688,212.36788940429688,60107600,0.0,0.0,31.20661297672396,-5.530529755643897,233.56180389404298,226.15515213012696,51054160.0
2025-03-17 00:00:00-04:00,212.18883784213668,214.0888025037831,208.8663965620962,212.87521362304688,48073400,0.0,0.0,31.91539084509394,-6.084593037120527,232.84270416259767,226.27773628234863,51413020.0
2025-03-18 00:00:00-04:00,213.03437263106773,214.01915944879542,210.37840804794794,211.5720977783203,42432400,0.0,0.0,31.031005736915745,-6.553300370197292,232.22810821533204,226.39231796264647,51093515.0
2025-03-19 00:00:00-04:00,213.09407567170305,217.6102070663037,212.6265447449941,214.1087188720703,54385400,0.0,0.0,34.81743590457599,-6.643488189258022,231.67398223876953,226.51462562561036,52202575.0
2025-03-20 00:00:00-04:00,212.86527847830126,216.3468825511506,211.10457731145533,212.97470092773438,48862900,0.0,0.0,33.9208502239037,-6.728901864261076,231.06458404541016,226.62650444030763,53029875.0
2025-03-21 00:00:00-04:00,210.4480334492585,217.68976839110027,210.16950634984832,217.12277221679688,94127800,0.0,0.0,40.00654103858578,-6.388238494104542,230.59359283447264,226.75029998779297,55076395.0
2025-03-24 00:00:00-04:00,219.83843988574125,220.31591279023903,217.43116105321957,219.56985473632812,44299500,0.0,0.0,43.322745712217504,-5.8533276926334565,230.1618051147461,226.884744720459,54725050.0
2025-03-25 00:00:00-04:00,219.60962662242414,222.9221258053629,218.9232508666907,222.57395935058594,34493600,0.0,0.0,47.18255572723562,-5.127889771339142,229.906357421875,227.02667526245116,54049065.0
2025-03-26 00:00:00-04:00,222.3352199198642,223.83729303324841,219.31120492080973,220.36563110351562,34466100,0.0,0.0,44.76894490918343,-4.677252174406618,229.65543212890626,227.16445442199708,53550690.0
2025-03-27 00:00:00-04:00,220.22636977863218,223.80745418869535,219.40073045135125,222.67344665527344,37094800,0.0,0.0,47.7755854801877,-4.086787264710637,229.47292053222657,227.30182624816894,53347750.0
2025-03-28 00:00:00-04:00,220.50491967808455,222.63367141455515,216.53588531144595,216.75473022460938,39818600,0.0,0.0,41.53127412857846,-4.049747551985149,229.08081756591798,227.42829261779787,52497010.0
2025-03-31 00:00:00-04:00,215.86939419548492,224.43414081005062,215.09349507460487,220.96249389648438,65299300,0.0,0.0,46.849807219600955,-3.638914805489577,228.96384948730469,227.50625022888184,53402775.0
2025-04-01 00:00:00-04:00,218.65466729819107,222.5043215641154,217.74944665223015,222.01690673828125,36412700,0.0,0.0,48.12326600047788,-3.191455477630427,228.83378814697267,227.56013404846192,52533505.0
2025-04-02 00:00:00-04:00,220.15674221426906,224.0063965120705,219.85831598824518,222.71322631835938,35905900,0.0,0.0,48.99242125719122,-2.748965206080669,228.86352142333985,227.61169975280762,51967420.0
2025-04-03 00:00:00-04:00,204.4596791341039,206.39944211542388,200.19223396809613,202.12203979492188,103419000,0.0,0.0,31.946884157490828,-4.013559329031494,228.45778198242186,227.568984375,54879850.0
2025-04-04 00:00:00-04:00,192.87092693410324,198.82944937179326,186.35535024633944,187.389892578125,125910900,0.0,0.0,25.193276822551496,-6.133813655429407,227.7607778930664,227.4318878173828,58861715.0
2025-04-07 00:00:00-04:00,176.26862197387908,193.12952861035487,173.70218080411468,180.50624084472656,160466300,0.0,0.0,22.77098410855922,-8.27420377985348,226.9435891723633,227.27217079162597,63281470.0
2025-04-08 00:00:00-04:00,185.71870692843436,189.33957458197378,168.32064359895526,171.51376342773438,120859500,0.0,0.0,20.057848725961506,-10.574203314819272,225.805849609375,227.09034339904784,65517575.0
2025-04-09 00:00:00-04:00,171.04621878540135,199.55558397169528,170.9865365771085,197.80484008789062,184395900,0.0,0.0,41.86653749864713,-10.158399646363279,225.02699829101562,227.05082725524903,71609995.0
2025-04-10 00:00:00-04:00,188.07624843340898,193.7562279640405,182.03814529024513,189.4191436767578,121880000,0.0,0.0,38.27950369465655,-10.385806746365745,224.05857299804688,226.9661605834961,74635580.0
2025-04-11 00:00:00-04:00,185.12186726950821,198.49121408156802,185.0820690088969,197.1085205078125,87435900,0.0,0.0,43.09412591529086,-9.832220348205283,223.27911010742187,226.91533073425293,76001995.0
2025-04-14 00:00:00-04:00,210.3286495235762,211.82076535143517,200.10268359760292,201.45553588867188,101352900,0.0,0.0,45.67415165424784,-8.939680258316372,222.61818603515624,226.86551544189453,78665970.0
2025-04-15 00:00:00-04:00,200.7990180691496,202.44033954558066,198.74984792281177,201.07754516601562,51343900,0.0,0.0,45.48105616501965,-8.168673120087448,222.10848754882812,226.80959671020508,79111545.0
2025-04-16 00:00:00-04:00,197.31743142832593,199.64512887500646,191.35890907242805,193.24893188476562,59732400,0.0,0.0,41.561958994677184,-8.096022169607977,221.3470245361328,226.7317855834961,79378895.0
2025-04-17 00:00:00-04:00,196.16351652823,197.78495412822454,193.39812938355274,195.94467163085938,52164700,0.0,0.0,43.37149969430104,-7.731794782283458,220.64603454589843,226.6370662689209,79543985.0
2025-04-21 00:00:00-04:00,192.25418258208256,192.78139570274652,188.8123615658979,192.14476013183594,46742500,0.0,0.0,41.424310295973804,-7.661446666412473,219.85414123535156,226.50589851379394,77174720.0
2025-04-22 00:00:00-04:00,195.0892017003565,200.53045296496776,194.93999616163734,198.690185546875,52976400,0.0,0.0,45.927586563415254,-6.996878489343317,219.30424713134767,226.4011128997803,77608565.0
2025-04-23 00:00:00-04:00,204.9172632087338,206.9067512010516,201.7340854567431,203.52462768554688,52929200,0.0,0.0,49.043625477121374,-6.010815405200276,218.84567016601562,226.2967551422119,78530345.0
2025-04-24 00:00:00-04:00,203.81309077731203,207.73238443559362,201.87334307751462,207.27479553222656,47311000,0.0,0.0,51.384051428385355,-4.870600848313785,218.3632196044922,226.2038117980957,79172590.0
2025-04-25 00:00:00-04:00,205.28531450927932,208.6475540878433,205.1162098506388,208.18002319335938,38222300,0.0,0.0,51.95765568988244,-3.8495530390580655,217.81431945800782,226.11113151550293,79228965.0
2025-04-28 00:00:00-04:00,208.89625889548412,210.38837503045187,206.36961558551846,209.0355224609375,38743100,0.0,0.0,52.5277152695391,-2.9374723006143313,217.1898193359375,226.00141342163087,79175190.0
2025-04-29 00:00:00-04:00,207.59310986089218,211.1244537916441,207.27478452266,210.09986877441406,36827600,0.0,0.0,53.27062160562499,-2.1044985426319442,216.5255291748047,225.9238345336914,77751605.0
2025-04-30 00:00:00-04:00,208.19993964532281,212.45744310704663,205.58375784941018,211.38311767578125,52286500,0.0,0.0,54.20121614258713,-1.3255334518798918,215.88949035644532,225.83794952392577,78545295.0
2025-05-01 00:00:00-04:00,207.98108655162656,213.43227966302132,207.80202473083082,212.1988067626953,57365700,0.0,0.0,54.81716185493127,-0.6350581578687127,215.26180725097657,225.73700889587403,79618285.0
2025-05-02 00:00:00-04:00,205.0067917796952,205.9020705063368,201.09745506032002,204.27069091796875,101010600,0.0,0.0,48.05265832622847,-0.7192926455262807,214.45646270751953,225.59434562683106,79497865.0
2025-05-05 00:00:00-04:00,202.03252954096354,203.0272736250085,197.1682315771274,197.8446502685547,69018500,0.0,0.0,43.37997020293867,-1.2897098868576506,213.52816802978515,225.44899696350097,76653245.0
2025-05-06 00:00:00-04:00,197.1682179665783,199.59538061408486,195.98447015970467,197.4666290283203,51216500,0.0,0.0,43.114369734793016,-1.7520759738811762,212.56147583007814,225.32505653381347,71190755.0
2025-05-07 00:00:00-04:00,198.1231874279844,198.39177259427916,192.23430397373855,195.21853637695312,68536700,0.0,0.0,41.4875477283902,-2.2736969547194406,211.551015625,225.1892310333252,68574615.0
2025-05-08 00:00:00-04:00,196.68078271707188,198.99853803284546,193.65675249053749,196.45199584960938,50478900,0.0,0.0,42.763649447424406,-2.5580676575036705,210.69812225341798,225.06130783081053,61878765.0
2025-05-09 00:00:00-04:00,197.95405738682032,199.48595647897335,196.50172445806652,197.4865264892578,36453900,0.0,0.0,43.86935672903423,-2.6691867877757147,209.92679718017578,224.93335235595703,57607460.0
2025-05-12 00:00:00-04:00,210.13634313336473,210.435160708662,205.93301745006437,209.95704650878906,63775800,0.26,0.0,55.12351373238219,-1.7310285345758416,209.3145602416992,224.89982177734376,56424455.0
2025-05-13 00:00:00-04:00,209.5984864444124,212.55675181657614,208.1741443311085,212.08860778808594,51909300,0.0,0.0,56.72082610126245,-0.8062383648077684,208.82075408935546,224.88215400695802,53952275.0
2025-05-14 00:00:00-04:00,211.5905625216416,213.09460539099953,209.7478820292828,211.490966796875,49325800,0.0,0.0,56.117713757520114,-0.12017482523074818,208.35677459716797,224.85916801452638,53851370.0
2025-05-15 00:00:00-04:00,210.11641669484823,212.11848379882832,208.71198473801002,210.61444091796875,45029500,0.0,0.0,55.1908166247528,0.3487865652969617,207.8790441894531,224.83041145324708,53116225.0
2025-05-16 00:00:00-04:00,211.52086084946143,211.73003772257164,208.94109887256835,210.42520141601562,54737900,0.0,0.0,54.97967906082172,0.6971356538418263,207.40568634033204,224.7979328918457,53244885.0
2025-05-19 00:00:00-04:00,207.08845970637495,208.65224804197354,203.45287334417097,207.95501708984375,46140500,0.0,0.0,52.1738952997253,0.7650624219377562,206.80851776123046,224.7368441772461,53214785.0
2025-05-20 00:00:00-04:00,206.84938410987283,207.64622592622177,204.2198167548668,206.04258728027344,42496600,0.0,0.0,50.04453345395267,0.6570042363840685,206.40368225097657,224.68463348388673,52690795.0
2025-05-21 00:00:00-04:00,204.3592586621154,206.22186440009241,199.91689108628387,201.2914276123047,59211800,0.0,0.0,45.11796508660537,0.18584614898824725,206.03592559814453,224.60123153686524,53004925.0
2025-05-22 00:00:00-04:00,199.91689038506837,201.94882252859867,198.91087172706415,200.56431579589844,46742400,0.0,0.0,44.39763106459531,-0.2434159293284779,205.73042053222656,224.56668922424316,52976495.0
2025-05-23 00:00:00-04:00,192.9046989896,196.91877297523902,192.6955373289648,194.49838256835938,78432900,0.0,0.0,38.82817807491122,-1.0608505110688782,205.44882995605468,224.51192970275878,54987025.0
2025-05-27 00:00:00-04:00,197.51641281084125,199.94677348688452,196.64984031499387,199.4188690185547,56288500,0.0,0.0,44.86959772980365,-1.2966838083021344,205.18984954833985,224.46893379211426,55864295.0
2025-05-28 00:00:00-04:00,199.79736291846774,201.9289060786693,199.11008702875665,199.62803649902344,45339700,0.0,0.0,45.11773410312086,-1.4499907372274947,204.92490600585938,224.4096836090088,56289900.0
2025-05-29 00:00:00-04:00,202.77554227533128,203.0046291598645,197.72556941325453,199.15988159179688,51396800,0.0,0.0,44.63351661225182,-1.5909245831190049,204.6766616821289,224.33356842041016,56245415.0
2025-05-30 00:00:00-04:00,198.5821728136608,201.1619498266407,196.00241099917397,200.05633544921875,70819900,0.0,0.0,45.83234298146396,-1.6117006551414192,204.3956140136719,224.254292678833,56918125.0
2025-06-02 00:00:00-04:00,199.4885975362889,201.3312933884623,199.3292261245183,200.90298461914062,35423300,0.0,0.0,46.99955327020332,-1.5420722802917908,204.1541796875,224.1606893157959,53638760.0
2025-06-03 00:00:00-04:00,200.55437033168948,202.96480586317466,200.16591202699755,202.46678161621094,46381600,0.0,0.0,49.17788184763705,-1.345199322677047,203.86105987548828,224.07267181396483,52506915.0
2025-06-04 00:00:00-04:00,202.10819540070028,205.42503857555045,201.30139858491114,202.0185546875,43604000,0.0,0.0,48.56179653273866,-1.211380215466619,203.51003387451172,223.96752464294434,52126290.0
2025-06-05 00:00:00-04:00,202.69585814733983,203.94091870107042,199.35908978394463,199.8372039794922,55126100,0.0,0.0,45.56980447182041,-1.2667421655505962,203.05529876708985,223.844870223999,51455760.0
2025-06-06 00:00:00-04:00,202.19783403313102,204.8871617909174,201.2515910514923,203.11419677734375,46607700,0.0,0.0,50.50352595667354,-1.034268573730202,202.7102700805664,223.73939491271972,51262200.0
2025-06-09 00:00:00-04:00,203.58234611432158,205.18598475848052,199.22961916524454,200.65396118164062,72862600,0.0,0.0,47.05505247086082,-1.0366027179871367,202.26988037109376,223.61854141235352,53082635.0
2025-06-10 00:00:00-04:00,199.80731310224203,203.54249456453348,199.77743286642308,201.86912536621094,54672600,0.0,0.0,48.91062826975592,-0.9296821528325268,201.97216827392577,223.5043096923828,52627475.0
2025-06-11 00:00:00-04:00,202.6958722895077,203.69192080198684,197.62598900862739,197.99452209472656,60989900,0.0,0.0,43.65672261074628,-1.144402972128006,201.51280883789062,223.37998542785644,53081505.0
2025-06-12 00:00:00-04:00,198.29333609984755,198.890956077424,196.58013147350607,198.41285705566406,43904600,0.0,0.0,44.3517661605411,-1.2662184550667064,201.0407278442383,223.2462887573242,52810445.0
2025-06-13 00:00:00-04:00,198.94075911963023,199.57822954037988,194.92668495173118,195.67372131347656,51447300,0.0,0.0,40.80255868652867,-1.5657346509901515,200.49993774414062,223.09720901489257,53131335.0
2025-06-16 00:00:00-04:00,196.52037110088898,197.90487790098294,195.78328974313985,197.6359405517578,43020700,0.0,0.0,44.24467452559417,-1.6260248977226865,200.41021575927735,222.9537219238281,52545475.0
2025-06-17 00:00:00-04:00,196.4207613301707,197.6060614779548,194.43863454049264,194.86692810058594,38856200,0.0,0.0,40.6523902694541,-1.8756205298975033,200.55975646972655,222.80403259277344,52181260.0
2025-06-18 00:00:00-04:00,195.16573699325735,196.7893008408277,194.2991796996429,195.80320739746094,45394700,0.0,0.0,42.35660546437745,-1.975109123675253,200.86569580078125,222.64264739990233,52326165.0
2025-06-20 00:00:00-04:00,197.45666110928434,200.90298042554332,196.08210930882012,200.20574951171875,96813500,0.0,0.0,49.674587316369234,-1.6793477208118759,201.43953552246094,222.50719551086425,54206250.0
2025-06-23 00:00:00-04:00,200.83325703321927,201.50060768152076,198.17380945321412,200.70376586914062,55814300,0.0,0.0,50.44104588632277,-1.3887601576253132,201.49751403808594,222.40515182495116,54659845.0
2025-06-24 00:00:00-04:00,201.78944331230142,202.63609053842802,199.40888822531906,199.5084991455078,54064000,0.0,0.0,48.530650092167726,-1.2406144247333089,201.69930114746094,222.3066604614258,53441400.0
2025-06-25 00:00:00-04:00,200.65395335177794,202.8651820841085,199.82723133036671,200.76351928710938,39525700,0.0,0.0,50.64436571867192,-1.0102922076134178,201.77240112304688,222.20685119628905,52603260.0
2025-06-26 00:00:00-04:00,200.63404307360597,201.8392684520338,198.67184150130464,200.20574951171875,50799100,0.0,0.0,49.6681080531052,-0.8628214816092168,201.74740539550783,222.11199493408202,52876230.0
2025-06-27 00:00:00-04:00,201.09222774816857,202.41697405518968,199.20969672208463,200.28543090820312,73188600,0.0,0.0,49.81693348790654,-0.7310926648594887,201.73156311035157,222.01709037780762,53965820.0
2025-06-30 00:00:00-04:00,201.21175129212304,206.570497066428,198.47261792694385,204.35926818847656,91912800,0.0,0.0,56.843060105565264,-0.29457631410943463,201.95376983642578,221.94652534484862,55020465.0
2025-07-01 00:00:00-04:00,205.85332972802502,209.35942450018746,205.3254252695324,206.99879455566406,78788900,0.0,0.0,60.68398067245316,0.2613411787508255,202.17485229492186,221.8765027618408,57188745.0
2025-07-02 00:00:00-04:00,208.08449026524102,212.49697770796604,207.31752868499885,211.6005401611328,67941800,0.0,0.0,66.31295074201385,1.061001642496393,202.5639678955078,221.8289429473877,58266755.0
2025-07-03 00:00:00-04:00,211.31168447150716,213.80180573654258,210.97303162710094,212.70616149902344,34955800,0.0,0.0,67.51630450168463,1.763622777598897,202.8442874145508,221.78825134277344,57834345.0
2025-07-07 00:00:00-04:00,211.83958469799765,215.37555986284275,207.97492690746134,209.12037658691406,50229000,0.0,0.0,60.02703058584193,2.00796563658389,202.95620239257812,221.76030082702636,57589490.0
2025-07-08 00:00:00-04:00,209.26980118177752,210.59453234535175,207.62631199643187,209.18014526367188,42848900,0.0,0.0,60.10646481104294,2.181287421836771,202.99430938720704,221.730316696167,57401550.0
2025-07-09 00:00:00-04:00,208.7020103462271,210.4949004226829,206.4011410808137,210.30564880371094,48749400,0.0,0.0,61.65187336975257,2.382006625193725,203.03682189941406,221.68660514831544,56195890.0
2025-07-10 00:00:00-04:00,209.67816220166208,212.63642743345136,209.2000631819418,211.57066345214844,44443600,0.0,0.0,63.36945558954283,2.613032735104383,203.08752471923827,221.60862312316894,55684440.0
2025-07-11 00:00:00-04:00,209.73792710960444,211.29176024279,209.03072603053,210.32559204101562,39765800,0.0,0.0,60.49739594889342,2.664936010811772,203.09203918457033,221.5277407836914,54623235.0
2025-07-14 00:00:00-04:00,209.10044482334126,210.07658325197187,206.71988962428105,207.79562377929688,38840100,0.0,0.0,55.038720170249476,2.4734104992680273,203.02028930664062,221.44279411315918,54370010.0
2025-07-15 00:00:00-04:00,208.39327261019983,211.05272033528996,208.09445501444372,208.28370666503906,42296300,0.0,0.0,55.86606481765266,2.334103271715861,202.9419873046875,221.35582145690918,53912460.0
2025-07-16 00:00:00-04:00,209.4689749722687,211.5606674273932,207.81553103262843,209.32952880859375,47490500,0.0,0.0,57.663732058825055,2.2817873724446827,203.0431640625,221.2790406036377,54135950.0
2025-07-17 00:00:00-04:00,209.7379389650813,210.9630743588066,208.7618004967043,209.1901092529297,48068100,0.0,0.0,57.32849061406721,2.2036740694591117,203.2700732421875,221.1958554840088,54596545.0
2025-07-18 00:00:00-04:00,210.0367321724359,210.95309492429405,208.87135730762196,210.3455047607422,48974600,0.0,0.0,59.43331625997313,2.209529396011476,203.52765075683592,221.11710746765138,54775540.0
2025-07-21 00:00:00-04:00,211.2618775331451,214.92732845073886,210.7937335563828,211.64036560058594,51377400,0.0,0.0,61.71266295956525,2.292230822602562,203.85608734130858,221.01897743225098,52503735.0
2025-07-22 00:00:00-04:00,212.29776458434165,214.1006098348481,211.39135685335447,213.5527801513672,46404100,0.0,0.0,64.85364066028441,2.483460385121134,204.19810302734376,220.96410690307619,52033225.0
2025-07-23 00:00:00-04:00,214.15041924441525,214.29982043425818,211.57065737650467,213.30377197265625,46989300,0.0,0.0,64.11608811745334,2.5851186732926976,204.5144479370117,220.90516250610352,51679490.0
2025-07-24 00:00:00-04:00,213.05475989741393,214.83769515517375,212.68622683006964,212.91531372070312,46022600,0.0,0.0,62.91404068347985,2.6043173157409,204.57361328125,220.84978454589844,52004335.0
2025-07-25 00:00:00-04:00,213.85161823157193,214.38949295365802,212.55675209148805,213.0348663330078,40268800,0.0,0.0,63.14306060375169,2.599217117891385,204.59253845214843,220.7893963623047,51477820.0
2025-07-28 00:00:00-04:00,213.18423737412155,214.00100435562788,212.21806921233596,213.20416259765625,37858000,0.0,0.0,63.486923375279176,2.579105643617794,204.62680236816405,220.75521453857422,49711290.0
2025-07-29 00:00:00-04:00,213.33365491441555,213.96117031669576,209.9869466315705,210.43516540527344,51411700,0.0,0.0,54.52641485626538,2.313068608328848,204.62321685791017,220.68693962097169,47686235.0
2025-07-30 00:00:00-04:00,211.06265157316113,211.55072076453234,206.89917652304968,208.2239227294922,45512500,0.0,0.0,48.62438899397367,1.9018798503241499,204.5791912841797,220.58889877319336,46022415.0
2025-07-31 00:00:00-04:00,207.6661338109758,209.0107900151974,206.34138763159262,206.74977111816406,80698400,0.0,0.0,45.11819224628761,1.4404534316068407,204.5550863647461,220.48596855163575,46660245.0
2025-08-01 00:00:00-04:00,210.03674932642843,212.7360475386617,200.7037794341265,201.58030700683594,104434500,0.0,0.0,35.46151934413173,0.6501426794960707,204.46584075927734,220.3645854949951,50134180.0
2025-08-04 00:00:00-04:00,203.70186769022786,207.0585613783641,200.88304868853191,202.5464630126953,75109300,0.0,0.0,38.1269287219432,0.10061658438388577,204.49094146728515,220.22942276000975,51378195.0
2025-08-05 00:00:00-04:00,202.59624780213056,204.52858421879685,201.36115745633876,202.11814880371094,44155100,0.0,0.0,37.38970861388707,-0.36523794651341746,204.5220181274414,220.07946327209473,51443505.0
2025-08-06 00:00:00-04:00,204.81744899810374,214.52892145014,204.77759854868273,212.40733337402344,108483100,0.0,0.0,58.26616567638803,0.09472821803942111,204.88019714355468,219.99122268676757,54430190.0
2025-08-07 00:00:00-04:00,218.01510326859565,219.9773200540019,215.7241886502616,219.16055297851562,90224800,0.0,0.0,66.22606141233103,0.9927394183404203,205.2750308227539,219.934912109375,56719250.0
2025-08-08 00:00:00-04:00,219.95738825778145,230.08719950298993,218.38362983130105,228.4437255859375,113854000,0.0,0.0,73.66248505493068,2.42553416311884,205.8513446044922,219.91087333679198,60423660.0
2025-08-11 00:00:00-04:00,227.27701087414155,228.91238364576833,224.12592192869855,226.53909301757812,61806100,0.26,0.0,70.24507000791093,3.368516232200136,206.3989288330078,219.869966506958,61571960.0
2025-08-12 00:00:00-04:00,227.36673308681236,230.14887046423402,226.42939779448272,229.00210571289062,55626200,0.0,0.0,72.05083147376598,4.265411843417496,206.97784423828125,219.84445167541503,62238455.0
2025-08-13 00:00:00-04:00,230.4181341091737,234.33703985510917,229.77992501054072,232.6717529296875,69878500,0.0,0.0,74.53086729002098,5.212234543649458,207.6132196044922,219.8625952911377,63357855.0
2025-08-14 00:00:00-04:00,233.39969406647393,234.4567012802976,230.19875827485632,232.12330627441406,51916300,0.0,0.0,73.48141825879134,5.850897785933057,208.20635009765624,219.8789395904541,63550265.0
2025-08-15 00:00:00-04:00,233.3398655982593,233.61907447658757,228.69300821277216,230.93666076660156,56038700,0.0,0.0,71.1471332952962,6.189936892102594,208.7847122192383,219.88518188476561,63903470.0
2025-08-18 00:00:00-04:00,231.04634466466607,232.46233685580373,229.46083388892833,230.23863220214844,37476200,0.0,0.0,69.74361627510919,6.3293420397479565,209.3927407836914,219.87805824279786,63208410.0
2025-08-19 00:00:00-04:00,230.6275464777077,232.21305735738468,228.70299840660482,229.90957641601562,39402600,0.0,0.0,69.05207511807996,6.340183878584895,209.92864837646485,219.8679493713379,62858335.0
2025-08-20 00:00:00-04:00,229.33119207499826,229.81981519856654,225.13307755654054,225.3723907470703,42263900,0.0,0.0,60.18992548077483,5.914484651904985,210.42301696777344,219.85287155151366,62622065.0
2025-08-21 00:00:00-04:00,225.63166356522294,225.88095827873425,223.14868274098328,224.26551818847656,30621200,0.0,0.0,58.226655867384835,5.4252605562205645,210.87094482421875,219.8530535888672,61851995.0
2025-08-22 00:00:00-04:00,225.53193619713707,228.44369658121065,224.77408575714253,227.11744689941406,42477800,0.0,0.0,61.69364658162955,5.2076432780672235,211.4534033203125,219.8823836517334,61962445.0
2025-08-25 00:00:00-04:00,225.84107546750252,228.65312729963858,225.59178073979155,226.5191650390625,30983100,0.0,0.0,60.558170386740564,4.930072860134743,212.01552947998047,219.9131888580322,61618700.0
2025-08-26 00:00:00-04:00,226.22996704217394,228.84258604761433,224.05612439304167,228.6630859375,54575100,0.0,0.0,63.17383295238762,4.8274450219133485,212.67531677246095,219.94756721496583,61776870.0
2025-08-27 00:00:00-04:00,227.96506627689797,230.24859923631865,227.6160475796746,229.8397674560547,31259500,0.0,0.0,64.56288303411011,4.785891309437545,213.31939331054687,219.99145179748535,61064220.0
2025-08-28 00:00:00-04:00,230.16883391080088,232.7515235304584,228.692998228932,231.90391540527344,38074700,0.0,0.0,66.92006245031455,4.863456284963263,214.06013305664064,220.02203422546387,58933035.0
2025-08-29 00:00:00-04:00,231.85405874294378,232.7216147258446,230.71727541448905,231.485107421875,39418400,0.0,0.0,65.96136253566358,4.835393377825255,214.7737710571289,220.0518640136719,55682230.0
2025-09-02 00:00:00-04:00,228.60325464814514,230.19874691737337,226.3296880547272,229.07192993164062,44075600,0.0,0.0,60.57633028432976,4.565798384375626,215.35109466552734,220.0831913757324,54130545.0
2025-09-03 00:00:00-04:00,236.5408165177042,238.17618932549604,233.69885053091846,237.79725646972656,66427800,0.0,0.0,70.08574833811743,4.998582789874945,216.09296447753906,220.1581453704834,55244180.0
2025-09-04 00:00:00-04:00,237.77731160532718,239.2232180033205,236.07214416452067,239.1035614013672,47549400,0.0,0.0,71.20558011393396,5.384901645825835,216.88486572265626,220.23520904541016,52197495.0
2025-09-05 00:00:00-04:00,239.32291694518142,240.63920029193574,237.81718240373485,239.0137939453125,54870400,0.0,0.0,71.00886115116307,5.619045776975838,217.64987121582033,220.29642234802247,50429775.0
2025-09-08 00:00:00-04:00,238.62490021245955,239.47249309970456,235.67324414176576,237.2089080810547,48999500,0.0,0.0,67.00085786092109,5.594477824722617,218.38993438720703,220.3646090698242,47187050.0
2025-09-09 00:00:00-04:00,236.33139119913957,238.1063683630383,232.70166073618753,233.68887329101562,66313900,0.0,0.0,59.89980382281362,5.2306741999658755,219.0580032348633,220.4001914215088,47412440.0
2025-09-10 00:00:00-04:00,231.53498298240493,231.7643298806428,225.31258085277642,226.15020751953125,83440800,0.0,0.0,48.13389067512974,4.284658999938728,219.49382202148436,220.3967886352539,48803170.0
2025-09-11 00:00:00-04:00,226.23995033725743,229.7998710451417,226.010588238333,229.3810577392578,50208600,0.0,0.0,52.445131128683855,3.7523826185857843,219.94146728515625,220.40596298217773,47819675.0
2025-09-12 00:00:00-04:00,228.5733443098202,233.84841389514688,228.3739115767776,233.40966796875,55824200,0.0,0.0,57.2202078563697,3.613965385193694,220.3776498413086,220.43766510009766,48015070.0
2025-09-15 00:00:00-04:00,236.33139853346725,237.5180438551372,234.36695488957946,236.03224182128906,42699500,0.0,0.0,60.033644091398884,3.6735422146737733,220.8441714477539,220.4757730102539,47348110.0
2025-09-16 00:00:00-04:00,236.51088466190768,240.53949594661788,235.65332541334,237.4781494140625,63421100,0.0,0.0,61.53559227754545,3.793698544719291,221.41132690429689,220.50620559692382,48645355.0
2025-09-17 00:00:00-04:00,238.2958480596019,239.42266510979977,237.05934071942244,238.3157958984375,46508000,0.0,0.0,62.416761885918426,3.9114258898650007,221.9940399169922,220.5299459838867,49000625.0
2025-09-18 00:00:00-04:00,239.2930082114909,240.51953392817583,235.98236714862816,237.2089080810547,44249600,0.0,0.0,60.44616965200255,3.8707890165569836,222.53210510253905,220.54879776000976,49099910.0
2025-09-19 00:00:00-04:00,240.54944568604057,245.60514967420656,239.53233423145286,244.80740356445312,163741300,0.0,0.0,67.93110724203743,4.4009872425091885,223.19683990478515,220.59371810913086,55755915.0
2025-09-22 00:00:00-04:00,247.5995237986898,255.9160073848096,247.42002368458668,255.35755920410156,105517400,0.0,0.0,75.00386062228215,5.607838869509152,224.09747924804688,220.68016120910644,58907895.0
2025-09-23 00:00:00-04:00,255.15814081026073,256.6140134777918,252.86462630601793,253.71221923828125,60275200,0.0,0.0,72.3248552377991,6.358218706842422,225.01581115722655,220.7431746673584,60372500.0
2025-09-24 00:00:00-04:00,254.49999981420794,255.01853710208397,250.33178410429736,251.59820556640625,42303700,0.0,0.0,68.91870421549648,6.705025537687959,225.88210113525392,220.79382942199706,59758930.0
2025-09-25 00:00:00-04:00,252.4956917858775,256.44452717224715,250.99992334214926,256.1453552246094,55202100,0.0,0.0,71.97590564009059,7.26306532903115,226.81841766357422,220.86707092285155,60956060.0
2025-09-26 00:00:00-04:00,253.38315498635407,256.87328100426123,253.06405044687503,254.73931884765625,46076300,0.0,0.0,69.69316222076273,7.505343570480022,227.72940185546875,220.93427589416504,61356140.0
2025-09-29 00:00:00-04:00,253.84185736381545,254.28061851263055,252.29622703166862,253.71221923828125,40127700,0.0,0.0,67.99664551693363,7.527697852685208,228.59673614501952,220.97691955566407,61391605.0
2025-09-30 00:00:00-04:00,254.1410137555297,255.1980209495745,252.39595068950493,253.9116668701172,37704300,0.0,0.0,68.15873665206419,7.475336513332223,229.44216217041014,221.01549270629883,61073040.0
2025-10-01 00:00:00-04:00,254.3205078449461,258.05994405161016,254.21081755391603,254.72935485839844,48713900,0.0,0.0,68.85519130887988,7.414352323293656,230.26569366455078,221.0645135498047,60187345.0
2025-10-02 00:00:00-04:00,255.85613542550084,257.45162766856953,253.43299812845933,256.40460205078125,42630200,0.0,0.0,70.28901442717888,7.4157165963219995,231.12771026611327,221.11460739135742,59941385.0
2025-10-03 00:00:00-04:00,253.9515436206674,258.5086431914624,253.23357360959045,257.2920837402344,49155600,0.0,0.0,71.04939794882478,7.4030721404877795,232.01524566650392,221.16829414367675,59655645.0
2025-10-06 00:00:00-04:00,257.2621712100349,258.3391414491699,254.33047806472084,255.96585083007812,44664100,0.0,0.0,68.23884116712034,7.203003663562612,232.87386535644532,221.2008920288086,59438875.0
2025-10-07 00:00:00-04:00,256.0854948355218,256.67382669789566,254.70938317067183,255.75643920898438,31955800,0.0,0.0,67.78289065399008,6.9474641444762995,233.72491088867187,221.2203204345703,57720970.0
2025-10-08 00:00:00-04:00,255.79633660873378,257.7906945345413,255.38748958216482,257.3320007324219,36496900,0.0,0.0,69.43749544675163,6.793767558520756,234.66284759521486,221.27460418701173,55373775.0
2025-10-09 00:00:00-04:00,257.082687156571,257.2721535801604,252.42586356688122,253.3233184814453,38322000,0.0,0.0,60.87158953830219,6.276147232597111,235.5648355102539,221.30019981384277,54779445.0
2025-10-10 00:00:00-04:00,254.2207817432353,255.6567217403356,243.3116425485481,244.57806396484375,61999100,0.0,0.0,47.19370754847338,5.101454055889889,236.3214013671875,221.25871810913085,55088190.0
2025-10-13 00:00:00-04:00,248.6764678182016,248.98559082884384,244.86723728717817,246.96131896972656,38142900,0.0,0.0,50.4606201708963,4.313091378735095,237.22902160644531,221.2252774810791,54860360.0
2025-10-14 00:00:00-04:00,245.90431694508948,248.14796941642882,244.00966795095763,247.07101440429688,35478000,0.0,0.0,50.6120722950101,3.655026907041247,238.11951263427736,221.17782829284667,53463205.0
2025-10-15 00:00:00-04:00,248.78616738422895,251.10959602979932,246.77186176083558,248.63658142089844,33893600,0.0,0.0,52.828591218051294,3.222685138154901,239.0498812866211,221.13413330078126,52832485.0
2025-10-16 00:00:00-04:00,247.54966879270205,248.33743345063007,244.43847540742667,246.75192260742188,39777000,0.0,0.0,49.923868822838536,2.696886922275354,239.73677307128906,221.0980559539795,52608855.0
2025-10-17 00:00:00-04:00,247.3203043073955,252.66518358811555,246.57242016484557,251.5782470703125,49147000,0.0,0.0,56.51741981098197,2.6392089390986087,240.385126953125,221.10295280456543,46879140.0
2025-10-20 00:00:00-04:00,255.168106265739,263.63416054313814,254.90884523128253,261.50018310546875,90483000,0.0,0.0,66.33197869411335,3.355436653783414,241.04625610351562,221.1663027191162,46127420.0
2025-10-21 00:00:00-04:00,261.1412435480521,264.54162761794373,261.0913663387469,262.0287170410156,46695900,0.0,0.0,66.7623535399807,3.920507380616783,241.75604858398438,221.2649368286133,45448455.0
2025-10-22 00:00:00-04:00,261.9090191460537,262.1084670888602,254.70938662410154,257.72088623046875,45015300,0.0,0.0,60.02719558962734,3.9749038411905246,242.33042419433593,221.34446617126466,45584035.0
2025-10-23 00:00:00-04:00,259.206686997747,259.8847613495841,257.28213901467177,258.8476867675781,32754900,0.0,0.0,61.131742854855496,4.062111323618126,242.85394287109375,221.42148155212402,44461675.0
2025-10-24 00:00:00-04:00,260.4531458541269,263.3848541030092,258.44880663072195,262.07855224609375,38253700,0.0,0.0,64.18744815965962,4.34187726598725,243.45304779052734,221.52851264953614,44070545.0
2025-10-27 00:00:00-04:00,264.13276036080543,268.36078929414754,263.90339825112477,268.0516662597656,44888200,0.0,0.0,69.03434024482118,4.988074751657791,244.19534790039063,221.66297477722168,44308570.0
2025-10-28 00:00:00-04:00,268.23113785786586,269.12862319727753,267.39351124836816,268.2411193847656,41534800,0.0,0.0,69.176832415376,5.452623746110135,244.95539764404296,221.82744865417482,44500095.0
2025-10-29 00:00:00-04:00,268.5203194424725,270.6443152614699,266.35642794866993,268.93914794921875,51086700,0.0,0.0,69.72952795920344,5.810131661479431,245.73598907470702,222.00758491516115,44618735.0
2025-10-30 00:00:00-04:00,271.2226702585742,273.36662916750566,267.72259312931254,270.63433837890625,69886500,0.0,0.0,71.08551081918678,6.159246995131525,246.64122802734374,222.20176147460938,45981550.0
2025-10-31 00:00:00-04:00,276.2085891024436,276.53767519933945,268.40069127196034,269.6072692871094,86167100,0.0,0.0,69.06681769414652,6.280648118218437,247.5480630493164,222.36799842834472,47832125.0
2025-11-03 00:00:00-05:00,269.65711516237894,270.08589475979994,265.49886601188945,268.29095458984375,50194600,0.0,0.0,66.4618266036833,6.199183459678807,248.371533203125,222.5753987121582,48108650.0
2025-11-04 00:00:00-05:00,267.5730004152706,270.72408938596277,266.86501191822913,269.2781982421875,49274800,0.0,0.0,67.45332657383712,6.143466386540638,249.2267138671875,222.77918983459472,48974600.0
2025-11-05 00:00:00-05:00,267.8522167164328,270.9335263776032,266.17696342424256,269.3779296875,43683100,0.0,0.0,67.55766824950344,6.037758180869957,250.0410107421875,223.01994667053222,49333910.0
2025-11-06 00:00:00-05:00,267.1342708755924,272.6287059365568,267.1342708755924,269.0089416503906,51204000,0.0,0.0,66.70559230970602,5.856697057445558,250.82439422607422,223.25294631958008,49978010.0
2025-11-07 00:00:00-05:00,269.03885049148494,271.5218466038475,266.0173996929098,267.7126159667969,48227400,0.0,0.0,63.667453227442124,5.544686469661713,251.54056823730468,223.48030891418458,49289425.0
2025-11-10 00:00:00-05:00,268.46122924118225,273.22240319845355,266.96401085683,268.93035888671875,41312400,0.26,0.0,65.26776397251416,5.33418830509936,252.28947326660156,223.71813232421874,49447900.0
2025-11-11 00:00:00-05:00,269.3096487524697,275.3983427074405,269.2996575494418,274.73956298828125,46208300,0.0,0.0,71.67684562874825,5.5718919129873825,253.20282592773438,223.9498264312744,49984415.0
2025-11-12 00:00:00-05:00,274.49002155435767,275.2186787593472,271.19615348009904,272.9628601074219,48398000,0.0,0.0,67.57007616413783,5.55289830573156,253.90613800048828,224.13090370178222,50709635.0
2025-11-13 00:00:00-05:00,273.6016697208788,276.1868935731559,271.5854266195937,272.44384765625,49602800,0.0,0.0,66.3737071181201,5.433333679375153,254.57294372558593,224.3039208984375,51200925.0
2025-11-14 00:00:00-05:00,270.54732197227213,275.44821996704485,269.10002929321837,271.9048156738281,47431300,0.0,0.0,65.08482865765859,5.234739655234648,255.23076416015624,224.48303665161131,51115140.0
2025-11-17 00:00:00-05:00,268.3214829895084,269.98836893107386,265.237217022597,266.9639892578125,45018300,0.0,0.0,54.6158496042767,4.625350894812925,255.8258657836914,224.64534790039062,48841905.0
2025-11-18 00:00:00-05:00,269.48932037088264,270.2079864201871,264.8279974843966,266.9440612792969,45677300,0.0,0.0,54.57771771974949,4.09360931050054,256.490969543457,224.847255859375,48790975.0
2025-11-19 00:00:00-05:00,265.0375710636542,271.7051756343288,265.00762791735707,268.06195068359375,40424500,0.0,0.0,56.41601923978692,3.719528200507341,257.32920440673826,225.0309552001953,48561435.0
2025-11-20 00:00:00-05:00,270.327749378444,274.91922505965954,265.42688147061517,265.7562561035156,45823600,0.0,0.0,51.76280332198955,3.2001268720391067,258.05670837402346,225.204765625,49214870.0
2025-11-21 00:00:00-05:00,265.4568071090486,272.8230952896135,265.17732758833057,270.98651123046875,59030800,0.0,0.0,59.85223355667473,3.1739481561922958,258.8082452392578,225.40100105285646,50253725.0
2025-11-24 00:00:00-05:00,270.397615191446,276.4863089537433,270.397615191446,275.4083251953125,65585800,0.0,0.0,65.17023758164933,3.4700047132663485,259.5957669067383,225.64711822509764,51288605.0
2025-11-25 00:00:00-05:00,274.75953066216096,279.8600705608694,274.73957871594786,276.4563903808594,46914200,0.0,0.0,66.30935656494088,3.7460199826042526,260.3753317260742,225.8971327972412,51557575.0
2025-11-26 00:00:00-05:00,276.44637611579356,279.01161742605893,276.1170014953278,277.0352783203125,33431400,0.0,0.0,66.95226796676309,3.9657606704737987,261.1497213745117,226.1253225708008,50674810.0
2025-11-28 00:00:00-05:00,276.7458380127342,278.4826014787427,275.4781737009374,278.3328857421875,20135600,0.0,0.0,68.40758672503165,4.196241167039943,261.9722009277344,226.33886184692383,48187265.0
2025-12-01 00:00:00-05:00,277.4944549964911,282.89442609469603,275.62792768573877,282.57501220703125,46587700,0.0,0.0,72.64818887675783,4.667399893259756,262.72755310058596,226.55043426513672,46208295.0
2025-12-02 00:00:00-05:00,282.47518456741903,286.86701880065203,282.10587559562896,285.6592712402344,53669500,0.0,0.0,75.2494367133443,5.229389360687321,263.3335873413086,226.76215873718263,46382040.0
2025-12-03 00:00:00-05:00,285.6692634925469,288.0847586222564,282.77461708045536,283.623046875,43538700,0.0,0.0,70.48355857192317,5.447666465739417,263.93180389404296,226.96434867858886,46095235.0
2025-12-04 00:00:00-05:00,283.5731318378766,284.20196835267484,278.07334059490756,280.179443359375,43989100,0.0,0.0,63.194203272829256,5.281896208157832,264.50342864990233,227.14733108520508,46110535.0
2025-12-05 00:00:00-05:00,280.01974631085085,280.6186397013617,277.53434330937836,278.26300048828125,47265800,0.0,0.0,59.50588305360104,4.938948042749928,264.94578155517576,227.3159564971924,45913625.0
2025-12-08 00:00:00-05:00,277.6142094762677,279.15136205700173,275.6378704438954,277.3746643066406,38211800,0.0,0.0,57.82125116035572,4.543107727239601,265.39848846435547,227.48153289794922,45412845.0
2025-12-09 00:00:00-05:00,277.64414811825674,279.5106752769474,276.40645748061854,276.66595458984375,32193300,0.0,0.0,56.448248729174765,4.124667870417397,265.85756317138674,227.63585647583008,44956890.0
2025-12-10 00:00:00-05:00,277.23491184461454,279.2312028389952,275.92734368017386,278.26300048828125,33038300,0.0,0.0,58.821212305549786,3.8772252865098835,266.34458984375,227.79846374511717,44298390.0
2025-12-11 00:00:00-05:00,278.5824273392719,279.07150890817053,273.3022288840155,277.514404296875,33248000,0.0,0.0,57.24668325674566,3.5794580355698145,266.8002908325195,227.99055244445802,43540890.0
2025-12-12 00:00:00-05:00,277.38464634485007,278.70220580092337,276.30666253778065,277.7639465332031,39532900,0.0,0.0,57.65360814346989,3.3252795639640453,267.227477722168,228.19910827636718,43037395.0
2025-12-15 00:00:00-05:00,279.63046152672615,279.63046152672615,272.33402020742307,273.6016540527344,50409100,0.0,0.0,49.235806131036206,2.756207235187503,267.553669128418,228.36427207946778,43186285.0
2025-12-16 00:00:00-05:00,272.3140798989353,274.9891026980292,271.2859911871425,274.1007385253906,37648600,0.0,0.0,50.17519194320047,2.3187560838487116,267.9163668823242,228.55088119506837,42817800.0
2025-12-17 00:00:00-05:00,274.50001118897205,275.6478724530811,271.13626563598973,271.33587646484375,50138700,0.0,0.0,45.186576410167,1.7290403327123158,268.2279556274414,228.73411087036132,43040870.0
2025-12-18 00:00:00-05:00,273.1025913325419,273.12257373871984,266.4549687260805,271.68524169921875,51630700,0.0,0.0,45.918275348355024,1.275177750573107,268.5150204467773,228.92003227233886,43601180.0
2025-12-19 00:00:00-05:00,271.6453053723066,274.09077415448866,269.399477884542,273.1625061035156,144632000,0.0,0.0,49.01734391262394,1.0228999221677668,268.91180419921875,229.1153793334961,48541600.0
2025-12-22 00:00:00-05:00,272.3539780142796,273.37210596231955,270.00836035897595,270.4674987792969,36571800,0.0,0.0,44.05730606808233,0.5986030344804476,269.4295928955078,229.27864959716797,47418650.0
2025-12-23 00:00:00-05:00,270.3377490962612,271.99467443806464,269.06012395403746,271.85491943359375,29642000,0.0,0.0,47.029014246731876,0.3700324420826746,269.92746490478515,229.5065023803711,45621460.0
2025-12-24 00:00:00-05:00,271.8349404799371,274.9192064044749,271.69521595033444,273.3022155761719,17910600,0.0,0.0,50.012073231445974,0.3021898475369653,270.4520889282227,229.77461715698243,44171280.0
2025-12-26 00:00:00-05:00,273.65157518449314,274.859322715931,272.35396775197984,272.8929748535156,21521800,0.0,0.0,49.16889314826681,0.21294707510224953,270.937216796875,230.05988418579102,43575800.0
2025-12-29 00:00:00-05:00,272.1843267483383,273.8512128461511,271.8449608988494,273.2523498535156,23715200,0.0,0.0,49.966628706284176,0.16926886792293772,271.46722534179685,230.38325637817383,43754780.0
2025-12-30 00:00:00-05:00,272.304089543875,273.5717234473003,271.77507361210075,272.5735778808594,22139600,0.0,0.0,48.42093555344245,0.07897200843456176,271.8871319580078,230.68428482055663,42532375.0
2025-12-31 00:00:00-05:00,272.553621806917,273.17246717497864,271.24605357156486,271.3558349609375,27293600,0.0,0.0,45.690181937258764,-0.08981524555639453,272.08424499511716,230.9766879272461,41213580.0
2026-01-02 00:00:00-05:00,271.75509761912826,277.32473598417806,268.5011336129586,270.5074157714844,37838100,0.0,0.0,43.83531391104721,-0.288712599317023,272.2538189697266,231.2713645172119,40928550.0
2026-01-05 00:00:00-05:00,270.1381104139889,271.0064921177503,265.6464557026853,266.7643737792969,45647200,0.0,0.0,36.74743816765003,-0.739843931704911,272.43468872070315,231.53464279174804,41011455.0
2026-01-06 00:00:00-05:00,266.504853430471,267.0538212812338,261.6338984265986,261.8734436035156,52352100,0.0,0.0,29.93602079054139,-1.4750228080631587,272.49520385742187,231.77913650512696,41265770.0
2026-01-07 00:00:00-05:00,262.71190159101934,263.1909919246956,259.32817380451803,259.8471984863281,48309800,0.0,0.0,27.64946229092203,-2.1958460646087588,272.45057678222656,231.9927586364746,41770670.0
2026-01-08 00:00:00-05:00,256.5433578451618,258.80916773471864,255.22581364132833,258.55963134765625,50419300,0.0,0.0,26.2760200029563,-2.838281652000262,272.2607360839844,232.18770751953124,42681970.0
2026-01-09 00:00:00-05:00,258.5995368285105,259.7274461787287,255.74485516422806,258.8890075683594,39997000,0.0,0.0,27.271280366767684,-3.282994260960322,272.0736938476563,232.3692827606201,43029905.0
2026-01-12 00:00:00-05:00,258.6794199598783,260.8154357257053,256.32378048041085,259.76739501953125,45263800,0.0,0.0,29.985797856391912,-3.5239319868502434,271.8902587890625,232.5662915802002,43630695.0
2026-01-13 00:00:00-05:00,258.24022168851656,261.3244878277737,257.9108470550362,260.5658874511719,45730800,0.0,0.0,32.45386280749523,-3.6088446893755304,271.6888897705078,232.7557537841797,43940590.0
2026-01-14 00:00:00-05:00,259.0087756526009,261.33447181199796,256.23393227813756,259.4779052734375,40019400,0.0,0.0,30.857726325816344,-3.721035901379878,271.4863024902344,232.96936965942382,43421105.0
2026-01-15 00:00:00-05:00,260.1666175851947,260.5559089501236,256.5732877053955,257.73114013671875,39388600,0.0,0.0,28.43936627416234,-3.9058731193964036,271.27510620117187,233.153212890625,43508105.0
2026-01-16 00:00:00-05:00,257.4217372195352,258.41988279267105,254.45724364888233,255.05613708496094,72142800,0.0,0.0,25.18428980663927,-4.219567785852746,270.9906649780273,233.3184090423584,44608310.0
2026-01-20 00:00:00-05:00,252.26132447540706,254.31750190322293,242.9685916985444,246.2425079345703,80267500,0.0,0.0,17.910459284664228,-5.12033524551947,270.52795654296875,233.43605545043945,46040150.0
2026-01-21 00:00:00-05:00,248.23880604127606,251.09350304772093,244.72532928784554,247.1907501220703,54641700,0.0,0.0,20.568581657756468,-5.692070086477486,270.09159271240236,233.6613990020752,41540635.0
2026-01-22 00:00:00-05:00,248.737864640942,250.53452965267718,247.68980878155546,247.8894500732422,39708300,0.0,0.0,22.558418561962966,-6.019406845123484,269.69512939453125,233.96389678955077,41697460.0
2026-01-23 00:00:00-05:00,246.86136630134166,248.94748685874615,244.22624741136653,247.58001708984375,41689000,0.0,0.0,22.292078617534045,-6.231954152195584,269.26812255859375,234.29926567077638,42299810.0
2026-01-26 00:00:00-05:00,251.01363570547153,256.08421686766076,249.336758511775,254.9363555908203,55969200,0.0,0.0,40.32926603417843,-5.740629977861346,268.8720584106445,234.7163786315918,44202740.0
2026-01-27 00:00:00-05:00,258.68937090303496,261.46421404872183,257.73112933459527,257.791015625,49648300,0.0,0.0,45.60563115528669,-5.062546932817526,268.5686215209961,235.01630950927733,45609065.0
2026-01-28 00:00:00-05:00,257.17220993748055,258.3799575946877,254.03803333601454,255.96446228027344,41288000,0.0,0.0,42.98643775984167,-4.61930040442445,268.23903381347657,235.34903610229492,46487705.0
2026-01-29 00:00:00-05:00,257.52154586161765,259.16847988830324,253.93820707645818,257.801025390625,67253000,0.0,0.0,46.32442000364227,-4.0728794243229345,267.9569580078125,235.652498626709,48743375.0
2026-01-30 00:00:00-05:00,254.69678984095313,261.41430490835,251.7123292610244,258.9988098144531,92443400,0.0,0.0,48.44443476925769,-3.5028074838887164,267.7976544189453,235.9402149963379,52000865.0
2026-02-02 00:00:00-05:00,259.5478036352127,269.98839826257677,258.7293169184304,269.5093078613281,73913400,0.0,0.0,62.457065411461976,-2.177807601075415,267.8489593505859,236.28237380981446,53804630.0
2026-02-03 00:00:00-05:00,268.70080609664296,271.3758289780004,267.11372779647115,268.98028564453125,64394700,0.0,0.0,61.550269857852314,-1.1570851620223266,267.86732604980466,236.6610305786133,54742005.0
2026-02-04 00:00:00-05:00,271.7850411492978,278.432693698261,271.7850411492978,275.97723388671875,90545700,0.0,0.0,68.13906189149354,0.2139734196555878,268.0717456054688,237.06119338989257,56651685.0
2026-02-05 00:00:00-05:00,277.6142303156022,278.98168486317746,272.72332314901723,275.3983459472656,52977400,0.0,0.0,67.11435780938291,1.2395470777128708,268.1599822998047,237.47746131896972,56885065.0
2026-02-06 00:00:00-05:00,276.6060720438839,280.3890519626743,276.4164219647768,277.6042175292969,50453400,0.0,0.0,69.02584831243135,2.204900274156671,268.2039001464844,237.87203147888184,56886770.0
2026-02-09 00:00:00-05:00,277.6541982366954,277.9439398399519,271.4499228389202,274.3672180175781,44623400,0.26,0.0,63.21875447197781,2.6778818741490227,268.16211669921876,238.22624443054198,57118090.0
2026-02-10 00:00:00-05:00,274.6369782150198,275.11651686144285,272.68876099546605,273.4280700683594,34376900,0.0,0.0,61.59955363175892,2.943016546294814,268.0899725341797,238.55701080322265,56573745.0
2026-02-11 00:00:00-05:00,274.44714753122867,279.92208361183503,274.1973776592452,275.24639892578125,51931300,0.0,0.0,63.5463430956235,3.2622563658467243,268.0282427978516,238.89234268188477,56883770.0
2026-02-12 00:00:00-05:00,275.3363333447182,275.46621856633783,259.94051360693726,261.4891052246094,81077200,0.0,0.0,44.970283334374614,2.377748392287117,267.6065246582031,239.15461059570313,58936660.0
2026-02-13 00:00:00-05:00,261.7688319830923,261.9886306947134,255.21485759663088,255.5445556640625,56290700,0.0,0.0,39.58548292730838,1.1834518851835014,267.00423034667966,239.38183403015137,59781765.0
2026-02-17 00:00:00-05:00,257.8124646511843,266.0449008431299,255.30478047881587,263.6371154785156,58469100,0.0,0.0,48.6073539582476,0.8798231894868991,266.60451171875,239.64310401916504,59098080.0
2026-02-18 00:00:00-05:00,263.35737977838915,266.57441720150126,262.20844437502524,264.106689453125,34203300,0.0,0.0,49.08249788274758,0.6693698767077763,266.283056640625,239.9026434326172,56794870.0
2026-02-19 00:00:00-05:00,262.35827847824623,264.2365527856389,259.81060750150084,260.3401184082031,30845300,0.0,0.0,45.452481163543645,0.19638944998729357,265.92459899902343,240.18299057006837,55605050.0
2026-02-20 00:00:00-05:00,258.73163460792017,264.5063132392292,257.9223826043077,264.3364562988281,42070500,0.0,0.0,49.702845018137225,0.14237886819074674,265.66383483886716,240.51544960021974,55723160.0
2026-02-23 00:00:00-05:00,263.24744081710827,269.1819753311392,263.13755670993424,265.9349670410156,37308200,0.0,0.0,51.33625308214145,0.22595686053955433,265.44921508789065,240.85779129028322,55504120.0
2026-02-24 00:00:00-05:00,267.61343657617186,274.6369951599546,267.46358073991865,271.8895263671875,47014600,0.0,0.0,56.9453173755515,0.7638707681936694,265.3217456054688,241.24114624023437,55056390.0
2026-02-25 00:00:00-05:00,271.5298429675081,274.6869380517792,270.8005039088116,273.97760009765625,33714300,0.0,0.0,58.74121745030737,1.3431781926529993,265.2510095214844,241.6287742614746,54259690.0
2026-02-26 00:00:00-05:00,274.6969199809464,275.8558253670768,270.55071567552415,272.6987609863281,32345100,0.0,0.0,57.16842023566738,1.6797290013096813,265.1497058105469,242.00483543395995,53812545.0
2026-02-27 00:00:00-05:00,272.5588900215503,272.5588900215503,262.6480379442022,263.93682861328125,72366500,0.0,0.0,47.73742641707602,1.2253086307400167,264.9564093017578,242.27473434448243,54068220.0
2026-03-02 00:00:00-05:00,262.16844722421786,266.2846497598317,259.960490133898,264.476318359375,41827900,0.0,0.0,48.30292976650993,0.8983538628227166,264.7639208984375,242.53667289733886,51537445.0
2026-03-03 00:00:00-05:00,263.23749216234586,265.31556422164516,259.8905695547566,263.5072326660156,38568900,0.0,0.0,47.312588737658245,0.554649087772475,264.60734802246094,242.79675422668458,49770220.0
2026-03-04 00:00:00-05:00,264.4063951364299,265.9050144519466,261.179387723623,262.2783508300781,39803100,0.0,0.0,46.02395972273207,0.18101347268373047,264.4192102050781,243.0550737762451,48540640.0
2026-03-05 00:00:00-05:00,260.54995479568396,261.3192350446657,257.01320478174756,260.0504150390625,49658600,0.0,0.0,43.700095198367336,-0.2915108868278935,264.15696838378904,243.30319984436036,46496285.0
2026-03-06 00:00:00-05:00,258.39192833924307,258.53178361058343,254.13584003818684,257.2229919433594,41120000,0.0,0.0,40.87910839601226,-0.8839496389591659,263.8920782470703,243.54953971862793,45903415.0
2026-03-09 00:00:00-04:00,255.45463216869055,260.9095975388004,253.44647267699952,259.6407775878906,38218500,0.0,0.0,44.19646428022204,-1.1451657649801632,263.6477954101563,243.817530670166,45291670.0
2026-03-10 00:00:00-04:00,257.4128391437035,262.2384104290217,256.71350175461305,260.58990478515625,30590800,0.0,0.0,45.48953501737349,-1.2610581013688602,263.39354919433595,244.11402305603028,44590040.0
2026-03-11 00:00:00-04:00,260.8496568052655,261.888707997661,259.3110658747261,260.5699157714844,26218900,0.0,0.0,45.46564065136034,-1.33908047311877,263.1470880126953,244.4140510559082,44182140.0
2026-03-12 00:00:00-04:00,258.4219063383753,258.71164792954545,253.94601921584928,255.52456665039062,40794000,0.0,0.0,39.78510757856793,-1.7874269281882675,262.7925323486328,244.71918197631837,43625275.0
2026-03-13 00:00:00-04:00,255.24483747003174,256.0940459350445,249.29033192864068,249.8897705078125,36930000,0.0,0.0,34.587571462691386,-2.5678253880843727,262.3388562011719,244.97153648376465,41417915.0
2026-03-16 00:00:00-04:00,251.87794235419486,253.6563027081548,249.6499992581203,252.58729553222656,32074200,0.0,0.0,38.71520981974305,-2.934798534054437,261.96348541259766,245.23633277893066,40207090.0
2026-03-17 00:00:00-04:00,252.72716690012706,254.89516767044782,251.94787083452104,253.99598693847656,32361600,0.0,0.0,40.81552388308353,-3.076493866335227,261.6332568359375,245.51051330566406,38901715.0
2026-03-18 00:00:00-04:00,252.3974721128864,254.70534343896443,248.7708084606242,249.70994567871094,35757900,0.0,0.0,36.694904814470576,-3.4943553939286858,261.29216827392577,245.7587813568115,38979445.0
2026-03-19 00:00:00-04:00,249.17043241392184,251.5982036354298,247.0723745163624,248.73085021972656,34864100,0.0,0.0,35.80561842777516,-3.860022548812026,261.02931640625,245.99792068481446,39180385.0
2026-03-20 00:00:00-04:00,247.7517334570195,248.97061168291066,245.77356028907465,247.76173400878906,88331100,0.0,0.0,34.90395182376447,-4.179833464207832,260.78760711669923,246.22439544677735,41493415.0
2026-03-23 00:00:00-04:00,253.73622734962268,254.3656523266213,250.0496214753341,251.25851440429688,40546100,0.0,0.0,40.706017128262076,-4.103818697264245,260.641584777832,246.47059524536132,41655310.0
2026-03-24 00:00:00-04:00,250.1195650925759,254.5954370944537,249.32029842391177,251.4083709716797,45152300,0.0,0.0,40.94892851633752,-3.9855414334885495,260.4919720458984,246.72845108032226,41562195.0
2026-03-25 00:00:00-04:00,253.86611511385965,254.76528059453105,251.3684162845015,252.38746643066406,28476700,0.0,0.0,42.60339286164646,-3.769350304930583,260.3443734741211,246.97481742858886,41300315.0
2026-03-26 00:00:00-04:00,251.88793104116345,256.76344411909713,250.53918279672283,252.6572265625,41796700,0.0,0.0,43.07660711828015,-3.5354949053164546,260.18620025634766,247.23483375549316,41772895.0
2026-03-27 00:00:00-04:00,253.666280215245,255.2548282141602,247.8416601166152,248.57098388671875,47900000,0.0,0.0,37.96988781852649,-3.6379523993526846,259.96806182861326,247.4683430480957,40549570.0
2026-03-30 00:00:00-04:00,249.83982057534305,250.63907198816298,245.28400520065438,246.40298461914062,39446200,0.0,0.0,35.56111663823282,-3.84971302828356,259.7414987182617,247.71038536071777,40430485.0
2026-03-31 00:00:00-04:00,247.6818040942864,255.24482803058763,246.87255213324852,253.55638122558594,49598100,0.0,0.0,47.41489570672485,-3.4011096546721262,259.71150360107424,247.98610298156737,40981945.0
2026-04-01 00:00:00-04:00,253.8461228128272,255.94418062939917,253.096813183035,255.3946990966797,40059400,0.0,0.0,49.962307106759695,-2.8642342508189813,259.8945474243164,248.2847078704834,40994760.0
2026-04-02 00:00:00-04:00,253.96601496217014,255.89424639361263,250.4192795609811,255.68443298339844,31289400,0.0,0.0,50.37038271926685,-2.387851852269108,260.06442108154295,248.5749503326416,40076300.0
2026-04-06 00:00:00-04:00,256.27389167390277,261.9186847371787,256.2239194053331,258.6217041015625,29329900,0.0,0.0,54.427998258388776,-1.7530935664603362,260.27906616210936,248.89372421264648,39486795.0
2026-04-07 00:00:00-04:00,255.92421782448065,255.96418954301222,245.47383916108728,253.26666259765625,62148000,0.0,0.0,46.89959982634739,-1.6629803449392568,260.39279907226563,249.18104148864745,40683270.0
2026-04-08 00:00:00-04:00,258.2121146377317,259.51090582044134,256.29386854025813,258.66168212890625,41032800,0.0,0.0,53.82856626121924,-1.143055546725435,260.46730560302734,249.4733211517334,41205370.0
2026-04-09 00:00:00-04:00,258.7615948993736,260.879638597066,255.8342992320816,260.2502136230469,28121600,0.0,0.0,55.66309097977858,-0.5959603229885602,260.5164895629883,249.77105339050294,41300505.0
2026-04-10 00:00:00-04:00,259.7406946341393,261.94865175168746,258.78155637925676,260.240234375,31291500,0.0,0.0,55.64813249950416,-0.16132895867434627,260.6020050048828,250.0747120666504,40825380.0
2026-04-13 00:00:00-04:00,259.49093671136296,259.9405042051452,256.4237552437805,258.96142578125,36234700,0.0,0.0,53.65815440124004,0.07901947550254818,260.6252130126953,250.36570159912108,40790615.0
2026-04-14 00:00:00-04:00,259.01136264890187,261.68888841493145,256.9532612999924,258.59173583984375,48370700,0.0,0.0,53.06735248513903,0.23693521093633763,260.6170715332031,250.6576315307617,41605440.0
2026-04-15 00:00:00-04:00,257.92237663273806,266.3146386359468,257.57269269729437,266.18475341796875,49913500,0.0,0.0,62.2587899868166,0.9636690530675196,260.55058044433594,250.98712814331054,42483035.0
2026-04-16 00:00:00-04:00,266.55439590858066,266.91408037974617,261.0294875448873,263.15753173828125,43323100,0.0,0.0,57.42976013532464,1.28057766657912,260.43412536621094,251.28111946105957,42861295.0
2026-04-17 00:00:00-04:00,266.7142527536172,272.0493335842862,266.47448343207725,269.98126220703125,61436200,0.0,0.0,64.17513512339127,2.0586175844548507,260.3142059326172,251.5960317993164,44189900.0
2026-04-20 00:00:00-04:00,270.08114756253855,274.0275237795767,270.04120633500696,272.79864501953125,36590200,0.0,0.0,66.53303322709787,2.8694814757026847,260.2622119140625,251.9020223236084,41602855.0
2026-04-21 00:00:00-04:00,271.250098918132,272.5488901425708,265.1557075406741,265.9250183105469,50209800,0.0,0.0,56.72388676757393,2.9237495564399296,260.0286279296875,252.168116607666,42086040.0
2026-04-22 00:00:00-04:00,267.5734973129919,273.48803128351057,266.62435952726383,272.9185791015625,43249200,0.0,0.0,62.74259861031806,3.4908390895607795,259.99965515136716,252.48710762023927,41990885.0
2026-04-23 00:00:00-04:00,274.79681820267325,275.5161566987003,271.39995382845746,273.1783142089844,33399600,0.0,0.0,62.94869755425292,3.9160779734861535,259.9946600341797,252.80709846496583,42237030.0
2026-04-24 00:00:00-04:00,272.50893317942314,272.80864483253174,269.4017800912603,270.81048583984375,38157100,0.0,0.0,59.70614881865123,4.015728078470829,259.90594177246095,253.1096226501465,42055050.0
2026-04-27 00:00:00-04:00,265.84505761361925,268.1129570778125,264.8260075108844,267.3636474609375,41466800,0.0,0.0,55.24498655873712,3.7730767734779533,260.0234326171875,253.38858757019042,41733390.0
2026-04-28 00:00:00-04:00,272.0893199684016,272.97851539952296,268.4127145556596,270.4608154296875,40018900,0.0,0.0,58.262724861622864,3.787034856549326,260.3217578125,253.6892636871338,41762025.0
2026-04-29 00:00:00-04:00,267.3037117460274,270.7905199823619,266.7942019267937,269.92132568359375,30047900,0.0,0.0,57.53498691528608,3.7117773651755215,260.44744201660154,253.99989219665528,40784515.0
2026-04-30 00:00:00-04:00,270.25102650288807,275.7459641951834,267.893213328058,271.1002502441406,91848200,0.0,0.0,58.74759648206396,3.704560750095254,260.5873132324219,254.31397491455078,43373955.0
2026-05-01 00:00:00-04:00,278.6032901046287,286.95561044034525,278.1137509144006,279.88214111328125,79915400,0.0,0.0,66.43620130182296,4.357239189378674,260.97815368652346,254.66673797607422,45805255.0
2026-05-04 00:00:00-04:00,279.4025768563376,280.3716851917065,274.60697695873915,276.5751647949219,46668400,0.0,0.0,61.767600451018886,4.5551374148241734,261.2229278564453,255.00366325378417,46672180.0
2026-05-05 00:00:00-04:00,276.6750995896243,284.30808218316156,276.2455026895375,283.9184265136719,49311700,0.0,0.0,67.26803104074956,5.244062743779182,261.5825970458984,255.37152786254882,46030365.0
2026-05-06 00:00:00-04:00,281.66051049385584,287.76487170009636,280.8112868075762,287.245361328125,58336100,0.0,0.0,69.4149437370127,5.989454166264068,261.8897137451172,255.74955284118653,46895530.0
2026-05-07 00:00:00-04:00,289.00371711581823,291.8611003514943,285.5169394038565,287.1754150390625,45224300,0.0,0.0,69.3120104551499,6.4996146461060675,262.15367004394534,256.117666015625,47750665.0
2026-05-08 00:00:00-04:00,289.7430674686918,294.4886952888782,289.7330669166447,293.0500183105469,52692800,0.0,0.0,72.94120201315462,7.293872665974106,262.56069519042967,256.51639724731444,48820730.0
2026-05-11 00:00:00-04:00,291.9800109863281,293.8800048828125,290.2300109863281,292.67999267578125,42247300,0.27,0.0,72.36072859273693,7.803515819895381,263.1355584716797,256.9152206420898,49121360.0
2026-05-12 00:00:00-04:00,292.55999755859375,295.2699890136719,292.55999755859375,294.79998779296875,45748100,0.0,0.0,73.65434681550875,8.282996353599174,263.7420318603516,257.32404624938965,48990230.0
2026-05-13 00:00:00-04:00,293.5,300.9200134277344,293.5,298.8699951171875,52684300,0.0,0.0,75.97879240237694,8.888937568505924,264.449287109375,257.7523754119873,49128770.0
2026-05-14 00:00:00-04:00,299.82000732421875,300.45001220703125,295.3800048828125,298.2099914550781,35324900,0.0,0.0,74.82587536293362,9.209729537982525,265.167919921875,258.19124954223633,48728860.0
2026-05-15 00:00:00-04:00,297.8999938964844,303.20001220703125,296.5199890136719,300.2300109863281,54862800,0.0,0.0,76.0249838747859,9.51724925401993,265.9715118408203,258.6512799835205,48400190.0
2026-05-18 00:00:00-04:00,300.239990234375,300.6600036621094,294.9100036621094,297.8399963378906,34483000,0.0,0.0,71.67486930682763,9.459068384327452,266.78385192871093,259.10673110961915,48294830.0
2026-05-19 00:00:00-04:00,296.9700012207031,300.510009765625,296.3500061035156,298.9700012207031,42243600,0.0,0.0,72.47674776964406,9.395832270412996,267.5704364013672,259.5936795806885,47896520.0
2026-05-20 00:00:00-04:00,298.17999267578125,302.79998779296875,298.0799865722656,302.25,38229800,0.0,0.0,74.71437796551218,9.500865619165609,268.40363830566406,260.092197265625,47645550.0
2026-05-21 00:00:00-04:00,301.05999755859375,305.5400085449219,300.3999938964844,304.989990234375,42965100,0.0,0.0,76.43769933581481,9.693459451053968,269.2920397949219,260.6065564727783,48123825.0
2026-05-22 00:00:00-04:00,306.1199951171875,311.3999938964844,305.8399963378906,308.82000732421875,43670200,0.0,0.0,78.63015300494763,10.03941370883382,270.35794860839843,261.0886198425293,48399480.0
2026-05-26 00:00:00-04:00,309.55999755859375,311.82000732421875,307.6700134277344,308.3299865722656,48000500,0.0,0.0,77.63482153836416,10.156961244444688,271.5267529296875,261.534467010498,48726165.0
2026-05-27 00:00:00-04:00,308.3299865722656,313.260009765625,308.29998779296875,310.8500061035156,50430900,0.0,0.0,79.1000267708877,10.334335244986619,272.69200714111327,261.9464984130859,49246765.0
2026-05-28 00:00:00-04:00,310.67999267578125,312.79998779296875,309.57000732421875,312.510009765625,48220400,0.0,0.0,80.0282083447204,10.487955221363052,273.86228759765623,262.3763529968262,50155390.0
2026-05-29 00:00:00-04:00,311.7799987792969,315.0,309.5299987792969,312.05999755859375,70026800,0.0,0.0,79.00388844087198,10.452893485810932,275.1092886352539,262.79164245605466,49064320.0
2026-06-01 00:00:00-04:00,309.6300048828125,310.94000244140625,305.0199890136719,306.30999755859375,48849900,0.0,0.0,67.17304316245115,9.847612713104127,276.26087158203126,263.1598336791992,47511045.0
2026-06-02 00:00:00-04:00,307.4599914550781,315.45001220703125,306.69000244140625,315.20001220703125,44534700,0.0,0.0,73.72449671385819,9.970341336492936,277.6096371459961,263.5752172088623,47404360.0
2026-06-03 00:00:00-04:00,314.17999267578125,316.94000244140625,308.8500061035156,310.260009765625,50836700,0.0,0.0,65.85891278481418,9.55879984853442,278.7896670532227,263.9718339538574,47480610.0
2026-06-04 00:00:00-04:00,313.2300109863281,313.5400085449219,309.6499938964844,311.2300109863281,44869100,0.0,0.0,66.61215956332703,9.204813881574239,279.9860998535156,264.3767908477783,46807260.0
2026-06-05 00:00:00-04:00,312.8599853515625,315.1700134277344,307.1499938964844,307.3399963378906,65310500,0.0,0.0,60.81720503236685,8.512261726028328,281.0851504516602,264.7639429473877,47811570.0
2026-06-08 00:00:00-04:00,308.739990234375,317.3999938964844,301.1700134277344,301.5400085449219,77949100,0.0,0.0,53.36306102168121,7.409980962830787,282.0628060913086,265.14478103637697,49074385.0
2026-06-09 00:00:00-04:00,300.2799987792969,300.75,287.7799987792969,290.54998779296875,70108800,0.0,0.0,42.68676354492342,5.585229638656017,282.9023861694336,265.4762033843994,50467460.0
2026-06-10 00:00:00-04:00,290.739990234375,294.75,287.3800048828125,291.5799865722656,52793300,0.0,0.0,43.82118744758687,4.174096969475443,283.8059262084961,265.7985160827637,50819720.0
2026-06-11 00:00:00-04:00,293.7200012207031,297.0,289.5899963378906,295.6300048828125,42572500,0.0,0.0,48.16571455343921,3.344019023016074,284.64739868164065,266.1440702819824,50314130.0
2026-06-12 00:00:00-04:00,296.0299987792969,297.1400146484375,289.6199951171875,291.1300048828125,38742100,0.0,0.0,44.086162633433915,2.2965902156987568,285.36210479736326,266.456404876709,50484990.0
2026-06-15 00:00:00-04:00,294.1199951171875,297.2099914550781,291.70001220703125,297.04998779296875,14760960,0.0,0.0,50.076756448610276,1.922032490938932,286.18941589355467,266.79245597839355,48479898.0
