Date,Open,High,Low,Close,Volume,Dividends,Stock Splits
2016-04-25 00:00:00-04:00,23.780444155199945,23.927656774123356,23.669469232956722,23.79856300354004,112126400,0.0,0.0
2016-04-26 00:00:00-04:00,23.533585702810786,23.848393407654267,23.533585702810786,23.633235931396484,224064800,0.0,0.0
2016-04-27 00:00:00-04:00,21.742123500258902,22.355885320885914,21.66964982437439,22.15431785583496,458408400,0.0,0.0
2016-04-28 00:00:00-04:00,22.106753806786298,22.16790275955349,21.345779461747554,21.47713851928711,328970800,0.0,0.0
2016-04-29 00:00:00-04:00,21.28689430574203,21.452225773505287,20.951704249979535,21.230274200439453,274126000,0.0,0.0
2016-05-02 00:00:00-04:00,21.282371038114313,21.30728402921264,20.926796752694237,21.207632064819336,192640400,0.0,0.0
2016-05-03 00:00:00-04:00,21.334465779859748,21.68324601231902,21.216696661531245,21.55641746520996,227325200,0.0,0.0
2016-05-04 00:00:00-04:00,21.560937376849367,21.719474722918175,21.24839498908705,21.33219337463379,164102000,0.0,0.0
2016-05-05 00:00:00-04:00,21.418784831513033,21.434734920892943,21.11801047575662,21.2456111907959,143562000,0.1425,0.0
2016-05-06 00:00:00-04:00,21.27522990921445,21.293457337528263,20.928882694816636,21.127120971679688,174799600,0.0,0.0
2016-05-09 00:00:00-04:00,21.190926212926954,21.366377202684173,21.097503015606634,21.143075942993164,131745600,0.0,0.0
2016-05-10 00:00:00-04:00,21.26611649121097,21.320802256007195,20.988127767650703,21.286623001098633,134747200,0.0,0.0
2016-05-11 00:00:00-04:00,21.300297116283584,21.320803627490353,21.06787955869815,21.079273223876953,114876400,0.0,0.0
2016-05-12 00:00:00-04:00,21.12712438477307,21.14079539282424,20.386581315893334,20.58481788635254,305258800,0.0,0.0
2016-05-13 00:00:00-04:00,20.507339794719382,20.887864460354056,20.507339794719382,20.625825881958008,177571200,0.0,0.0
2016-05-16 00:00:00-04:00,21.051929425106646,21.507648216408324,20.883313959085207,21.39143943786621,245039200,0.0,0.0
2016-05-17 00:00:00-04:00,21.54410629634626,21.57828381454151,21.193202622631627,21.302574157714844,187667600,0.0,0.0
2016-05-18 00:00:00-04:00,21.455236742172765,21.694488011170616,21.39371374555272,21.54637908935547,168249600,0.0,0.0
2016-05-19 00:00:00-04:00,21.56461033172737,21.56461033172737,21.320800878824148,21.464351654052734,121768400,0.0,0.0
2016-05-20 00:00:00-04:00,21.564610861163164,21.744619973939777,21.537267110645395,21.69676971435547,128104000,0.0,0.0
2016-05-23 00:00:00-04:00,21.844874384594036,22.145648627788322,21.79930147597144,21.972475051879883,152074400,0.0,0.0
2016-05-24 00:00:00-04:00,22.15248394878974,22.350720449787822,22.06589629232741,22.30742835998535,140560800,0.0,0.0
2016-05-25 00:00:00-04:00,22.482884808411256,22.72669427765415,22.35528411076761,22.699352264404297,152675200,0.0,0.0
2016-05-26 00:00:00-04:00,22.713023987281645,22.95227704133742,22.476050013878265,22.879362106323242,225324800,0.0,0.0
2016-05-27 00:00:00-04:00,22.658340973272143,22.893035894534986,22.6150471277629,22.865692138671875,145364800,0.0,0.0
2016-05-31 00:00:00-04:00,22.694792029031795,22.877080213373,22.51706200543505,22.75403594970703,169228800,0.0,0.0
2016-06-01 00:00:00-04:00,22.56263449160384,22.6811223398301,22.405412705375742,22.435033798217773,116693200,0.0,0.0
2016-06-02 00:00:00-04:00,22.23907851614333,22.293764288884326,22.018054605843872,22.266422271728516,160766400,0.0,0.0
2016-06-03 00:00:00-04:00,22.282365833833033,22.391737347275814,22.204892751584605,22.311986923217773,114019600,0.0,0.0
2016-06-06 00:00:00-04:00,22.32794596162613,23.216598122238942,22.227688990504937,22.47377586364746,93170000,0.0,0.0
2016-06-07 00:00:00-04:00,22.615047869578415,22.756321338527762,22.54896842789708,22.564918518066406,89638000,0.0,0.0
2016-06-08 00:00:00-04:00,22.562634319478764,22.685678589346253,22.48516296720797,22.54440689086914,83392400,0.0,0.0
2016-06-09 00:00:00-04:00,22.444145789190607,22.783655731119804,22.4350312066546,22.70618438720703,106405600,0.0,0.0
2016-06-10 00:00:00-04:00,22.45098391469261,22.637828532439826,22.4395919890132,22.51934242248535,126851600,0.0,0.0
2016-06-13 00:00:00-04:00,22.487442095687204,22.58542169569288,22.125144788343775,22.17983055114746,152082000,0.0,0.0
2016-06-14 00:00:00-04:00,22.175274127977108,22.439591835307525,22.045394354803797,22.20717430114746,127727600,0.0,0.0
2016-06-15 00:00:00-04:00,22.28920846795485,22.423646430179,22.109199316953024,22.13426399230957,117780800,0.0,0.0
2016-06-16 00:00:00-04:00,21.977033531475566,22.273251380760037,21.89044760462772,22.227680206298828,125307200,0.0,0.0
2016-06-17 00:00:00-04:00,22.015776845285174,22.02261234944432,21.715002493277378,21.721837997436523,244032800,0.0,0.0
2016-06-20 00:00:00-04:00,21.87450167257029,22.004381456714007,21.653477783771688,21.6694278717041,137647600,0.0,0.0
2016-06-21 00:00:00-04:00,21.632968600661833,21.954249400307937,21.573724679189954,21.853992462158203,142185600,0.0,0.0
2016-06-22 00:00:00-04:00,21.931465901677825,22.077295769638027,21.726392106599683,21.77196502685547,116876400,0.0,0.0
2016-06-23 00:00:00-04:00,21.860830769795754,21.940581209838957,21.703607231975436,21.897287368774414,128960800,0.0,0.0
2016-06-24 00:00:00-04:00,21.170419530955098,21.569173515659553,21.111175595038773,21.28207015991211,301245600,0.0,0.0
2016-06-27 00:00:00-04:00,21.190922301282,21.202315965632827,20.849133231906485,20.972177505493164,181958400,0.0,0.0
2016-06-28 00:00:00-04:00,21.168133761908027,21.341307353025577,20.994960170790478,21.325355529785156,161779600,0.0,0.0
2016-06-29 00:00:00-04:00,21.41194623924505,21.544105097006888,21.334473145980517,21.509925842285156,146124000,0.0,0.0
2016-06-30 00:00:00-04:00,21.51904162837733,21.822093299821137,21.48714145243588,21.783357620239258,143345600,0.0,0.0
2016-07-01 00:00:00-04:00,21.758287907816086,21.981590826109247,21.721831317368945,21.84943199157715,104106000,0.0,0.0
2016-07-05 00:00:00-04:00,21.735511339594538,21.73779042070208,21.523601995760657,21.644367218017578,110820800,0.0,0.0
2016-07-06 00:00:00-04:00,21.555499057807562,21.797031205793836,21.503092368925596,21.76740837097168,123796400,0.0,0.0
2016-07-07 00:00:00-04:00,21.806137094321244,21.988425252929453,21.787909669203398,21.860824584960938,100558400,0.0,0.0
2016-07-08 00:00:00-04:00,21.986151808280546,22.07729591094634,21.88589485993442,22.02944564819336,115648400,0.0,0.0
2016-07-11 00:00:00-04:00,22.045392791473265,22.250466560475083,22.040836369241642,22.097801208496094,95179600,0.0,0.0
2016-07-12 00:00:00-04:00,22.141096142822185,22.261861339375837,22.12970421656814,22.198060989379883,96670000,0.0,0.0
2016-07-13 00:00:00-04:00,22.19578292060921,22.255025107420934,22.06590140581734,22.072738647460938,103568800,0.0,0.0
2016-07-14 00:00:00-04:00,22.19122562037632,22.555800292868337,22.175275532780702,22.510229110717773,155676000,0.0,0.0
2016-07-15 00:00:00-04:00,22.539848093956056,22.62643576573226,22.444147577346676,22.50794792175293,120548000,0.0,0.0
2016-07-18 00:00:00-04:00,22.48972159788227,22.81556060236729,22.46693600606127,22.747203826904297,145975600,0.0,0.0
2016-07-19 00:00:00-04:00,22.685679548019195,22.78593823253969,22.63555020575895,22.756317138671875,95119600,0.0,0.0
2016-07-20 00:00:00-04:00,22.785937627485726,22.89075273196067,22.72669370289412,22.776823043823242,105104000,0.0,0.0
2016-07-21 00:00:00-04:00,22.74720145399346,23.013796501190217,22.587698851026794,22.656057357788086,130808000,0.0,0.0
2016-07-22 00:00:00-04:00,22.61732327115036,22.62643785525426,22.400855810148364,22.480607986450195,113254800,0.0,0.0
2016-07-25 00:00:00-04:00,22.387183415189565,22.52161961092135,22.084130031633748,22.17983055114746,161531600,0.0,0.0
2016-07-26 00:00:00-04:00,22.061347532376846,22.323386195929274,21.970203422650442,22.02716827392578,224959200,0.0,0.0
2016-07-27 00:00:00-04:00,23.758896562631676,23.777125730081984,23.41255107322129,23.45812225341797,369379200,0.0,0.0
2016-07-28 00:00:00-04:00,23.430774977015435,23.799905973599945,23.428495896988863,23.77484130859375,159479200,0.0,0.0
2016-07-29 00:00:00-04:00,23.740669483656855,23.822698999963638,23.62446071248406,23.74522590637207,110934800,0.0,0.0
2016-08-01 00:00:00-04:00,23.7907985962529,24.1872734289597,23.7907985962529,24.164487838745117,152671600,0.0,0.0
2016-08-02 00:00:00-04:00,24.164484637278324,24.169041059345936,23.697372276834557,23.806745529174805,135266400,0.0,0.0
2016-08-03 00:00:00-04:00,23.88194450802383,24.116639425145156,23.87282992289697,24.105247497558594,120810400,0.0,0.0
2016-08-04 00:00:00-04:00,24.187716812837056,24.28393576146537,24.11898799361885,24.254154205322266,109634800,0.1425,0.0
2016-08-05 00:00:00-04:00,24.345794191224247,24.66194471273675,24.32517659087174,24.62299919128418,162213600,0.0,0.0
2016-08-08 00:00:00-04:00,24.63215606994949,24.826887130737305,24.54968393855186,24.826887130737305,112148800,0.0,0.0
2016-08-09 00:00:00-04:00,24.794819355845505,24.957475721883466,24.74441844707523,24.927692413330078,105260800,0.0,0.0
2016-08-10 00:00:00-04:00,24.904782827232136,24.948311201620122,24.68714445098562,24.74212646484375,96034000,0.0,0.0
2016-08-11 00:00:00-04:00,24.861253956375855,24.95518323652753,24.707761557336784,24.726089477539062,109938000,0.0,0.0
2016-08-12 00:00:00-04:00,24.691721686956768,24.84292438617509,24.691721686956768,24.78335952758789,74641600,0.0,0.0
2016-08-15 00:00:00-04:00,24.77420162294701,25.094933269611673,24.760456555239635,25.081188201904297,103472800,0.0,0.0
2016-08-16 00:00:00-04:00,25.115548663654174,25.253006320033588,25.019329702465953,25.05827522277832,135177600,0.0,0.0
2016-08-17 00:00:00-04:00,24.994127917372026,25.055984209017407,24.820016176986197,25.02161979675293,101424000,0.0,0.0
2016-08-18 00:00:00-04:00,25.023908323076128,25.10867188261051,24.975797102774592,24.989543914794922,87938800,0.0,0.0
2016-08-19 00:00:00-04:00,24.918525646819003,25.12929321865578,24.8245981211078,25.053691864013672,101472400,0.0,0.0
2016-08-22 00:00:00-04:00,24.939145474693174,24.99412748465648,24.70776030048799,24.858963012695312,103280800,0.0,0.0
2016-08-23 00:00:00-04:00,24.877280935464995,25.044520084619776,24.863535874493316,24.936845779418945,85030800,0.0,0.0
2016-08-24 00:00:00-04:00,24.872709482253452,24.913946429015343,24.668816175443727,24.748998641967773,94700400,0.0,0.0
2016-08-25 00:00:00-04:00,24.602378775893236,24.71463422902995,24.439722415840986,24.64361572265625,100344800,0.0,0.0
2016-08-26 00:00:00-04:00,24.606964827283427,24.73067393580035,24.354960259960663,24.499290466308594,111065200,0.0,0.0
2016-08-29 00:00:00-04:00,24.425976077887384,24.613832881617334,24.350374721449985,24.47179412841797,99881200,0.0,0.0
2016-08-30 00:00:00-04:00,24.23812130719856,24.398486245353265,24.169392477791263,24.283939361572266,99455600,0.0,0.0
2016-08-31 00:00:00-04:00,24.206044657362554,24.414519045422956,24.201461803910494,24.30684471130371,118649600,0.0,0.0
2016-09-01 00:00:00-04:00,24.31600568032861,24.467208364417324,24.196877722920807,24.451171875,106806000,0.0,0.0
2016-09-02 00:00:00-04:00,24.673396867797713,24.742125693863773,24.471794991368803,24.68027114868164,107210000,0.0,0.0
2016-09-06 00:00:00-04:00,24.719213042785295,24.810850881486054,24.629866630709817,24.67339324951172,107521600,0.0,0.0
2016-09-07 00:00:00-04:00,24.703175111318515,24.916232331036756,24.52906340272657,24.824594497680664,169457200,0.0,0.0
2016-09-08 00:00:00-04:00,24.570306062223672,24.574887168427484,24.109827109562545,24.173973083496094,212008000,0.0,0.0
2016-09-09 00:00:00-04:00,23.972368262360416,24.219789915352393,23.626436233520508,23.626436233520508,186228000,0.0,0.0
2016-09-12 00:00:00-04:00,23.51647360323829,24.219791340326505,23.488981724228417,24.1556453704834,181171200,0.0,0.0
2016-09-13 00:00:00-04:00,24.629867062979635,24.92310675369148,24.568010777936287,24.730667114257812,248704800,0.0,0.0
2016-09-14 00:00:00-04:00,24.909364780125077,25.894466879100452,24.87958147331745,25.60580825805664,443554800,0.0,0.0
2016-09-15 00:00:00-04:00,26.08461404011325,26.51301997404146,25.99984872493112,26.476364135742188,359934400,0.0,0.0
2016-09-16 00:00:00-04:00,26.373269591145036,26.604652989154474,26.125847954854454,26.327449798583984,319547600,0.0,0.0
2016-09-19 00:00:00-04:00,26.389304955589807,26.616107238589027,25.944862599866273,26.020463943481445,188092000,0.0,0.0
2016-09-20 00:00:00-04:00,25.89904715329736,26.144177377111497,25.775336328029503,26.01817512512207,138057200,0.0,0.0
2016-09-21 00:00:00-04:00,26.08232456859692,26.114397555589942,25.759303271639574,26.01359748840332,144012800,0.0,0.0
2016-09-22 00:00:00-04:00,26.19686412045044,26.33203031168562,26.11668167540222,26.25872039794922,124296000,0.0,0.0
2016-09-23 00:00:00-04:00,26.212901766073433,26.297667067633842,25.555403939820497,25.821151733398438,209924800,0.0,0.0
2016-09-26 00:00:00-04:00,25.57602594110401,25.9769400009538,25.55540834270667,25.8601016998291,119477600,0.0,0.0
2016-09-27 00:00:00-04:00,25.887596967995265,25.92883391803515,25.736394235233423,25.908214569091797,98429600,0.0,0.0
2016-09-28 00:00:00-04:00,26.045669121932946,26.26330748633983,25.98610425724975,26.10523223876953,118564400,0.0,0.0
2016-09-29 00:00:00-04:00,25.92425212216763,26.070871996666934,25.61268445189491,25.699739456176758,143548000,0.0,0.0
2016-09-30 00:00:00-04:00,25.76388353428328,25.972359690758676,25.61268256453063,25.899049758911133,145516400,0.0,0.0
2016-10-03 00:00:00-04:00,25.82116013783521,25.899052933133607,25.722649740980888,25.777631759643555,86807200,0.0,0.0
2016-10-04 00:00:00-04:00,25.90134310568539,26.187710340615915,25.80283270695541,25.887598037719727,118947200,0.0,0.0
2016-10-05 00:00:00-04:00,25.979232223768342,26.03879708959655,25.816575867101815,25.899049758911133,85812400,0.0,0.0
2016-10-06 00:00:00-04:00,26.047953798814635,26.19457363153478,25.91737045567806,26.091482162475586,115117200,0.0,0.0
2016-10-07 00:00:00-04:00,26.18770747697811,26.24498091770134,26.0044335153718,26.130434036254883,97433600,0.0,0.0
2016-10-10 00:00:00-04:00,26.350362382885976,26.74669533984366,26.28163530652368,26.58633041381836,144944000,0.0,0.0
2016-10-11 00:00:00-04:00,26.964336066066327,27.191140157120522,26.62069541060492,26.643606185913086,256164000,0.0,0.0
2016-10-12 00:00:00-04:00,26.884144529965134,27.02847467520881,26.74668866370377,26.881853103637695,150347200,0.0,0.0
2016-10-13 00:00:00-04:00,26.75585860742008,26.904769890789296,26.510728370924866,26.799386978149414,140769600,0.0,0.0
2016-10-14 00:00:00-04:00,27.005567115980114,27.07200450459943,26.83374682577903,26.948293685913086,142608800,0.0,0.0
2016-10-17 00:00:00-04:00,26.879565077675206,26.99640160986492,26.753562839612247,26.92996597290039,94499600,0.0,0.0
2016-10-18 00:00:00-04:00,27.07429458343945,27.081167115049958,26.9070554069165,26.911638259887695,98214000,0.0,0.0
2016-10-19 00:00:00-04:00,26.861246330324505,26.97808465024159,26.070873470063514,26.831464767456055,80138400,0.0,0.0
2016-10-20 00:00:00-04:00,26.77188902244529,26.891016973390936,26.650469645179683,26.817707061767578,96503200,0.0,0.0
2016-10-21 00:00:00-04:00,26.760443161962247,26.783353937622838,26.639023741486966,26.71233367919922,92770800,0.0,0.0
2016-10-24 00:00:00-04:00,26.826874797028253,26.973494640922336,26.803965774141002,26.952877044677734,94154800,0.0,0.0
2016-10-25 00:00:00-04:00,27.021597509492675,27.115526752575228,26.874977701431217,27.0903263092041,192516000,0.0,0.0
2016-10-26 00:00:00-04:00,26.187703982096433,26.5061441301924,25.958610249777237,26.48094367980957,264536800,0.0,0.0
2016-10-27 00:00:00-04:00,26.435132307603702,26.542806668637947,26.139601108545957,26.22665786743164,138248000,0.0,0.0
2016-10-28 00:00:00-04:00,26.08691187471887,26.393896730570628,25.990691149471797,26.052547454833984,151446800,0.0,0.0
2016-10-31 00:00:00-04:00,26.036501489543532,26.16937626592226,25.933408267382227,26.011301040649414,105677600,0.0,0.0
2016-11-01 00:00:00-04:00,25.99297913354741,26.063997643480405,25.321734312392252,25.541664123535156,175303200,0.0,0.0
2016-11-02 00:00:00-04:00,25.521044755532166,25.738683124487448,25.482099236514344,25.564571380615234,113326800,0.0,0.0
2016-11-03 00:00:00-04:00,25.55536296570134,25.665891571470034,25.22607682644707,25.290552139282227,107730400,0.1425,0.0
2016-11-04 00:00:00-04:00,24.99120079131394,25.387265440271594,24.894487820797455,25.062583923339844,123348000,0.0,0.0
2016-11-07 00:00:00-05:00,25.348120894340145,25.447137060209464,25.205352868233966,25.424110412597656,130240000,0.0,0.0
2016-11-08 00:00:00-05:00,25.4010775974833,25.72575906993961,25.26061278757501,25.573780059814453,97016800,0.0,0.0
2016-11-09 00:00:00-05:00,25.302065296579254,25.63365463686349,24.88067255959203,25.53233528137207,236705600,0.0,0.0
2016-11-10 00:00:00-05:00,25.58069260933393,25.58069260933393,24.369473714367945,24.820802688598633,228538000,0.0,0.0
2016-11-11 00:00:00-05:00,24.666520869348684,25.069493334010403,24.53526705113169,24.96817398071289,136575600,0.0,0.0
2016-11-14 00:00:00-05:00,24.80238072992031,24.82540737785127,23.966501287964054,24.341840744018555,204702000,0.0,0.0
2016-11-15 00:00:00-05:00,24.539867203300282,24.795466974827097,24.44545744234022,24.664213180541992,129058000,0.0,0.0
2016-11-16 00:00:00-05:00,24.56980604412884,25.38266054531642,24.546779397604602,25.327394485473633,235362000,0.0,0.0
2016-11-17 00:00:00-05:00,25.285940527128584,25.410286500520794,25.06027697886951,25.318178176879883,110528000,0.0,0.0
2016-11-18 00:00:00-05:00,25.265224440138745,25.454045768065143,25.25140880245312,25.343515396118164,113715600,0.0,0.0
2016-11-21 00:00:00-05:00,25.35733256436925,25.787936332055246,25.332002724291176,25.72806739807129,117058400,0.0,0.0
2016-11-22 00:00:00-05:00,25.778725495506333,25.886952675330733,25.652078051081272,25.744186401367188,103862000,0.0,0.0
2016-11-23 00:00:00-05:00,25.64286094323088,25.677401785977857,25.405683183492684,25.612926483154297,109705600,0.0,0.0
2016-11-25 00:00:00-05:00,25.589901391862735,25.760302436292914,25.548452726571675,25.741880416870117,45903600,0.0,0.0
2016-11-28 00:00:00-05:00,25.658979771070893,25.898460722164202,25.64976876254958,25.69121742248535,108776000,0.0,0.0
2016-11-29 00:00:00-05:00,25.509309887065452,25.797147382192698,25.34581840065166,25.6658935546875,114115200,0.0,0.0
2016-11-30 00:00:00-05:00,25.698122397810938,25.836283996711312,25.391862986421415,25.449430465698242,144649200,0.0,0.0
2016-12-01 00:00:00-05:00,25.414892228714276,25.546146015557245,25.106329615983377,25.21225357055664,148347600,0.0,0.0
2016-12-02 00:00:00-05:00,25.13856949489034,25.350417422829416,25.064883182701955,25.30666732788086,106112000,0.0,0.0
2016-12-05 00:00:00-05:00,25.329695986355333,25.33660380416944,24.92672355020877,25.124755859375,137298000,0.0,0.0
2016-12-06 00:00:00-05:00,25.214557410796452,25.41258969173736,25.143174294464316,25.318178176879883,104782000,0.0,0.0
2016-12-07 00:00:00-05:00,25.159302122290075,25.603723317829555,25.13627547234508,25.566879272460938,119994800,0.0,0.0
2016-12-08 00:00:00-05:00,25.527726651799558,25.88925040096269,25.467855973231696,25.817867279052734,108273200,0.0,0.0
2016-12-09 00:00:00-05:00,25.86161902775977,26.411964099750527,25.86161902775977,26.239261627197266,137610400,0.0,0.0
2016-12-12 00:00:00-05:00,26.0872849736857,26.48104640947774,25.90306829593507,26.089588165283203,105497600,0.0,0.0
2016-12-13 00:00:00-05:00,26.213937240935365,26.692899286036468,26.193213783194057,26.524803161621094,174935200,0.0,0.0
2016-12-14 00:00:00-05:00,26.490262308564816,26.757374608103778,26.47644667007061,26.524803161621094,136127200,0.0,0.0
2016-12-15 00:00:00-05:00,26.56854531771756,26.879411145367662,26.534006231818875,26.669864654541016,186098000,0.0,0.0
2016-12-16 00:00:00-05:00,26.819547461531062,26.826455280511986,26.630726129829473,26.70441246032715,177404400,0.0,0.0
2016-12-19 00:00:00-05:00,26.66526242876879,27.02908763527047,26.653748227886037,26.858688354492188,111117600,0.0,0.0
2016-12-20 00:00:00-05:00,26.881706781033586,27.05671239138958,26.86789114965438,26.930063247680664,85700000,0.0,0.0
2016-12-21 00:00:00-05:00,26.895527737089903,27.033689339669525,26.890921354805865,26.95539665222168,95132800,0.0,0.0
2016-12-22 00:00:00-05:00,26.791905156495886,26.828749187403886,26.62841372218683,26.77808952331543,104343600,0.0,0.0
2016-12-23 00:00:00-05:00,26.616899772401222,26.831050872802734,26.616899772401222,26.831050872802734,56998000,0.0,0.0
2016-12-27 00:00:00-05:00,26.831056171390763,27.125803209159262,26.824148353371736,27.00145721435547,73187600,0.0,0.0
2016-12-28 00:00:00-05:00,27.061325932682575,27.176460916964754,26.757369644450435,26.886322021484375,83623600,0.0,0.0
2016-12-29 00:00:00-05:00,26.814930830925345,26.966909817713006,26.803418389296596,26.87940788269043,60158000,0.0,0.0
2016-12-30 00:00:00-05:00,26.860989128341537,26.987636542550618,26.58005951756395,26.669864654541016,122345200,0.0,0.0
2017-01-03 00:00:00-05:00,26.665263101019615,26.78730590344384,26.42578212254811,26.74585723876953,115127600,0.0,0.0
2017-01-04 00:00:00-05:00,26.67677783289385,26.828756868671924,26.6537511853937,26.715923309326172,84472400,0.0,0.0
2017-01-05 00:00:00-05:00,26.692895000634792,26.909349338670825,26.66756516291481,26.851781845092773,88774400,0.0,0.0
2017-01-06 00:00:00-05:00,26.890922619062124,27.20869625243724,26.819539501684314,27.1511287689209,127007600,0.0,0.0
2017-01-09 00:00:00-05:00,27.160345045613802,27.50114540918331,27.158043610588383,27.399826049804688,134247600,0.0,0.0
2017-01-10 00:00:00-05:00,27.34915939598723,27.489624196826544,27.24093400230956,27.427452087402344,97848400,0.0,0.0
2017-01-11 00:00:00-05:00,27.342257829577566,27.616279676942654,27.310020171866448,27.574831008911133,110354400,0.0,0.0
2017-01-12 00:00:00-05:00,27.379097868845456,27.471206201765387,27.220211038479082,27.459692001342773,108344800,0.0,0.0
2017-01-13 00:00:00-05:00,27.427453817642654,27.544891983763733,27.3583721300843,27.411334991455078,104447600,0.0,0.0
2017-01-17 00:00:00-05:00,27.25014581943833,27.687659088321013,27.2225145490127,27.632394790649414,137759200,0.0,0.0
2017-01-18 00:00:00-05:00,27.632397719917982,27.74753271041764,27.56561921460972,27.630094528198242,94852000,0.0,0.0
2017-01-19 00:00:00-05:00,27.494235559650775,27.653120648879817,27.48732774144349,27.581737518310547,102389200,0.0,0.0
2017-01-20 00:00:00-05:00,27.736015568386208,27.736015568386208,27.570222675371404,27.632394790649414,130391600,0.0,0.0
2017-01-23 00:00:00-05:00,27.632399664377807,27.818917799929746,27.579436792019994,27.650821685791016,88200800,0.0,0.0
2017-01-24 00:00:00-05:00,27.528771515197217,27.655418925737962,27.517257315684336,27.625484466552734,92844000,0.0,0.0
2017-01-25 00:00:00-05:00,27.729109851222866,28.11596347786842,27.69687219540411,28.065303802490234,129510400,0.0,0.0
2017-01-26 00:00:00-05:00,28.016946760417436,28.194255620707516,28.000827932829285,28.079120635986328,105350400,0.0,0.0
2017-01-27 00:00:00-05:00,28.125172752987556,28.173529233733234,28.00082676386137,28.0814208984375,82251600,0.0,0.0
2017-01-30 00:00:00-05:00,27.846546031181685,28.007734298706055,27.784373915656673,28.007734298706055,121510000,0.0,0.0
2017-01-31 00:00:00-05:00,27.89720499791373,27.952469294408267,27.775162204612315,27.94325828552246,196804000,0.0,0.0
2017-02-01 00:00:00-05:00,29.2511960093045,30.047931706017216,29.246591382590463,29.647260665893555,447940000,0.0,0.0
2017-02-02 00:00:00-05:00,29.469952146814403,29.794631897723733,29.423897097763813,29.596599578857422,134841600,0.0,0.0
2017-02-03 00:00:00-05:00,29.54593677509147,29.748575455818408,29.511397687986015,29.72324562072754,98029200,0.0,0.0
2017-02-06 00:00:00-05:00,29.73475495853248,30.050223614643237,29.681790348777806,30.00186538696289,107383600,0.0,0.0
2017-02-07 00:00:00-05:00,30.05943840086554,30.416357534095017,30.03871494817471,30.28740692138672,152735200,0.0,0.0
2017-02-08 00:00:00-05:00,30.245968551013664,30.446302344171244,30.216032324029964,30.40485191345215,92016400,0.0,0.0
2017-02-09 00:00:00-05:00,30.446474171247278,30.63148954064726,30.323902238905653,30.62455177307129,113399600,0.1425,0.0
2017-02-10 00:00:00-05:00,30.633803971878972,30.74481178011904,30.5389831114215,30.5551700592041,80262000,0.0,0.0
2017-02-13 00:00:00-05:00,30.777195505530404,30.948335371963452,30.700876518967366,30.825759887695312,92141600,0.0,0.0
2017-02-14 00:00:00-05:00,30.86737501265075,31.24202846543826,30.816495713028544,31.225841522216797,132904800,0.0,0.0
2017-02-15 00:00:00-05:00,31.341493027694728,31.51494431923625,31.133349360519563,31.33917808532715,142492400,0.0,0.0
2017-02-16 00:00:00-05:00,31.37617191834929,31.42936264279203,31.18421879315438,31.302167892456055,90338400,0.0,0.0
2017-02-17 00:00:00-05:00,31.244348244991187,31.41317311322332,31.244348244991187,31.387733459472656,88792800,0.0,0.0
2017-02-21 00:00:00-05:00,31.505681585032608,31.62594209699634,31.44786450624468,31.614377975463867,98028800,0.0,0.0
2017-02-22 00:00:00-05:00,31.55194130441905,31.7115170406935,31.477937262724854,31.709205627441406,83347600,0.0,0.0
2017-02-23 00:00:00-05:00,31.771645109824725,31.79476982608597,31.52187488362987,31.57506561279297,83152800,0.0,0.0
2017-02-24 00:00:00-05:00,31.43166851872498,31.605119705200195,31.285968392846303,31.605119705200195,87106400,0.0,0.0
2017-02-27 00:00:00-05:00,31.7161361049175,31.785517304157608,31.51724521582886,31.66756820678711,81029600,0.0,0.0
2017-02-28 00:00:00-05:00,31.7022651015696,31.785521846781478,31.614382001380704,31.68145179748535,93931600,0.0,0.0
2017-03-01 00:00:00-05:00,31.889597672282996,32.412262955360646,31.82253139290543,32.32900619506836,145658400,0.0,0.0
2017-03-02 00:00:00-05:00,32.377556623929394,32.442311454867365,32.09078270915152,32.13703918457031,104844000,0.0,0.0
2017-03-03 00:00:00-05:00,32.09541095450349,32.33824334927274,32.05146941758944,32.32667922973633,84432400,0.0,0.0
2017-03-06 00:00:00-05:00,32.23186376197643,32.32437320481221,32.05378970115708,32.22492599487305,87000000,0.0,0.0
2017-03-07 00:00:00-05:00,32.160174612332,32.37294106045336,32.097731172803236,32.26655960083008,69785200,0.0,0.0
2017-03-08 00:00:00-05:00,32.13472951938341,32.33130898556702,32.104667040073856,32.14629364013672,74828800,0.0,0.0
2017-03-09 00:00:00-05:00,32.08617520915662,32.097735804659074,31.695331095765436,32.072296142578125,88623600,0.0,0.0
2017-03-10 00:00:00-05:00,32.204108628289255,32.229548280748425,32.0630348335382,32.17866897583008,78451200,0.0,0.0
2017-03-13 00:00:00-04:00,32.11160886143455,32.24574138671217,32.10467109388138,32.19255065917969,69686800,0.0,0.0
2017-03-14 00:00:00-04:00,32.215678364390186,32.29662016078054,32.109293382231215,32.143985748291016,61236400,0.0,0.0
2017-03-15 00:00:00-04:00,32.241119113457266,32.55101783239167,32.15323601777822,32.483951568603516,102767200,0.0,0.0
2017-03-16 00:00:00-04:00,32.54408529075881,32.613466507495595,32.43770028791237,32.537147521972656,76928000,0.0,0.0
2017-03-17 00:00:00-04:00,32.608827648937776,32.608827648937776,32.35211971565288,32.375247955322266,175540000,0.0,0.0
2017-03-20 00:00:00-04:00,32.47007021069586,32.72446677028318,32.43075502037318,32.71521759033203,86168000,0.0,0.0
2017-03-21 00:00:00-04:00,32.865544862425665,33.02512058613141,32.31512506851309,32.3405647277832,158119600,0.0,0.0
2017-03-22 00:00:00-04:00,32.34288504947128,32.747604723167115,32.32206821287868,32.70597457885742,103440800,0.0,0.0
2017-03-23 00:00:00-04:00,32.66896241505103,32.74296997312818,32.51863941490938,32.59033203125,81385200,0.0,0.0
2017-03-24 00:00:00-04:00,32.72446844862359,32.77997411780058,32.4585112826758,32.525577545166016,89582400,0.0,0.0
2017-03-27 00:00:00-04:00,32.23649410452276,32.6597155945606,32.05841649279786,32.581085205078125,94300400,0.0,0.0
2017-03-28 00:00:00-04:00,32.58802422391429,33.31189176374392,32.520954425876965,33.25638961791992,133499200,0.0,0.0
2017-03-29 00:00:00-04:00,33.22862849626748,33.41595878829196,33.11530928486144,33.330387115478516,116760000,0.0,0.0
2017-03-30 00:00:00-04:00,33.34657763576764,33.418270246070115,33.18700193986894,33.28644561767578,84829200,0.0,0.0
2017-03-31 00:00:00-04:00,33.23788600326598,33.36508429564354,33.07368392967407,33.2240104675293,78646800,0.0,0.0
2017-04-03 00:00:00-04:00,33.2355722354098,33.33038956585056,33.082934295371665,33.23325729370117,79942800,0.0,0.0
2017-04-04 00:00:00-04:00,33.12918408536911,33.50846395747771,33.11068219784257,33.480712890625,79565600,0.0,0.0
2017-04-05 00:00:00-04:00,33.35351919607748,33.64029319877768,33.25869833282079,33.30726623535156,110871600,0.0,0.0
2017-04-06 00:00:00-04:00,33.36970712163922,33.4229013804629,33.17544256357612,33.2240104675293,84596000,0.0,0.0
2017-04-07 00:00:00-04:00,33.24020368344212,33.344273749963605,33.13382220348699,33.15000915527344,66688800,0.0,0.0
2017-04-10 00:00:00-04:00,33.21013830155154,33.27489316080977,33.04824762453078,33.11069107055664,75733600,0.0,0.0
2017-04-11 00:00:00-04:00,33.05750818162468,33.15232907978601,32.39145400959036,32.754547119140625,121517600,0.0,0.0
2017-04-12 00:00:00-04:00,32.74759317546245,32.87478791924265,32.61114219450171,32.793846130371094,81400000,0.0,0.0
2017-04-13 00:00:00-04:00,32.81929806098147,32.92799448655558,32.62040710449219,32.62040710449219,71291600,0.0,0.0
2017-04-17 00:00:00-04:00,32.71985115992045,32.81236063418109,32.57877729943914,32.80079650878906,66328400,0.0,0.0
2017-04-18 00:00:00-04:00,32.70364295677926,32.84933954964385,32.63426177838629,32.65507507324219,58790000,0.0,0.0
2017-04-19 00:00:00-04:00,32.81234916826621,32.840100236409285,32.4816336477722,32.53482437133789,69313600,0.0,0.0
2017-04-20 00:00:00-04:00,32.65970121904781,33.05285652228359,32.64582568923188,32.94184875488281,93278400,0.0,0.0
2017-04-21 00:00:00-04:00,32.941861121150126,32.997363261249184,32.8054136549071,32.90254592895508,69283600,0.0,0.0
2017-04-24 00:00:00-04:00,33.187002003273776,33.29107203548828,33.112994451288344,33.21937942504883,68537200,0.0,0.0
2017-04-25 00:00:00-04:00,33.28182761870944,33.51078101657076,33.272574908950006,33.42521286010742,75486000,0.0,0.0
2017-04-26 00:00:00-04:00,33.411341683714326,33.44140770104317,33.15926000743867,33.2286376953125,80164800,0.0,0.0
2017-04-27 00:00:00-04:00,33.28412483847564,33.33963048673875,33.14305107023772,33.254058837890625,56985200,0.0,0.0
2017-04-28 00:00:00-04:00,33.32344209927125,33.37200998564693,33.13380396471171,33.221683502197266,83441600,0.0,0.0
2017-05-01 00:00:00-04:00,33.55703116098302,34.042692465256124,33.52465374069815,33.89930725097656,134411600,0.0,0.0
2017-05-02 00:00:00-04:00,34.121332910219344,34.2485312163374,33.95944576101237,34.11439514160156,181408800,0.0,0.0
2017-05-03 00:00:00-04:00,33.670357818144886,34.1097697951006,33.365085434890055,34.01032257080078,182788000,0.0,0.0
2017-05-04 00:00:00-04:00,33.88544493418944,34.02883020439361,33.72124282728181,33.88775634765625,93487600,0.0,0.0
2017-05-05 00:00:00-04:00,33.94093680090705,34.45435274496605,33.94093680090705,34.449729919433594,109310800,0.0,0.0
2017-05-08 00:00:00-04:00,34.46592078324636,35.54594351871682,34.46592078324636,35.38636779785156,195009600,0.0,0.0
2017-05-09 00:00:00-04:00,35.58525580803918,35.81883907325609,35.488123535633214,35.61301040649414,156521600,0.0,0.0
2017-05-10 00:00:00-04:00,35.52976268003735,35.601455313885985,35.178233751073414,35.444190979003906,103222800,0.0,0.0
2017-05-11 00:00:00-04:00,35.40237901200923,35.7785825048383,35.36986794901809,35.75071334838867,109020400,0.1575,0.0
2017-05-12 00:00:00-04:00,35.924874437570665,36.32429802583939,35.9179080354971,36.2499885559082,130108000,0.0,0.0
2017-05-15 00:00:00-04:00,36.229089201289476,36.37771169851884,36.00615722716537,36.157100677490234,104038800,0.0,0.0
2017-05-16 00:00:00-04:00,36.212832310904176,36.24069791939979,35.92952014640026,36.10368728637695,80194000,0.0,0.0
2017-05-17 00:00:00-04:00,35.669435173615554,35.89469164682741,34.766088327646294,34.89148712158203,203070800,0.0,0.0
2017-05-18 00:00:00-04:00,35.12836206645458,35.60906166779874,35.09585099942377,35.423282623291016,134272800,0.0,0.0
2017-05-19 00:00:00-04:00,35.61834607216179,35.75767767254821,35.444178914098835,35.54403305053711,107843200,0.0,0.0
2017-05-22 00:00:00-04:00,35.76232308936414,35.89701278335505,35.50920100363772,35.76000213623047,91865600,0.0,0.0
2017-05-23 00:00:00-04:00,35.97131671775423,35.97131671775423,35.602083250330374,35.71587371826172,79675600,0.0,0.0
2017-05-24 00:00:00-04:00,35.725173656429966,35.80180764630263,35.45347326148539,35.60906219482422,76712000,0.0,0.0
2017-05-25 00:00:00-04:00,35.69962852032095,35.84360914034475,35.537073184913964,35.732139587402344,76942400,0.0,0.0
2017-05-26 00:00:00-04:00,35.76232735024439,35.818062123052115,35.602092978932454,35.67176055908203,87710400,0.0,0.0
2017-05-30 00:00:00-04:00,35.6276246842982,35.86216845728879,35.60672548088537,35.6856803894043,80507600,0.0,0.0
2017-05-31 00:00:00-04:00,35.755364163055475,35.801808039519756,35.38613056151959,35.47437286376953,97804800,0.0,0.0
2017-06-01 00:00:00-04:00,35.569582275325985,35.6067387909086,35.34897122214482,35.571903228759766,65616400,0.0,0.0
2017-06-02 00:00:00-04:00,35.66478539358253,36.09904098510742,35.50455106163563,36.09904098510742,111082800,0.0,0.0
2017-06-05 00:00:00-04:00,35.841275455696355,35.86682011210074,35.63692174790094,35.746063232421875,101326800,0.0,0.0
2017-06-06 00:00:00-04:00,35.73910180396234,36.18264837987697,35.71123619071204,35.866825103759766,106499600,0.0,0.0
2017-06-07 00:00:00-04:00,35.99919134332844,36.22212332066588,35.87378900556623,36.080467224121094,84278400,0.0,0.0
2017-06-08 00:00:00-04:00,36.05259849937361,36.11994156869703,35.855207653820855,35.99222183227539,85003200,0.0,0.0
2017-06-09 00:00:00-04:00,36.03867890361753,36.03867890361753,33.909194952599776,34.59657287597656,259530800,0.0,0.0
2017-06-12 00:00:00-04:00,33.84416088591062,33.92543676083212,33.094078496969885,33.76984786987305,289229200,0.0,0.0
2017-06-13 00:00:00-04:00,34.173922248975565,34.241265329747584,33.707151959897104,34.04155349731445,136661600,0.0,0.0
2017-06-14 00:00:00-04:00,34.25288882633257,34.25288882633257,33.4029518870634,33.70948791503906,126124800,0.0,0.0
2017-06-15 00:00:00-04:00,33.28219708738648,33.55157303411702,33.02442945416785,33.507450103759766,128661600,0.0,0.0
2017-06-16 00:00:00-04:00,33.38900055920638,33.55620129202588,33.02208803682132,33.03834533691406,201444400,0.0,0.0
2017-06-19 00:00:00-04:00,33.36114945126553,34.07639655398497,33.36114945126553,33.98350524902344,130165600,0.0,0.0
2017-06-20 00:00:00-04:00,34.10657151739421,34.10657151739421,33.65838308263558,33.67463684082031,99600400,0.0,0.0
2017-06-21 00:00:00-04:00,33.79308322790719,33.9208065536216,33.58175950203796,33.874359130859375,85063200,0.0,0.0
2017-06-22 00:00:00-04:00,33.85114129061045,34.06710693885357,33.700194243135414,33.81863021850586,76425200,0.0,0.0
2017-06-23 00:00:00-04:00,33.70251899058579,34.173931311321,33.69787353926749,33.969573974609375,141757600,0.0,0.0
2017-06-26 00:00:00-04:00,34.17624215179792,34.434009700347254,33.76056473956652,33.86274337768555,102769600,0.0,0.0
2017-06-27 00:00:00-04:00,33.67464449999742,33.94170298522307,33.35185478153137,33.37739944458008,99047600,0.0,0.0
2017-06-28 00:00:00-04:00,33.5538811279786,33.9300810139464,33.2450243099109,33.86505889892578,88329600,0.0,0.0
2017-06-29 00:00:00-04:00,33.604976532064576,33.702509722280126,33.04067305735441,33.36578369140625,125997600,0.0,0.0
2017-06-30 00:00:00-04:00,33.544598259420724,33.663034209976,33.389009336702564,33.44474411010742,92096400,0.0,0.0
2017-07-03 00:00:00-04:00,33.644443234292474,33.74197639330235,33.2310868989196,33.323974609375,57111200,0.0,0.0
2017-07-05 00:00:00-04:00,33.36811078774491,33.623553864846315,33.14285427965996,33.46099853515625,86278400,0.0,0.0
2017-07-06 00:00:00-04:00,33.212507274266294,33.323973230889656,33.07085121844621,33.14516067504883,96515200,0.0,0.0
2017-07-07 00:00:00-04:00,33.184639080858084,33.61425270902256,33.184639080858084,33.48188400268555,76806800,0.0,0.0
2017-07-10 00:00:00-04:00,33.46564913178166,33.89293850508548,33.29380287486033,33.68626022338867,84362400,0.0,0.0
2017-07-11 00:00:00-04:00,33.609623475225916,33.86971556488356,33.52834757625345,33.79540252685547,79127200,0.0,0.0
2017-07-12 00:00:00-04:00,33.87434091434323,33.946329420094415,33.63050979317024,33.844154357910156,99538000,0.0,0.0
2017-07-13 00:00:00-04:00,33.78842773656827,34.48277539662131,33.77449493125614,34.315574645996094,100797600,0.0,0.0
2017-07-14 00:00:00-04:00,34.362008519730395,34.67783167424964,34.21338606721773,34.6104850769043,80528400,0.0,0.0
2017-07-17 00:00:00-04:00,34.55941190824262,35.04243239726825,34.50135618621704,34.73125457763672,95174000,0.0,0.0
2017-07-18 00:00:00-04:00,34.64766293668812,34.86363211969431,34.524585058420435,34.852020263671875,71475200,0.0,0.0
2017-07-19 00:00:00-04:00,34.94489871378533,35.16318879245551,34.821820868312145,35.0703010559082,83692000,0.0,0.0
2017-07-20 00:00:00-04:00,35.18175955795589,35.23749431408188,34.877548210576656,34.91238021850586,68974800,0.0,0.0
2017-07-21 00:00:00-04:00,34.831115107044496,34.93561470653786,34.57334753845936,34.89613723754883,105010400,0.0,0.0
2017-07-24 00:00:00-04:00,34.968116144805755,35.40005077477844,34.81020276888402,35.31877136230469,85972800,0.0,0.0
2017-07-25 00:00:00-04:00,35.25143647237522,35.72516962312926,35.25143647237522,35.4697265625,75415600,0.0,0.0
2017-07-26 00:00:00-04:00,35.611376273137715,35.74606241096791,35.54402966078306,35.63692092895508,63124000,0.0,0.0
2017-07-27 00:00:00-04:00,35.704265786046555,35.76000054974113,34.20642900322231,34.96347427368164,129905200,0.0,0.0
2017-07-28 00:00:00-04:00,34.80789391648992,34.8868488601785,34.64533857847206,34.71732711791992,68854800,0.0,0.0
2017-07-31 00:00:00-04:00,34.81021356914964,34.91007126526908,34.39918156054586,34.53851318359375,79383600,0.0,0.0
2017-08-01 00:00:00-04:00,34.62443974039623,34.88452828403903,34.464205354244626,34.84505081176758,141474400,0.0,0.0
2017-08-02 00:00:00-04:00,36.98845764372018,37.09760267371583,36.26392343901686,36.49150085449219,279747200,0.0,0.0
2017-08-03 00:00:00-04:00,36.47059999571203,36.50775650284509,35.9991878847099,36.12691116333008,108389200,0.0,0.0
2017-08-04 00:00:00-04:00,36.24302374823534,36.55187703625577,36.15477792683541,36.31733322143555,82239600,0.0,0.0
2017-08-07 00:00:00-04:00,36.472928161695805,36.90486289808057,36.38236137229772,36.87931823730469,87481200,0.0,0.0
2017-08-08 00:00:00-04:00,36.83054745286933,37.58062630745681,36.75391348294212,37.17423629760742,144823600,0.0,0.0
2017-08-09 00:00:00-04:00,36.98382673593992,37.450597145794674,36.948994709879614,37.40182876586914,104526000,0.0,0.0
2017-08-10 00:00:00-04:00,37.27824913516524,37.301564035629255,36.04963143103684,36.21049499511719,163217200,0.1575,0.0
2017-08-11 00:00:00-04:00,36.50891694333438,36.968192857393895,36.385355764156465,36.714073181152344,105028400,0.0,0.0
2017-08-14 00:00:00-04:00,37.143036593215776,37.35052641481978,37.010148054874364,37.266597747802734,88490800,0.0,0.0
2017-08-15 00:00:00-04:00,37.45544754110693,37.814473661034796,37.334216417589246,37.67459487915039,117862000,0.0,0.0
2017-08-16 00:00:00-04:00,37.75386082862469,37.886745852628806,37.33654742570881,37.52305603027344,110686400,0.0,0.0
2017-08-17 00:00:00-04:00,37.42280135501694,37.46709753887228,36.797998203410614,36.80266189575195,111762400,0.0,0.0
2017-08-18 00:00:00-04:00,36.80266342005648,37.185004388718376,36.53688986327145,36.71873474121094,109712400,0.0,0.0
2017-08-21 00:00:00-04:00,36.71874585978823,36.809668326289646,36.161553604591084,36.65113830566406,105474000,0.0,0.0
2017-08-22 00:00:00-04:00,36.88892637280111,37.301576053957554,36.83997004634937,37.25028610229492,86418400,0.0,0.0
2017-08-23 00:00:00-04:00,37.084763132284614,37.41115050669359,37.04046694061006,37.296913146972656,77596400,0.0,0.0
2017-08-24 00:00:00-04:00,37.401811820626165,37.47408659209715,36.96352084417168,37.131378173828125,79275600,0.0,0.0
2017-08-25 00:00:00-04:00,37.21997246525724,37.43212600451109,37.13138365295572,37.2689323425293,101920400,0.0,0.0
2017-08-28 00:00:00-04:00,37.334198394234235,37.767829167713245,37.28523853192924,37.64426803588867,103864000,0.0,0.0
2017-08-29 00:00:00-04:00,37.32487993147503,38.028944410128425,37.301565030389256,37.97998809814453,118067600,0.0,0.0
2017-08-30 00:00:00-04:00,38.18748671607475,38.20846799747685,37.91005569301831,38.082576751708984,109078400,0.0,0.0
2017-08-31 00:00:00-04:00,38.15018691185141,38.355346719281485,38.11288448189038,38.23411560058594,107140400,0.0,0.0
2017-09-01 00:00:00-04:00,38.420632119313794,38.45327086292426,38.14786471399281,38.24578094482422,66364400,0.0,0.0
2017-09-05 00:00:00-04:00,38.175822255773944,38.29238965197478,37.432121698835864,37.7864875793457,117874000,0.0,0.0
2017-09-06 00:00:00-04:00,37.93337290983247,37.99865038307383,37.42280702048679,37.746864318847656,86606800,0.0,0.0
2017-09-07 00:00:00-04:00,37.788843164000596,37.82381554088914,37.38552069685657,37.595340728759766,87714000,0.0,0.0
2017-09-08 00:00:00-04:00,37.5020751249606,37.56968267165352,36.95887045395499,36.98218536376953,114446000,0.0,0.0
2017-09-11 00:00:00-04:00,37.41814838326752,37.7795081601223,37.275935963628775,37.651283264160156,126323200,0.0,0.0
2017-09-12 00:00:00-04:00,37.910065072539304,38.2247986008617,37.01482793766853,37.502079010009766,286856000,0.0,0.0
2017-09-13 00:00:00-04:00,37.271272105375175,37.292256948153394,36.81432973296265,37.2199821472168,179629600,0.0,0.0
2017-09-14 00:00:00-04:00,37.066100994154894,37.16168355305076,36.85627755184762,36.90057373046875,95042800,0.0,0.0
2017-09-15 00:00:00-04:00,36.944869191475775,37.52770614652858,36.83529555933749,37.273590087890625,196458400,0.0,0.0
2017-09-18 00:00:00-04:00,37.32721170963351,37.41813413626858,36.835297155952865,36.99149703979492,113077600,0.0,0.0
2017-09-19 00:00:00-04:00,37.1873342261794,37.24795155668751,36.93788181613128,37.005489349365234,83242400,0.0,0.0
2017-09-20 00:00:00-04:00,36.811982819355215,36.89591148810429,35.863126050647985,36.38534927368164,211805600,0.0,0.0
2017-09-21 00:00:00-04:00,36.322418870932424,36.322418870932424,35.61135669998519,35.760562896728516,150046800,0.0,0.0
2017-09-22 00:00:00-04:00,35.32925571428282,35.49944672624575,35.10078454369383,35.41085433959961,186581600,0.0,0.0
2017-09-25 00:00:00-04:00,34.967887169131245,35.39685431346478,34.77438487354119,35.09844207763672,177549200,0.0,0.0
2017-09-26 00:00:00-04:00,35.385203191175236,35.88411157067662,35.364221910846254,35.702266693115234,146640000,0.0,0.0
2017-09-27 00:00:00-04:00,35.85614409323959,36.070627749004665,35.79552674969661,35.956390380859375,102016800,0.0,0.0
2017-09-28 00:00:00-04:00,35.877117626679286,35.96804006499396,35.59968661923437,35.73490524291992,88022000,0.0,0.0
2017-09-29 00:00:00-04:00,35.71858277155957,35.933066351659704,35.43648811018328,35.93073272705078,105199200,0.0,0.0
2017-10-02 00:00:00-04:00,35.963377062526,36.00767324874679,35.604350994879546,35.85846710205078,74795200,0.0,0.0
2017-10-03 00:00:00-04:00,35.905086250211006,36.15687223993574,35.88177490658272,36.0146598815918,64921200,0.0,0.0
2017-10-04 00:00:00-04:00,35.81650464609564,35.87012466029969,35.543737325116126,35.781532287597656,80655200,0.0,0.0
2017-10-05 00:00:00-04:00,35.944723398593304,36.23847553672031,35.914418292210044,36.2268180847168,85135200,0.0,0.0
2017-10-06 00:00:00-04:00,36.12890233441458,36.25013343349978,36.03331620710981,36.20583724975586,69630400,0.0,0.0
2017-10-09 00:00:00-04:00,36.32474375675449,36.53922741163713,36.250142447704626,36.33173751831055,65051600,0.0,0.0
2017-10-10 00:00:00-04:00,36.383013172934284,36.83529521500408,36.15920577640464,36.34571075439453,62468000,0.0,0.0
2017-10-11 00:00:00-04:00,36.36203480795128,36.59749967379712,36.31074486769104,36.49725341796875,67622400,0.0,0.0
2017-10-12 00:00:00-04:00,36.45063242766684,36.6884273951515,36.30608641273993,36.36903381347656,64500400,0.0,0.0
2017-10-13 00:00:00-04:00,36.539220924304615,36.66744579232641,36.46461962849979,36.59983825683594,65576800,0.0,0.0
2017-10-16 00:00:00-04:00,36.81198065819359,37.30156512337973,36.75369696268831,37.273590087890625,96486000,0.0,0.0
2017-10-17 00:00:00-04:00,37.25028066416653,37.50439676017066,37.12205580372936,37.4111442565918,75989200,0.0,0.0
2017-10-18 00:00:00-04:00,37.399486745122914,37.46709783386233,37.208318045882265,37.2456169128418,65496800,0.0,0.0
2017-10-19 00:00:00-04:00,36.54387941369388,36.620814323552636,36.140557211120395,36.36436462402344,170336800,0.0,0.0
2017-10-20 00:00:00-04:00,36.51125490425713,36.77702853393554,36.35971865019761,36.42732620239258,95896400,0.0,0.0
2017-10-23 00:00:00-04:00,36.576529724267324,36.76303833231093,36.25247239626695,36.40867233276367,87937200,0.0,0.0
2017-10-24 00:00:00-04:00,36.43663846459762,36.70008194240806,36.41565718513173,36.62548065185547,71028800,0.0,0.0
2017-10-25 00:00:00-04:00,36.581182267992716,36.730388397479196,36.19884133884892,36.46461486816406,84828400,0.0,0.0
2017-10-26 00:00:00-04:00,36.65579921864511,36.79568158115908,36.55088922543775,36.6977653503418,68002000,0.0,0.0
2017-10-27 00:00:00-04:00,37.13605250403111,38.140866798874264,36.998503782174275,38.01264190673828,177816800,0.0,0.0
2017-10-30 00:00:00-04:00,38.20846834005119,39.18297380971977,38.16883584459568,38.86824035644531,178803200,0.0,0.0
2017-10-31 00:00:00-04:00,39.14332987486318,39.55131575795525,38.91952246825695,39.40910339355469,144187200,0.0,0.0
2017-11-01 00:00:00-04:00,39.60261203671337,39.618933182180236,38.609458951518015,38.90787124633789,134551200,0.0,0.0
2017-11-02 00:00:00-04:00,38.840270334705004,39.28322515985603,38.53253060218308,39.19230270385742,165573600,0.0,0.0
2017-11-03 00:00:00-04:00,40.56546922766644,40.62608301597917,39.89403963313046,40.21576690673828,237594400,0.0,0.0
2017-11-06 00:00:00-05:00,40.18545033681438,40.796266023002474,40.033914117133875,40.62374496459961,140105200,0.0,0.0
2017-11-07 00:00:00-05:00,40.54448682935728,40.856886707046606,40.47221558752603,40.75430679321289,97446000,0.0,0.0
2017-11-08 00:00:00-05:00,40.71933116489338,41.087684631347656,40.64239624240402,41.087684631347656,97638000,0.0,0.0
2017-11-09 00:00:00-05:00,40.82424265097337,41.05504742704472,40.36496672397675,41.00375747680664,117930400,0.0,0.0
2017-11-10 00:00:00-05:00,40.97099827789114,41.0341719661069,40.77446188137926,40.86804962158203,100582000,0.1575,0.0
2017-11-13 00:00:00-05:00,40.59429804615229,40.82827094555374,40.570899328154894,40.70426559448242,67928400,0.0,0.0
2017-11-14 00:00:00-05:00,40.486666151409715,40.589614791274506,40.05147644570856,40.08891296386719,99130000,0.0,0.0
2017-11-15 00:00:00-05:00,39.76838594671788,39.85027791417302,39.396369781718285,39.560150146484375,116632400,0.0,0.0
2017-11-16 00:00:00-05:00,40.051482941483414,40.21292482835104,39.8455891985037,40.03276824951172,94550000,0.0,0.0
2017-11-17 00:00:00-05:00,40.018721569317975,40.100613508945926,39.691160951092115,39.81048583984375,87598000,0.0,0.0
2017-11-20 00:00:00-05:00,39.8432486578885,39.90642234859549,39.67244941871851,39.77071762084961,65049600,0.0,0.0
2017-11-21 00:00:00-05:00,39.95789080987073,40.64109123634763,39.95789080987073,40.510066986083984,100525200,0.0,0.0
2017-11-22 00:00:00-05:00,40.56154356019002,40.945258987322624,40.48901252977826,40.9359016418457,102355600,0.0,0.0
2017-11-24 00:00:00-05:00,40.96866148932631,41.06224923331061,40.86337081466449,40.9382438659668,56106800,0.0,0.0
2017-11-27 00:00:00-05:00,40.956964995235396,40.96398389801827,40.55686968589246,40.73234939575195,82867200,0.0,0.0
2017-11-28 00:00:00-05:00,40.78148383440733,40.91484655268083,40.210589294086674,40.49369812011719,105715200,0.0,0.0
2017-11-29 00:00:00-05:00,40.39074142106722,40.45859198877118,39.110909418349486,39.653724670410156,166665600,0.0,0.0
2017-11-30 00:00:00-05:00,39.876011013279204,40.27610635732272,39.41040709429522,40.208255767822266,166108800,0.0,0.0
2017-12-01 00:00:00-05:00,39.76369314346366,40.16612681204002,39.424433156736974,40.02106475830078,159037200,0.0,0.0
2017-12-04 00:00:00-05:00,40.35566071283237,40.388416788949044,39.68883982685469,39.728614807128906,130169600,0.0,0.0
2017-12-05 00:00:00-05:00,39.555461202335145,40.131036155210275,39.40103821861945,39.691165924072266,109400800,0.0,0.0
2017-12-06 00:00:00-05:00,39.19046438055372,39.82219055504739,38.9471341128749,39.54376220703125,114240000,0.0,0.0
2017-12-07 00:00:00-05:00,39.54844452577864,39.878347217695996,39.52036891630265,39.61629867553711,102693200,0.0,0.0
2017-12-08 00:00:00-05:00,39.89003513035818,40.009360006529825,39.49930087333141,39.62798309326172,93420800,0.0,0.0
2017-12-11 00:00:00-05:00,39.58821818751698,40.451578851805564,39.49228843145303,40.40010452270508,141095200,0.0,0.0
2017-12-12 00:00:00-05:00,40.27843238274499,40.33458716270803,40.11699408436946,40.17314529418945,77636800,0.0,0.0
2017-12-13 00:00:00-05:00,40.36032751036392,40.60365776912856,40.243341053812145,40.306514739990234,95273600,0.0,0.0
2017-12-14 00:00:00-05:00,40.33693229251941,40.50773510441506,40.16145259245889,40.29481887817383,81906000,0.0,0.0
2017-12-15 00:00:00-05:00,40.62471566552028,40.75105946033409,40.35096780163774,40.70426559448242,160677200,0.0,0.0
2017-12-18 00:00:00-05:00,40.91718344380719,41.45999873588689,40.91250298598988,41.27750015258789,117684400,0.0,0.0
2017-12-19 00:00:00-05:00,40.9522792397837,41.03650963242742,40.732344127317134,40.83763122558594,109745600,0.0,0.0
2017-12-20 00:00:00-05:00,40.91484190185705,41.0435277172431,40.53580692757751,40.79317855834961,93902400,0.0,0.0
2017-12-21 00:00:00-05:00,40.75105352423365,41.183904753131266,40.73467728013545,40.94758987426758,83799600,0.0,0.0
2017-12-22 00:00:00-05:00,40.870378400295124,41.043519605882686,40.82826499820611,40.94758987426758,65397600,0.0,0.0
2017-12-26 00:00:00-05:00,39.96256901940401,40.11933042216135,39.7005169634749,39.908756256103516,132742000,0.0,0.0
2017-12-27 00:00:00-05:00,39.79878885748078,39.95788870437662,39.70753957584513,39.915775299072266,85992800,0.0,0.0
2017-12-28 00:00:00-05:00,40.00937316684711,40.20825159602638,39.887706237108844,40.02809143066406,65920800,0.0,0.0
2017-12-29 00:00:00-05:00,39.89706480929548,39.913441057833,39.59289928789782,39.595237731933594,103999600,0.0,0.0
2018-01-02 00:00:00-05:00,39.81283907938488,40.31354106279126,39.60226127674198,40.30418014526367,102223600,0.0,0.0
2018-01-03 00:00:00-05:00,40.36734223890624,40.839968474154716,40.23397954869898,40.297149658203125,118071600,0.0,0.0
2018-01-04 00:00:00-05:00,40.369688829071734,40.587285516147695,40.262063277732224,40.484336853027344,89738400,0.0,0.0
2018-01-05 00:00:00-05:00,40.58026570794173,41.031831750925626,40.48901640769327,40.94526290893555,94640000,0.0,0.0
2018-01-08 00:00:00-05:00,40.79317855834961,41.08798314166222,40.694906793768766,40.79317855834961,82271200,0.0,0.0
2018-01-09 00:00:00-05:00,40.83997607024875,40.959300980537996,40.57324707008062,40.78850173950195,86336000,0.0,0.0
2018-01-10 00:00:00-05:00,40.51475348873273,40.78148248660823,40.477316963030724,40.77914047241211,95839600,0.0,0.0
2018-01-11 00:00:00-05:00,40.84933462041617,41.05991240789748,40.82593946856962,41.01077651977539,74670800,0.0,0.0
2018-01-12 00:00:00-05:00,41.22134511941513,41.497435006670855,41.09733976408248,41.434261322021484,101672400,0.0,0.0
2018-01-16 00:00:00-05:00,41.62378943698637,41.972410443367636,41.21199829996464,41.223697662353516,118263600,0.0,0.0
2018-01-17 00:00:00-05:00,41.214333224012265,41.9396507884389,40.961645582745746,41.90455627441406,137547200,0.0,0.0
2018-01-18 00:00:00-05:00,41.967727066089836,42.13852989077325,41.7056785034929,41.94198989868164,124773600,0.0,0.0
2018-01-19 00:00:00-05:00,41.78990484442101,42.01685887036376,41.50913804463785,41.75481033325195,129700400,0.0,0.0
2018-01-22 00:00:00-05:00,41.48339677865763,41.59570277343954,41.319616459154176,41.413204193115234,108434400,0.0,0.0
2018-01-23 00:00:00-05:00,41.48340452646805,41.984106493976,41.371098510710866,41.422569274902344,130756400,0.0,0.0
2018-01-24 00:00:00-05:00,41.471705547369424,41.4834049089433,40.52411438218777,40.76276779174805,204420400,0.0,0.0
2018-01-25 00:00:00-05:00,40.83060927185792,40.93355791852135,39.89939813455858,40.03510284423828,166116000,0.0,0.0
2018-01-26 00:00:00-05:00,40.24334828963391,40.24334828963391,39.78944018537663,40.128700256347656,156572000,0.0,0.0
2018-01-29 00:00:00-05:00,39.81283544569889,39.81283544569889,39.089859933941504,39.298095703125,202561600,0.0,0.0
2018-01-30 00:00:00-05:00,38.72954563542,39.160055045574445,38.53534764091524,39.06646728515625,184192800,0.0,0.0
2018-01-31 00:00:00-05:00,39.04305944765361,39.41039864035675,38.95649061096402,39.1740837097168,129915600,0.0,0.0
2018-02-01 00:00:00-05:00,39.11325400152449,39.452514033583086,39.01732424407224,39.255977630615234,188923200,0.0,0.0
2018-02-02 00:00:00-05:00,38.839509292555,39.026688364620185,37.45907033009402,37.55265808105469,346375200,0.0,0.0
2018-02-05 00:00:00-05:00,37.225102915236285,38.34349348511633,36.499785241985236,36.61443328857422,290954000,0.0,0.0
2018-02-06 00:00:00-05:00,36.22603017907835,38.30604944131928,36.03183221340703,38.14460754394531,272975200,0.0,0.0
2018-02-07 00:00:00-05:00,38.15863792407695,38.231168949040736,37.21806947306256,37.328033447265625,206434400,0.0,0.0
2018-02-08 00:00:00-05:00,37.50352419205152,37.669646564534894,36.272827707555216,36.3009033203125,217562000,0.0,0.0
2018-02-09 00:00:00-05:00,36.89996378245455,37.09260194445449,35.295412891463684,36.744911193847656,282690400,0.1575,0.0
2018-02-12 00:00:00-05:00,37.23590527913192,38.50216084208162,37.00332640992512,38.22494888305664,243278000,0.0,0.0
2018-02-13 00:00:00-05:00,38.046412100350224,38.70420816084328,37.97593331088665,38.607887268066406,130196800,0.0,0.0
2018-02-14 00:00:00-05:00,38.302468550622955,39.359639279128274,38.26488298242506,39.3197021484375,162579600,0.0,0.0
2018-02-15 00:00:00-05:00,39.888234303148494,40.66349374207075,39.702643640911546,40.6400032043457,204588800,0.0,0.0
2018-02-16 00:00:00-05:00,40.49200271994035,41.0699245010743,40.35339670210545,40.508445739746094,160704400,0.0,0.0
2018-02-20 00:00:00-05:00,40.41918086871468,40.938367400285074,40.271175748953596,40.372196197509766,135722000,0.0,0.0
2018-02-21 00:00:00-05:00,40.6024081083395,40.90546216900995,40.17483951865487,40.18893814086914,149886400,0.0,0.0
2018-02-22 00:00:00-05:00,40.36044278396192,40.86553419317909,40.33930022295099,40.5248908996582,123967600,0.0,0.0
2018-02-23 00:00:00-05:00,40.799743490838885,41.2648976259703,40.76920185482098,41.22966003417969,135249600,0.0,0.0
2018-02-26 00:00:00-05:00,41.42935736646841,42.14353351551222,41.39646774614467,42.044864654541016,152648800,0.0,0.0
2018-02-27 00:00:00-05:00,42.07540715096048,42.39960381939235,41.854575302288154,41.908607482910156,155712400,0.0,0.0
2018-02-28 00:00:00-05:00,42.1129778528027,42.43247845158995,41.82871842565069,41.84516143798828,151128400,0.0,0.0
2018-03-01 00:00:00-05:00,41.943837330028686,42.235147908327306,40.562469918991304,41.11219787597656,195208000,0.0,0.0
2018-03-02 00:00:00-05:00,40.595352592603405,41.417596409529466,40.513126777031374,41.396453857421875,153816000,0.0,0.0
2018-03-05 00:00:00-05:00,41.16153961904458,41.75590432996107,40.99943950066743,41.539772033691406,113605600,0.0,0.0
2018-03-06 00:00:00-05:00,41.79584248485739,41.87571676450101,41.37767292119403,41.50453186035156,95154000,0.0,0.0
2018-03-07 00:00:00-05:00,41.098101067014966,41.31188534708122,40.940700517810946,41.11924362182617,126814000,0.0,0.0
2018-03-08 00:00:00-05:00,41.22496782502932,41.610247764152966,41.12865052877318,41.567962646484375,95096400,0.0,0.0
2018-03-09 00:00:00-05:00,41.80758910823076,42.286838365775004,41.673679066083274,42.28213882446289,128740800,0.0,0.0
2018-03-12 00:00:00-04:00,42.35495927254413,42.848307080513344,42.336168279495034,42.6909065246582,128828400,0.0,0.0
2018-03-13 00:00:00-04:00,42.89528848118307,43.10907275407872,42.1082857615601,42.279781341552734,126774000,0.0,0.0
2018-03-14 00:00:00-04:00,42.362005051524825,42.408989697640614,41.77233645097069,41.92034149169922,117473600,0.0,0.0
2018-03-15 00:00:00-04:00,41.934447003614444,42.34322105481381,41.83343016846324,41.96968460083008,90975200,0.0,0.0
2018-03-16 00:00:00-04:00,41.96967198072841,42.08008786506861,41.7276976600761,41.82167053222656,157618800,0.0,0.0
2018-03-19 00:00:00-04:00,41.65723147144648,41.692469065666344,40.79739832548874,41.18267822265625,133787200,0.0,0.0
2018-03-20 00:00:00-04:00,41.16858673095703,41.53507208120745,41.09810795174742,41.16858673095703,78597600,0.0,0.0
2018-03-21 00:00:00-04:00,41.121599334891776,41.133346395785146,40.23357601878862,40.23592758178711,148219600,0.0,0.0
2018-03-22 00:00:00-04:00,39.93757248715271,40.56717485041183,39.608676265256136,39.66740798950195,165963200,0.0,0.0
2018-03-23 00:00:00-04:00,39.55934124916197,39.91877912576028,38.748844146728516,38.748844146728516,164115200,0.0,0.0
2018-03-26 00:00:00-04:00,39.48415854628537,40.6658403493108,39.10122662256602,40.588314056396484,150164800,0.0,0.0
2018-03-27 00:00:00-04:00,40.80210090680353,41.147443725030264,39.213996406406345,39.54759216308594,163690400,0.0,0.0
2018-03-28 00:00:00-04:00,39.29152475547946,39.942273284293705,38.80757590603423,39.11063003540039,166674000,0.0,0.0
2018-03-29 00:00:00-04:00,39.42307077251929,40.34868305635966,39.209286496871094,39.41602325439453,153594000,0.0,0.0
2018-04-02 00:00:00-04:00,39.14821634870157,39.68854890632688,38.63842543352329,39.15761184692383,150347200,0.0,0.0
2018-04-03 00:00:00-04:00,39.38313865631738,39.64390761423454,38.734741813385234,39.55933380126953,121112000,0.0,0.0
2018-04-04 00:00:00-04:00,38.73474657002297,40.40977284946621,38.70890446886859,40.31580352783203,138422000,0.0,0.0
2018-04-05 00:00:00-04:00,40.54367941906786,40.931307318434605,40.42621598475072,40.59536361694336,107732800,0.0,0.0
2018-04-06 00:00:00-04:00,40.1654397524392,40.52017796942348,39.51469144030749,39.55698013305664,140021200,0.0,0.0
2018-04-09 00:00:00-04:00,39.90938079142207,40.66349409278615,39.902333271573795,39.949317932128906,116070800,0.0,0.0
2018-04-10 00:00:00-04:00,40.642340986243575,40.87726781275365,40.296998264497844,40.701072692871094,113634400,0.0,0.0
2018-04-11 00:00:00-04:00,40.461451746423364,40.858478709963855,40.336940798469165,40.51078796386719,89726400,0.0,0.0
2018-04-12 00:00:00-04:00,40.73866827270133,41.11220112545618,40.65174289558331,40.91016387939453,91557200,0.0,0.0
2018-04-13 00:00:00-04:00,41.060521780745006,41.309543712008065,40.84204149245945,41.04877471923828,100497200,0.0,0.0
2018-04-16 00:00:00-04:00,41.11925726342559,41.39177334262031,41.07227259780241,41.30485153198242,86313600,0.0,0.0
2018-04-17 00:00:00-04:00,41.46224528009664,42.03781540441986,41.44345070001389,41.87336730957031,106421600,0.0,0.0
2018-04-18 00:00:00-04:00,41.772340909299764,42.00961931226193,41.55386066842869,41.779388427734375,83018000,0.0,0.0
2018-04-19 00:00:00-04:00,40.82089140340053,41.20382334637826,40.562473998722545,40.59536361694336,139235200,0.0,0.0
2018-04-20 00:00:00-04:00,40.07852745991191,40.22418097949111,38.86395232674434,38.93208312988281,261964400,0.0,0.0
2018-04-23 00:00:00-04:00,39.1928574257008,39.21399998759656,38.54915639195049,38.8193244934082,146062000,0.0,0.0
2018-04-24 00:00:00-04:00,38.9203295308435,39.075382107078006,37.87490579962444,38.27898025512695,134768000,0.0,0.0
2018-04-25 00:00:00-04:00,38.20379973161242,38.8615955688351,38.1544671050226,38.44577407836914,113528400,0.0,0.0
2018-04-26 00:00:00-04:00,38.55617965663027,38.934411892962444,38.37998458227736,38.579673767089844,111852000,0.0,0.0
2018-04-27 00:00:00-04:00,38.5280105743629,38.605536879463116,37.73630808954247,38.13333511352539,142623200,0.0,0.0
2018-04-30 00:00:00-04:00,38.08869410011174,39.293866490425344,38.020563301238745,38.824012756347656,169709600,0.0,0.0
2018-05-01 00:00:00-04:00,39.09417764440143,39.7496219731945,38.8263611810119,39.726131439208984,214277600,0.0,0.0
2018-05-02 00:00:00-04:00,41.166232425025626,41.758249112359714,40.83028873791382,41.48103713989258,266157600,0.0,0.0
2018-05-03 00:00:00-04:00,41.318938533621505,41.699518911228594,40.98064327143764,41.55621337890625,136272800,0.0,0.0
2018-05-04 00:00:00-04:00,41.875711284464984,43.28527239361948,41.85691670617901,43.18660354614258,224805200,0.0,0.0
2018-05-07 00:00:00-04:00,43.503746095720956,44.08871515844912,43.40272928542785,43.49905014038086,169805600,0.0,0.0
2018-05-08 00:00:00-04:00,43.45911943850207,43.748078461393405,43.149014274658285,43.7081413269043,113611200,0.0,0.0
2018-05-09 00:00:00-04:00,43.825617058487396,44.02530278700422,43.51316382889019,44.015907287597656,92844800,0.0,0.0
2018-05-10 00:00:00-04:00,44.10516748877199,44.72302265798103,44.08402134819816,44.6454963684082,111957200,0.0,0.0
2018-05-11 00:00:00-04:00,44.6879558593665,44.82237867598851,44.20685496134849,44.475704193115234,104848800,0.1825,0.0
2018-05-14 00:00:00-04:00,44.574745471679925,44.6973795056611,44.30353925656138,44.37192916870117,83115200,0.0,0.0
2018-05-15 00:00:00-04:00,44.04884454020393,44.11723805875026,43.65264721346762,43.96866226196289,94780800,0.0,0.0
2018-05-16 00:00:00-04:00,43.88139800932075,44.4450380927892,43.86488799085089,44.37900161743164,76732400,0.0,0.0
2018-05-17 00:00:00-04:00,44.33655939327812,44.55116807100797,43.94979380634148,44.09836959838867,69176000,0.0,0.0
2018-05-18 00:00:00-04:00,44.14553369993248,44.29174885556378,43.89555155700583,43.9379997253418,73190800,0.0,0.0
2018-05-21 00:00:00-04:00,44.33654741341453,44.63605594874007,44.07949063514146,44.249290466308594,73603200,0.0,0.0
2018-05-22 00:00:00-04:00,44.426178333735365,44.5440947186547,44.0488444625845,44.13846206665039,60962800,0.0,0.0
2018-05-23 00:00:00-04:00,43.94744041579675,44.45447945827249,43.808296339379034,44.42146301269531,80233600,0.0,0.0
2018-05-24 00:00:00-04:00,44.51814791639791,44.53465433718114,43.91441666990919,44.37192916870117,92936000,0.0,0.0
2018-05-25 00:00:00-04:00,44.39079237378272,44.725674408100176,44.254008962832486,44.47333526611328,69844000,0.0,0.0
2018-05-29 00:00:00-04:00,44.24222988370924,44.51343613465707,44.07006936758996,44.3129768371582,90056400,0.0,0.0
2018-05-30 00:00:00-04:00,44.27053432271257,44.33656722005208,44.04885091084863,44.218650817871094,74762000,0.0,0.0
2018-05-31 00:00:00-04:00,44.152611267873816,44.39080106892208,43.8979114457168,44.070068359375,109931200,0.0,0.0
2018-06-01 00:00:00-04:00,44.334202484769676,44.869540266724215,44.27760132608851,44.86482620239258,93770000,0.0,0.0
2018-06-04 00:00:00-04:00,45.194986887719175,45.614768883892694,45.12659697535202,45.23979568481445,105064800,0.0,0.0
2018-06-05 00:00:00-04:00,45.532235292656786,45.73740865401023,45.36479244017438,45.58883285522461,86264000,0.0,0.0
2018-06-06 00:00:00-04:00,45.66429069374203,45.770414697964746,45.26101515946964,45.746829986572266,83734400,0.0,0.0
2018-06-07 00:00:00-04:00,45.78457874591241,45.798728137869944,45.360078994572234,45.62421417236328,85388800,0.0,0.0
2018-06-08 00:00:00-04:00,45.084142090483105,45.27988368615735,44.75397771134695,45.20913314819336,106627200,0.0,0.0
2018-06-11 00:00:00-04:00,45.126603314070564,45.27281848426944,44.85775409225702,45.09830093383789,73234000,0.0,0.0
2018-06-12 00:00:00-04:00,45.13602576362299,45.42374198027441,45.07942461331518,45.345916748046875,67644400,0.0,0.0
2018-06-13 00:00:00-04:00,45.37893736680692,45.48742201526099,44.91198952894419,44.973304748535156,86553600,0.0,0.0
2018-06-14 00:00:00-04:00,45.173761760833635,45.178479423187866,44.860103786934765,44.99688720703125,86440400,0.0,0.0
2018-06-15 00:00:00-04:00,44.81530575592877,44.8459651708129,44.39788070109959,44.534664154052734,246876800,0.0,0.0
2018-06-18 00:00:00-04:00,44.30826535396777,44.624280426192385,44.14789718692126,44.51108169555664,73939600,0.0,0.0
2018-06-19 00:00:00-04:00,43.662077454917885,43.94271901773257,43.26351951098928,43.791786193847656,134314000,0.0,0.0
2018-06-20 00:00:00-04:00,43.947433686908205,44.147889362033595,43.80121493729202,43.98280715942383,82514800,0.0,0.0
2018-06-21 00:00:00-04:00,44.159691771196826,44.4191092904368,43.61491857931583,43.737552642822266,102847600,0.0,0.0
2018-06-22 00:00:00-04:00,43.89318224431615,43.90025693763943,43.55830023243523,43.61018371582031,108801600,0.0,0.0
2018-06-25 00:00:00-04:00,43.25172795844052,43.61019477128706,42.62205490339157,42.96165466308594,126652400,0.0,0.0
2018-06-26 00:00:00-04:00,43.15504415067627,43.989890655786986,43.04891651485026,43.4946403503418,98276800,0.0,0.0
2018-06-27 00:00:00-04:00,43.68330462576194,44.16676254218602,43.40030601080136,43.430965423583984,101141200,0.0,0.0
2018-06-28 00:00:00-04:00,43.41681432174242,43.91442160952756,43.3460637711596,43.746978759765625,69460800,0.0,0.0
2018-06-29 00:00:00-04:00,43.93327584704597,44.14552745426334,43.136163700048925,43.65499496459961,90950800,0.0,0.0
2018-07-02 00:00:00-04:00,43.35078236421446,44.17147941242454,43.25644709523927,44.1431770324707,70925200,0.0,0.0
2018-07-03 00:00:00-04:00,44.28704241057152,44.32477652433171,43.284752954401505,43.37437057495117,55819200,0.0,0.0
2018-07-05 00:00:00-04:00,43.690376043945534,43.961585878435855,43.459260945558434,43.723392486572266,66416800,0.0,0.0
2018-07-06 00:00:00-04:00,43.72812007900286,44.43797555593009,43.67623657187615,44.32949447631836,69940800,0.0,0.0
2018-07-09 00:00:00-04:00,44.69030372139748,44.9685846241399,44.64313789363866,44.945003509521484,79026400,0.0,0.0
2018-07-10 00:00:00-04:00,44.97567372296649,45.11009654430228,44.85067903151692,44.89077377319336,63756400,0.0,0.0
2018-07-11 00:00:00-04:00,44.454477036854996,44.756342693838846,44.2445860160065,44.30826187133789,75326000,0.0,0.0
2018-07-12 00:00:00-04:00,44.69737548993469,45.14074215859507,44.64549200323947,45.051124572753906,72164400,0.0,0.0
2018-07-13 00:00:00-04:00,45.06292139132797,45.24215298223861,45.02046962595416,45.12187957763672,50055600,0.0,0.0
2018-07-16 00:00:00-04:00,45.16669673769916,45.43318534216058,44.90727923050014,45.0228385925293,60172400,0.0,0.0
2018-07-17 00:00:00-04:00,44.749262066777305,45.249226320159714,44.619553341082245,45.150177001953125,62138000,0.0,0.0
2018-07-18 00:00:00-04:00,45.22800390051171,45.232721563034644,44.79171187945447,44.90255355834961,65573600,0.0,0.0
2018-07-19 00:00:00-04:00,44.73510509981773,45.40958676064822,44.73510509981773,45.25157928466797,81147200,0.0,0.0
2018-07-20 00:00:00-04:00,45.228009428517055,45.38129929328812,44.84831851576083,45.1478271484375,82704800,0.0,0.0
2018-07-23 00:00:00-04:00,44.968593257655385,45.27046253001605,44.70446169267782,45.18791961669922,63957600,0.0,0.0
2018-07-24 00:00:00-04:00,45.386007832491124,45.67136701702628,45.29167618059886,45.515716552734375,74791600,0.0,0.0
2018-07-25 00:00:00-04:00,45.5298744916329,45.95201716965976,45.381298693402805,45.944942474365234,66839600,0.0,0.0
2018-07-26 00:00:00-04:00,45.89541045457952,46.213786098393896,45.65957771057542,45.80107879638672,76304000,0.0,0.0
2018-07-27 00:00:00-04:00,45.9850326745397,46.032198508380596,44.83181058429597,45.03934097290039,96096000,0.0,0.0
2018-07-30 00:00:00-04:00,45.256303621710636,45.327054166940535,44.58890010095334,44.7869987487793,84118000,0.0,0.0
2018-07-31 00:00:00-04:00,44.878981877356686,45.31291335911361,44.65258080944883,44.87662124633789,157492000,0.0,0.0
2018-08-01 00:00:00-04:00,46.96137178153096,47.58160940261683,46.53215449381962,47.520294189453125,271742800,0.0,0.0
2018-08-02 00:00:00-04:00,47.30333835907744,49.142834720583664,47.24909782850807,48.909358978271484,249616000,0.0,0.0
2018-08-03 00:00:00-04:00,48.82446030579577,49.22773594418698,48.45891877596613,49.05086135864258,133789600,0.0,0.0
2018-08-06 00:00:00-04:00,49.05321067331347,49.3480016028406,48.8338879490359,49.3055534362793,101701600,0.0,0.0
2018-08-07 00:00:00-04:00,49.36452244431482,49.40697062018199,48.76078746552856,48.84333038330078,102349600,0.0,0.0
2018-08-08 00:00:00-04:00,48.59334036963655,49.00840472708714,48.23251653878795,48.876338958740234,90102000,0.0,0.0
2018-08-09 00:00:00-04:00,49.41404350351956,49.473001700187574,48.864552678750876,49.2607536315918,93970400,0.0,0.0
2018-08-10 00:00:00-04:00,49.07378955771502,49.48557902120588,48.9104936737248,49.11402130126953,98444800,0.1825,0.0
2018-08-13 00:00:00-04:00,49.535267986992444,49.9233899602011,49.154245519727546,49.43113708496094,103563600,0.0,0.0
2018-08-14 00:00:00-04:00,49.73643570353363,49.831098200524664,49.28677981496923,49.639404296875,82992000,0.0,0.0
2018-08-15 00:00:00-04:00,49.51397702141606,49.87370102571761,49.303349886959445,49.75537109375,115230400,0.0,0.0
2018-08-16 00:00:00-04:00,50.11271437106495,50.60023299802552,50.04644991368053,50.48427200317383,114001600,0.0,0.0
2018-08-17 00:00:00-04:00,50.51267907731609,51.58001370324593,50.44641460805595,51.49245071411133,141708000,0.0,0.0
2018-08-20 00:00:00-04:00,51.615515974972475,51.87110544133441,50.90790170638591,50.9907341003418,121150800,0.0,0.0
2018-08-21 00:00:00-04:00,51.307869734773455,51.40016695617131,50.65232076625125,50.8913459777832,104639200,0.0,0.0
2018-08-22 00:00:00-04:00,50.6688849122958,51.203734974438845,50.60735102852676,50.89371109008789,76072400,0.0,0.0
2018-08-23 00:00:00-04:00,50.79904002989907,51.36702588882089,50.78720992522527,50.99783706665039,75532800,0.0,0.0
2018-08-24 00:00:00-04:00,51.26052204968089,51.33151711174363,50.90789759315165,51.15639114379883,73905600,0.0,0.0
2018-08-27 00:00:00-04:00,51.390681058681736,51.76697293591533,51.19662187429495,51.57764434814453,82100400,0.0,0.0
2018-08-28 00:00:00-04:00,51.83088286487246,52.19297221924966,51.80958434076638,51.994178771972656,91107200,0.0,0.0
2018-08-29 00:00:00-04:00,52.10066840120375,52.89111510335813,51.92554241033305,52.770416259765625,109019200,0.0,0.0
2018-08-30 00:00:00-04:00,52.834322753666605,54.01998755442032,52.63316039390969,53.255577087402344,195175200,0.0,0.0
2018-08-31 00:00:00-04:00,53.60582244851051,54.164339850677784,53.48512722248886,53.87088394165039,173360400,0.0,0.0
2018-09-04 00:00:00-04:00,54.05547003518039,54.23769549548698,53.63421584694756,54.043636322021484,109560400,0.0,0.0
2018-09-05 00:00:00-04:00,54.192750022078755,54.35367701544728,53.27214318574436,53.6910285949707,133332000,0.0,0.0
2018-09-06 00:00:00-04:00,53.539555725515555,53.804617207503874,52.37282442296422,52.79881286621094,137160000,0.0,0.0
2018-09-07 00:00:00-04:00,52.50298161416799,53.336021566308695,52.23318956842449,52.37281799316406,150479200,0.0,0.0
2018-09-10 00:00:00-04:00,52.28998854549572,52.50298455848554,51.229753521678255,51.66994094848633,158066000,0.0,0.0
2018-09-11 00:00:00-04:00,51.59421812808349,53.08281076636289,51.25106203103439,52.976314544677734,142996000,0.0,0.0
2018-09-12 00:00:00-04:00,53.23427779698521,53.24847681301907,52.0273108780994,52.31840515136719,197114800,0.0,0.0
2018-09-13 00:00:00-04:00,52.898202785670925,54.04127012385356,52.67337668396493,53.582149505615234,166825600,0.0,0.0
2018-09-14 00:00:00-04:00,53.425959151653856,53.683917511891266,52.661548875687,52.97393798828125,127997200,0.0,0.0
2018-09-17 00:00:00-04:00,52.5739770516672,52.76330562803429,51.4190795969982,51.56344223022461,148780400,0.0,0.0
2018-09-18 00:00:00-04:00,51.54213987256272,52.502981761395574,51.38357822876502,51.64863967895508,126286800,0.0,0.0
2018-09-19 00:00:00-04:00,51.710172145445746,51.97522999584311,50.95286142206586,51.679405212402344,108495200,0.0,0.0
2018-09-20 00:00:00-04:00,52.121961963223164,52.60474642477888,51.86400000551983,52.072261810302734,106435200,0.0,0.0
2018-09-21 00:00:00-04:00,52.24977609967861,52.387039284648125,51.423831690707225,51.51139831542969,384986800,0.0,0.0
2018-09-24 00:00:00-04:00,51.312577300086076,52.363343732257434,51.26761136229195,52.252113342285156,110773600,0.0,0.0
2018-09-25 00:00:00-04:00,52.0060110496253,52.73255864837729,51.994177332846085,52.58346176147461,98217600,0.0,0.0
2018-09-26 00:00:00-04:00,52.3018406667292,52.952655426156824,52.008381075193746,52.16457748413086,95938800,0.0,0.0
2018-09-27 00:00:00-04:00,52.96922530415263,53.58927314222214,52.902957203954536,53.23664855957031,120724800,0.0,0.0
2018-09-28 00:00:00-04:00,53.198765683780366,53.44725924659931,53.016540200703474,53.4235954284668,91717600,0.0,0.0
2018-10-01 00:00:00-04:00,53.94660961803524,54.29449987051598,53.56795604203852,53.7833137512207,94403200,0.0,0.0
2018-10-02 00:00:00-04:00,53.78094861179492,54.4317631714536,53.634220666637496,54.26136779785156,99152800,0.0,0.0
2018-10-03 00:00:00-04:00,54.443607396987055,55.252983772290044,54.37970821676377,54.921661376953125,114619200,0.0,0.0
2018-10-04 00:00:00-04:00,54.61636079385546,54.987918497825,53.657887663337085,53.95608139038086,128168000,0.0,0.0
2018-10-05 00:00:00-04:00,53.94897766555082,54.05547386925008,52.202426924769995,53.0804328918457,134322000,0.0,0.0
2018-10-08 00:00:00-04:00,52.58818958011952,53.201137756680225,52.11250094585972,52.95737838745117,118655600,0.0,0.0
2018-10-09 00:00:00-04:00,52.926618154183444,53.78569471854929,52.59766104842754,53.6910285949707,107564000,0.0,0.0
2018-10-10 00:00:00-04:00,53.35733390390222,53.567961035959435,51.130363742966665,51.20372772216797,167962400,0.0,0.0
2018-10-11 00:00:00-04:00,50.76826927692951,51.946834254825696,50.247618357424,50.75170135498047,212497600,0.0,0.0
2018-10-12 00:00:00-04:00,52.16456604729884,52.74675089335789,51.31732331289701,52.56452178955078,161351600,0.0,0.0
2018-10-15 00:00:00-04:00,52.33968427909419,52.498245917950676,51.41907776558042,51.44037628173828,123164000,0.0,0.0
2018-10-16 00:00:00-04:00,51.811933502380235,52.77277542057539,51.29838211796035,52.573978424072266,116736000,0.0,0.0
2018-10-17 00:00:00-04:00,52.60948287919308,52.68994635769821,51.90896816755255,52.3467903137207,91541600,0.0,0.0
2018-10-18 00:00:00-04:00,51.55870989702403,52.003631525989235,50.40854299687499,51.12325668334961,130325200,0.0,0.0
2018-10-19 00:00:00-04:00,51.6060421243539,52.36335286065442,51.45694527539042,51.9018669128418,132314800,0.0,0.0
2018-10-22 00:00:00-04:00,52.01547032624564,52.860347780678396,51.81431160695901,52.218997955322266,115168400,0.0,0.0
2018-10-23 00:00:00-04:00,51.07829499747305,52.83431062152317,50.810868215917154,52.711246490478516,155071200,0.0,0.0
2018-10-24 00:00:00-04:00,52.68048556003546,53.066238670983005,50.77300408116082,50.903167724609375,163702000,0.0,0.0
2018-10-25 00:00:00-04:00,51.52321928773726,52.3917605334903,51.2960242350942,52.01783752441406,119423200,0.0,0.0
2018-10-26 00:00:00-04:00,51.094870921734916,52.110143914104796,50.33046045651048,51.189537048339844,189033600,0.0,0.0
2018-10-29 00:00:00-04:00,51.87347250273323,51.99180242637242,48.77322705892924,50.22868728637695,183742000,0.0,0.0
2018-10-30 00:00:00-04:00,49.97073231299837,50.92447134232878,49.52581419332584,50.47955322265625,146640000,0.0,0.0
2018-10-31 00:00:00-04:00,51.326786543689,52.17166028299006,51.26525267501024,51.795372009277344,153435600,0.0,0.0
2018-11-01 00:00:00-04:00,51.84033821616022,52.62368170185567,51.3102188792331,52.59054946899414,233292800,0.0,0.0
2018-11-02 00:00:00-04:00,49.59208347306749,50.56238691019162,48.61704221561226,49.102195739746094,365314800,0.0,0.0
2018-11-05 00:00:00-05:00,48.349609382233005,48.37090790263362,46.898883307010784,47.70825958251953,264654800,0.0,0.0
2018-11-06 00:00:00-05:00,47.78634481006863,48.44899295049002,47.73191406897963,48.22416687011719,127531600,0.0,0.0
2018-11-07 00:00:00-05:00,48.74483182553473,49.712769789684685,48.30937854826853,49.686737060546875,133697600,0.0,0.0
2018-11-08 00:00:00-05:00,49.86722555541948,49.90047339465784,49.100148077728555,49.51337432861328,101450400,0.1825,0.0
2018-11-09 00:00:00-05:00,48.815166373876544,48.92440772185427,48.03146315999094,48.55868148803711,137463200,0.0,0.0
2018-11-12 00:00:00-05:00,47.259627429985954,47.46149160971139,46.02232604202068,46.112571716308594,204542000,0.0,0.0
2018-11-13 00:00:00-05:00,45.509362481467676,46.82740454065561,45.46661319307252,45.651851654052734,187531600,0.0,0.0
2018-11-14 00:00:00-05:00,46.04845796012335,46.18620004766759,44.15569737370678,44.36231231689453,243204000,0.0,0.0
2018-11-15 00:00:00-05:00,44.739907715993084,45.59010651669054,44.38605290163745,45.457115173339844,185915200,0.0,0.0
2018-11-16 00:00:00-05:00,45.241005490578,46.30256638175238,44.99402206817327,45.96058654785156,147713200,0.0,0.0
2018-11-19 00:00:00-05:00,45.122254828015976,45.288493989476066,43.93245351841381,44.13906478881836,167701200,0.0,0.0
2018-11-20 00:00:00-05:00,42.36030580111065,43.09651261910129,41.68109683232495,42.03020095825195,271300800,0.0,0.0
2018-11-21 00:00:00-05:00,42.683278202549936,42.81152243279849,41.9280758696672,41.982696533203125,124496800,0.0,0.0
2018-11-23 00:00:00-05:00,41.545732307356154,41.93995928124868,40.87127405903531,40.9163932800293,94496000,0.0,0.0
2018-11-26 00:00:00-05:00,41.37949593469791,41.548108696422304,40.434300553403695,41.4697380065918,179994000,0.0,0.0
2018-11-27 00:00:00-05:00,40.73115163840486,41.50535696963446,40.581538183046156,41.37948989868164,165549600,0.0,0.0
2018-11-28 00:00:00-05:00,41.97082246218877,43.05375604780833,41.54334772477524,42.970638275146484,184250000,0.0,0.0
2018-11-29 00:00:00-05:00,43.37911757194036,43.4123654086961,42.20118748278702,42.64053726196289,167080000,0.0,0.0
2018-11-30 00:00:00-05:00,42.81627748733265,42.82577894068575,42.04207573121886,42.410179138183594,158126000,0.0,0.0
2018-12-03 00:00:00-05:00,43.80660630555064,43.92059840735766,43.0347779128851,43.8921012878418,163210000,0.0,0.0
2018-12-04 00:00:00-05:00,42.97300211858183,43.31498183125911,41.86157167612197,41.9613151550293,165377200,0.0,0.0
2018-12-06 00:00:00-05:00,40.79052552365589,41.507733053331634,40.472295688010675,41.49348449707031,172393600,0.0,0.0
2018-12-07 00:00:00-05:00,41.2013783567838,41.438863958560475,39.96882750376399,40.01395034790039,169126400,0.0,0.0
2018-12-10 00:00:00-05:00,39.18512221335925,40.39392299254589,38.78852171429132,40.277557373046875,248104000,0.0,0.0
2018-12-11 00:00:00-05:00,40.76677646859411,40.797647130558154,39.66009277068402,40.04719543457031,189126800,0.0,0.0
2018-12-12 00:00:00-05:00,40.46754567904434,40.828524813618266,40.13981800799348,40.158817291259766,142510800,0.0,0.0
2018-12-13 00:00:00-05:00,40.48891845088322,40.98288889960045,40.2656814225094,40.59815979003906,127594400,0.0,0.0
2018-12-14 00:00:00-05:00,40.13507620219906,40.15407548968838,39.2516292645352,39.29912567138672,162814800,0.0,0.0
2018-12-17 00:00:00-05:00,39.2919896885735,39.98070006589324,38.64602860130792,38.933387756347656,177151600,0.0,0.0
2018-12-18 00:00:00-05:00,39.27538143852134,39.7859741817901,39.04026931963005,39.439247131347656,135366000,0.0,0.0
2018-12-19 00:00:00-05:00,39.422616249277915,39.7669697026103,37.78158960679332,38.20906448364258,196189200,0.0,0.0
2018-12-20 00:00:00-05:00,38.09268708722474,38.498789039513056,36.88151275562685,37.24486541748047,259092000,0.0,0.0
2018-12-21 00:00:00-05:00,37.251999446242344,37.56073151799907,35.53497920022275,35.79621124267578,382978400,0.0,0.0
2018-12-24 00:00:00-05:00,35.18349717525792,35.990950549802086,34.81302014550831,34.870018005371094,148676800,0.0,0.0
2018-12-26 00:00:00-05:00,35.21911501353624,37.33985967062577,34.843887332724314,37.32561111450195,234330000,0.0,0.0
2018-12-27 00:00:00-05:00,37.00976549052856,37.230629045274476,35.639475800480604,37.0833854675293,212468400,0.0,0.0
2018-12-28 00:00:00-05:00,37.40397507190618,37.64621135368628,36.703393406418876,37.10236740112305,169165600,0.0,0.0
2018-12-31 00:00:00-05:00,37.64859915688964,37.84571267784769,37.16175285801671,37.46098709106445,140014000,0.0,0.0
2019-01-02 00:00:00-05:00,36.784145853458895,37.724590460067255,36.6274044817337,37.503726959228516,148158800,0.0,0.0
2019-01-03 00:00:00-05:00,34.19317934017915,34.6064056330403,33.72295881640133,33.76808166503906,365248800,0.0,0.0
2019-01-04 00:00:00-05:00,34.32379352547417,35.278486653439785,34.15043005188284,35.20961380004883,234428400,0.0,0.0
2019-01-07 00:00:00-05:00,35.314113428905806,35.34498772125398,34.649152921842216,35.131248474121094,219111200,0.0,0.0
2019-01-08 00:00:00-05:00,35.518340693165854,36.05506039185335,35.271357298819396,35.80094909667969,164101200,0.0,0.0
2019-01-09 00:00:00-05:00,35.92919831490206,36.69865303809117,35.53497493470445,36.40892028808594,180396400,0.0,0.0
2019-01-10 00:00:00-05:00,36.21655182724987,36.56565592820539,35.82707561156554,36.52528381347656,143122800,0.0,0.0
2019-01-11 00:00:00-05:00,36.30678714788218,36.501523388277576,35.98142952410987,36.16666793823242,108092800,0.0,0.0
2019-01-14 00:00:00-05:00,35.82469358689695,35.92443707447227,35.437591014081455,35.62282943725586,129756800,0.0,0.0
2019-01-15 00:00:00-05:00,35.68696070331559,36.42791458616587,35.634713583499995,36.35192108154297,114843600,0.0,0.0
2019-01-16 00:00:00-05:00,36.35429336518652,37.01925372022599,36.33529408375769,36.796016693115234,122278800,0.0,0.0
2019-01-17 00:00:00-05:00,36.620280311678194,37.441982116151216,36.397043258635236,37.01450729370117,119284800,0.0,0.0
2019-01-18 00:00:00-05:00,37.40397730943639,37.49422298571699,37.042998228056234,37.242488861083984,135004000,0.0,0.0
2019-01-22 00:00:00-05:00,37.145131887501456,37.221125412180456,36.245059232557935,36.406551361083984,121576000,0.0,0.0
2019-01-23 00:00:00-05:00,36.60840791094517,36.84351998595546,36.02656885020508,36.55378723144531,92522400,0.0,0.0
2019-01-24 00:00:00-05:00,36.59891278758119,36.68678131637326,36.03607297019486,36.26405715942383,101766000,0.0,0.0
2019-01-25 00:00:00-05:00,36.924261855530716,37.553600900151864,36.64878130027886,37.465728759765625,134142000,0.0,0.0
2019-01-28 00:00:00-05:00,36.99787950771421,37.12612375920128,36.49203765099391,37.11899948120117,104768400,0.0,0.0
2019-01-29 00:00:00-05:00,37.107126146086244,37.55360024747364,36.59890709133916,36.73427200317383,166348800,0.0,0.0
2019-01-30 00:00:00-05:00,38.7695241919444,39.45823098230422,38.05231666544547,39.2444953918457,244439200,0.0,0.0
2019-01-31 00:00:00-05:00,39.44872512778767,40.13505822707616,39.08062179799805,39.527095794677734,162958400,0.0,0.0
2019-02-01 00:00:00-05:00,39.65059485362112,40.13031312607623,39.405981367304726,39.54610061645508,130672400,0.0,0.0
2019-02-04 00:00:00-05:00,39.75747429133821,40.766788323008775,39.726599996653896,40.66941833496094,125982000,0.0,0.0
2019-02-05 00:00:00-05:00,41.05175909628241,41.578977394234336,40.93064275033117,41.365238189697266,144406400,0.0,0.0
2019-02-06 00:00:00-05:00,41.476856235107945,41.69534616359386,41.0493850783774,41.37948989868164,112958400,0.0,0.0
2019-02-07 00:00:00-05:00,40.942525519836124,41.30825545825531,40.453305649769504,40.59579849243164,126966800,0.0,0.0
2019-02-08 00:00:00-05:00,40.304814408336355,40.70311587039723,40.16886530680823,40.643489837646484,95280000,0.1825,0.0
2019-02-11 00:00:00-05:00,40.796123344475696,40.83428487045361,40.36681527543273,40.40974426269531,83973600,0.0,0.0
2019-02-12 00:00:00-05:00,40.569544655033816,40.784196867041736,40.47414084136545,40.75796127319336,89134000,0.0,0.0
2019-02-13 00:00:00-05:00,40.87721074640527,41.13717929868625,40.526609486645974,40.588619232177734,89960800,0.0,0.0
2019-02-14 00:00:00-05:00,40.476534988953155,40.84621345605926,40.39782819422876,40.73650360107422,87342800,0.0,0.0
2019-02-15 00:00:00-05:00,40.84383289109825,40.95115902339319,40.48607669059228,40.6458740234375,98507200,0.0,0.0
2019-02-19 00:00:00-05:00,40.476537768089266,40.889148896685995,40.42406656800364,40.76750946044922,75891200,0.0,0.0
2019-02-20 00:00:00-05:00,40.82952646483924,41.337541474435355,40.78182636217737,41.029869079589844,104457600,0.0,0.0
2019-02-21 00:00:00-05:00,40.97501734607539,41.11096283125137,40.61726108922249,40.79852294921875,68998800,0.0,0.0
2019-02-22 00:00:00-05:00,40.922542033388446,41.26121748586465,40.874841931781916,41.25406265258789,75652800,0.0,0.0
2019-02-25 00:00:00-05:00,41.53788347577221,41.94572353268566,41.487796003181955,41.5545768737793,87493600,0.0,0.0
2019-02-26 00:00:00-05:00,41.430558762837144,41.809779499488094,41.30176447990518,41.57843017578125,68280800,0.0,0.0
2019-02-27 00:00:00-05:00,41.311307838567444,41.73822869074752,41.19682321958781,41.70722198486328,111341600,0.0,0.0
2019-02-28 00:00:00-05:00,41.57603864043286,41.71675519338844,41.24213069934181,41.2969856262207,112861600,0.0,0.0
2019-03-01 00:00:00-05:00,41.566491627202,41.77398901650412,41.234971094746605,41.73106002807617,103544800,0.0,0.0
2019-03-04 00:00:00-05:00,41.902786955948635,42.3941048319121,41.4925596025787,41.940948486328125,109744800,0.0,0.0
2019-03-05 00:00:00-05:00,41.962411577028405,41.97672124062049,41.62850365631687,41.8646240234375,78949600,0.0,0.0
2019-03-06 00:00:00-05:00,41.659511495165575,41.855086607706475,41.48540451788479,41.62373733520508,83241600,0.0,0.0
2019-03-07 00:00:00-05:00,41.46872115443744,41.604670285672434,41.027490599237154,41.141971588134766,99185600,0.0,0.0
2019-03-08 00:00:00-05:00,40.62202508642293,41.27791144259841,40.42644995336146,41.239749908447266,95997600,0.0,0.0
2019-03-11 00:00:00-04:00,41.855088288867776,42.7208557482408,41.821697858468866,42.66838455200195,128044000,0.0,0.0
2019-03-12 00:00:00-04:00,42.930745544199205,43.5675511663907,42.780486770223504,43.14778518676758,129870400,0.0,0.0
2019-03-13 00:00:00-04:00,43.46737552238741,43.71780557424151,43.15016460861008,43.338584899902344,124130000,0.0,0.0
2019-03-14 00:00:00-04:00,43.8609111740343,43.908614914858006,43.54131649050845,43.82036590576172,94318000,0.0,0.0
2019-03-15 00:00:00-04:00,44.08749464595025,44.678983933208535,43.822754887497275,44.3903923034668,156171600,0.0,0.0
2019-03-18 00:00:00-04:00,44.31405327937814,44.931777896307814,44.31166590973371,44.84353256225586,104879200,0.0,0.0
2019-03-19 00:00:00-04:00,44.92224984377744,45.074892326124115,44.34268297347357,44.4881706237793,126585600,0.0,0.0
2019-03-20 00:00:00-04:00,44.416623003991106,45.19414879506152,44.05886680985221,44.87693786621094,124140800,0.0,0.0
2019-03-21 00:00:00-04:00,45.32054841838831,46.82550865122841,45.27046095796305,46.529762268066406,204136800,0.0,0.0
2019-03-22 00:00:00-04:00,46.589400548765894,47.14988676613712,45.50182218928217,45.566219329833984,169630800,0.0,0.0
2019-03-25 00:00:00-04:00,45.67592404455743,45.78802127537282,44.50487154702467,45.0152702331543,175381200,0.0,0.0
2019-03-26 00:00:00-04:00,45.71170377934582,46.00267911768265,44.0230940523578,44.55018615722656,199202000,0.0,0.0
2019-03-27 00:00:00-04:00,45.01765137448114,45.25853921871362,44.492943053204904,44.950870513916016,119393600,0.0,0.0
2019-03-28 00:00:00-04:00,45.065349156408665,45.210836803591036,44.72667376970035,45.010494232177734,83121600,0.0,0.0
2019-03-29 00:00:00-04:00,45.2752403790673,45.33486641281112,44.96756800695002,45.30385971069336,94256000,0.0,0.0
2019-04-01 00:00:00-04:00,45.70693049851085,45.71646906225277,44.92940835895731,45.61153030395508,111448000,0.0,0.0
2019-04-02 00:00:00-04:00,45.575759013975,46.37952050705975,45.56622044887009,46.27457809448242,91062800,0.0,0.0
2019-04-03 00:00:00-04:00,46.090925278762874,46.866063737526034,46.06707340893333,46.5917854309082,93087200,0.0,0.0
2019-04-04 00:00:00-04:00,46.45821854703762,46.835055514550795,46.06468818261306,46.672874450683594,76457200,0.0,0.0
2019-04-05 00:00:00-04:00,46.85413922076049,47.009169100776084,46.730116044604905,46.98531723022461,74106400,0.0,0.0
2019-04-08 00:00:00-04:00,46.846984690122916,47.75568491902388,46.82790392141536,47.72468185424805,103526800,0.0,0.0
2019-04-09 00:00:00-04:00,47.7771447875635,48.380559891254,47.51717254330135,47.58156967163086,143072800,0.0,0.0
2019-04-10 00:00:00-04:00,47.38599906529268,47.8773206328261,47.26674699962892,47.848697662353516,86781200,0.0,0.0
2019-04-11 00:00:00-04:00,47.903545983498915,47.93932013983018,47.32875027655352,47.45038604736328,83603200,0.0,0.0
2019-04-12 00:00:00-04:00,47.510019356322424,47.73421380848301,46.796894375967724,47.431312561035156,111042800,0.0,0.0
2019-04-15 00:00:00-04:00,47.36214374594973,47.66504496639306,47.22619466458724,47.51716995239258,70146400,0.0,0.0
2019-04-16 00:00:00-04:00,47.57203341989984,48.02757352365968,47.357377528133505,47.52194595336914,102785600,0.0,0.0
2019-04-17 00:00:00-04:00,47.59110938245884,48.50696794754076,47.36930230294008,48.44734191894531,115627200,0.0,0.0
2019-04-18 00:00:00-04:00,48.44495416346428,48.69061310818153,48.30185387954341,48.6214485168457,96783200,0.0,0.0
2019-04-22 00:00:00-04:00,48.37578991902685,48.879033745551126,48.25892159292873,48.781246185302734,77758000,0.0,0.0
2019-04-23 00:00:00-04:00,48.75741327813049,49.54924899203223,48.63100633959449,49.4848518371582,93292000,0.0,0.0
2019-04-24 00:00:00-04:00,49.45620839106254,49.72333180806465,49.382272705234,49.40850830078125,70162400,0.0,0.0
2019-04-25 00:00:00-04:00,49.329810923117755,49.55161802291001,48.921967248962424,48.96012878417969,74172800,0.0,0.0
2019-04-26 00:00:00-04:00,48.86949494823866,48.89334681703382,48.206453755716254,48.72639465332031,74596400,0.0,0.0
2019-04-29 00:00:00-04:00,48.750243646182206,49.12469688428121,48.62145301481061,48.800331115722656,88818800,0.0,0.0
2019-04-30 00:00:00-04:00,48.43064325999435,48.51173378273669,47.4885527676354,47.860618591308594,186139600,0.0,0.0
2019-05-01 00:00:00-04:00,50.057261179129874,51.35233719994525,49.90223127014681,50.209903717041016,259309200,0.0,0.0
2019-05-02 00:00:00-04:00,50.04770900660693,50.71790507301995,49.63986895589644,49.883140563964844,127985200,0.0,0.0
2019-05-03 00:00:00-04:00,50.29813262307989,50.52471080427624,50.140719033888494,50.50324630737305,83569600,0.0,0.0
2019-05-06 00:00:00-04:00,48.724002474337155,49.809196890304364,48.53558583087321,49.72333526611328,129772400,0.0,0.0
2019-05-07 00:00:00-04:00,49.1032217341043,49.47051642035154,47.89877538804212,48.382938385009766,155054800,0.0,0.0
2019-05-08 00:00:00-04:00,48.153986237910765,48.9744410929356,48.11821207126675,48.39249038696289,105358000,0.0,0.0
2019-05-09 00:00:00-04:00,47.79622789318936,48.10151289928511,46.90422474446259,47.87255096435547,139634400,0.0,0.0
2019-05-10 00:00:00-04:00,47.26680951074046,47.60918573031847,46.1534958760035,47.209346771240234,164834800,0.1925,0.0
2019-05-13 00:00:00-04:00,44.94201315243579,45.365788479732885,43.77841929201786,44.46556091308594,229722400,0.0,0.0
2019-05-14 00:00:00-04:00,44.63076708397739,45.418465818898284,44.39134448751161,45.16946792602539,146118800,0.0,0.0
2019-05-15 00:00:00-04:00,44.59724627738985,45.90928103046059,44.53739063067478,45.7105598449707,106178800,0.0,0.0
2019-05-16 00:00:00-04:00,45.46874760084426,46.08166888253502,45.21256366098968,45.50944900512695,132125600,0.0,0.0
2019-05-17 00:00:00-04:00,44.75525946053676,45.7057673600336,44.71455806184704,45.2508659362793,131516400,0.0,0.0
2019-05-20 00:00:00-04:00,43.93883389096766,44.13755507522487,43.1631033991647,43.835880279541016,154449200,0.0,0.0
2019-05-21 00:00:00-04:00,44.345853734052945,45.011448261831,44.2213529606178,44.6762580871582,113459200,0.0,0.0
2019-05-22 00:00:00-04:00,44.211769468379785,44.46316387943133,43.70658773593652,43.761653900146484,118994400,0.0,0.0
2019-05-23 00:00:00-04:00,43.048186530660814,43.22535692609775,42.571734215795686,43.01466751098633,146118800,0.0,0.0
2019-05-24 00:00:00-04:00,43.143953201217286,43.608433644945144,42.76566504244201,42.849464416503906,94858800,0.0,0.0
2019-05-28 00:00:00-04:00,42.837481499205936,43.23731671269813,42.59566604289216,42.672279357910156,111792800,0.0,0.0
2019-05-29 00:00:00-04:00,42.238937015968816,42.94044717291875,42.13837995674067,42.46878433227539,113924800,0.0,0.0
2019-05-30 00:00:00-04:00,42.60524939880032,42.91171002345526,42.29878877414538,42.689048767089844,84873600,0.0,0.0
2019-05-31 00:00:00-04:00,42.19343784970935,42.61482390464401,41.89655620551277,41.91571044921875,108174400,0.0,0.0
2019-06-03 00:00:00-04:00,42.0426200156373,42.598078679964765,40.76649681588305,41.491947174072266,161584400,0.0,0.0
2019-06-04 00:00:00-04:00,42.00430950042937,43.05537476777668,41.78404110502101,43.009883880615234,123872000,0.0,0.0
2019-06-05 00:00:00-04:00,44.120805094973164,44.290796781787606,43.369018129557915,43.70420837402344,119093600,0.0,0.0
2019-06-06 00:00:00-04:00,43.83348393703956,44.40570372515362,43.61081905035835,44.345848083496094,90105200,0.0,0.0
2019-06-07 00:00:00-04:00,44.65470509073558,45.9499821546274,44.47753471563899,45.52620315551758,122737600,0.0,0.0
2019-06-10 00:00:00-04:00,45.9236528950948,46.77599685145349,45.87816201203644,46.108009338378906,104883600,0.0,0.0
2019-06-11 00:00:00-04:00,46.65389767491463,46.92683934948886,46.35222645142724,46.64192581176758,107731600,0.0,0.0
2019-06-12 00:00:00-04:00,46.43601031654152,46.91964496831461,46.3019342514873,46.493473052978516,73012800,0.0,0.0
2019-06-13 00:00:00-04:00,46.61558132869754,47.11597370565027,46.352218650285145,46.4838981628418,86698400,0.0,0.0
2019-06-14 00:00:00-04:00,45.86139923834012,46.349819729325915,45.56212099174863,46.14631271362305,75046000,0.0,0.0
2019-06-17 00:00:00-04:00,46.18462023261922,46.677833880392626,46.00984274939172,46.42164993286133,58676400,0.0,0.0
2019-06-18 00:00:00-04:00,46.93880725536278,47.95395686657399,46.73769312332653,47.51342010498047,106204000,0.0,0.0
2019-06-19 00:00:00-04:00,47.807892649147135,47.85578008140378,47.240462379227836,47.37453842163086,84496800,0.0,0.0
2019-06-20 00:00:00-04:00,47.97310555578911,48.03056829541135,47.41285754434342,47.75523376464844,86056000,0.0,0.0
2019-06-21 00:00:00-04:00,47.59721577519034,48.08803285817052,47.44158888613369,47.59242630004883,191202400,0.0,0.0
2019-06-24 00:00:00-04:00,47.53495382755675,47.922820862039956,47.44636864871783,47.544532775878906,72881600,0.0,0.0
2019-06-25 00:00:00-04:00,47.508624365019834,47.7073455597451,46.75683755347193,46.82387924194336,84281200,0.0,0.0
2019-06-26 00:00:00-04:00,47.35060423423424,48.12154522701095,47.250047189954486,47.836631774902344,104270000,0.0,0.0
2019-06-27 00:00:00-04:00,47.953948941552476,48.26041321777397,47.7815680377949,47.822269439697266,83598800,0.0,0.0
2019-06-28 00:00:00-04:00,47.56848407525534,47.76481237594813,47.178227691464755,47.38652420043945,124442400,0.0,0.0
2019-07-01 00:00:00-04:00,48.64349397414677,48.95953359072476,48.04014794005199,48.25563049316406,109012000,0.0,0.0
2019-07-02 00:00:00-04:00,48.2221185921087,48.63392585756341,48.21014672850714,48.53815460205078,67740800,0.0,0.0
2019-07-03 00:00:00-04:00,48.66982377146037,48.94755485247247,48.52856532024344,48.940372467041016,45448000,0.0,0.0
2019-07-05 00:00:00-04:00,48.68659222111898,49.10079233915633,48.57884911730465,48.897281646728516,69062000,0.0,0.0
2019-07-08 00:00:00-04:00,48.07844734407372,48.21970578842082,47.50383461771007,47.889305114746094,101354400,0.0,0.0
2019-07-09 00:00:00-04:00,47.69297620031747,48.24604176393507,47.59960154221708,48.181400299072266,82312000,0.0,0.0
2019-07-10 00:00:00-04:00,48.32745527012685,48.777567292500045,48.25802066740765,48.65785598754883,71588400,0.0,0.0
2019-07-11 00:00:00-04:00,48.67701511228483,48.93559199528535,48.293941090035496,48.30351638793945,80767200,0.0,0.0
2019-07-12 00:00:00-04:00,48.47110328699509,48.84220903730102,48.41124763866507,48.67461395263672,70380800,0.0,0.0
2019-07-15 00:00:00-04:00,48.86376782295718,49.2899398482274,48.8422206612221,49.13192367553711,67789600,0.0,0.0
2019-07-16 00:00:00-04:00,48.98346884909922,49.34739222396268,48.72249909193417,48.96192169189453,67467200,0.0,0.0
2019-07-17 00:00:00-04:00,48.854194864021565,49.1031928248063,48.66744548010804,48.68659973144531,56430000,0.0,0.0
2019-07-18 00:00:00-04:00,48.84221213411293,49.29232780714967,48.770384620902945,49.239654541015625,74162400,0.0,0.0
2019-07-19 00:00:00-04:00,49.2707788735222,49.440770539487346,48.449561048653315,48.5046272277832,83717200,0.0,0.0
2019-07-22 00:00:00-04:00,48.75840736425008,49.61554064622825,48.74883206842125,49.6131477355957,89111600,0.0,0.0
2019-07-23 00:00:00-04:00,49.91004422158838,50.017783676941924,49.629916523049886,50.00102233886719,73420800,0.0,0.0
2019-07-24 00:00:00-04:00,49.720889297382925,50.07523371101221,49.60117800125017,49.96031188964844,59966400,0.0,0.0
2019-07-25 00:00:00-04:00,50.01298473022078,50.09678409812618,49.4958310584991,49.56526565551758,55638400,0.0,0.0
2019-07-26 00:00:00-04:00,49.675403421281054,50.21410430811092,49.594000608507464,49.73765563964844,70475600,0.0,0.0
2019-07-29 00:00:00-04:00,49.91004094351676,50.43198050122844,49.905251468195765,50.20213317871094,86693600,0.0,0.0
2019-07-30 00:00:00-04:00,49.98186289912939,50.317056746119604,49.63470084424237,49.98665237426758,135742800,0.0,0.0
2019-07-31 00:00:00-04:00,51.81583752155325,53.00097863500099,50.58999500539061,51.006587982177734,277125600,0.0,0.0
2019-08-01 00:00:00-04:00,51.21248911312201,52.201305551333476,49.49822619298105,49.90284729003906,216071600,0.0,0.0
2019-08-02 00:00:00-04:00,49.20854230643441,49.424021253516194,48.27479533134651,48.847015380859375,163448400,0.0,0.0
2019-08-05 00:00:00-04:00,47.403272193424044,47.561288300596566,46.10799531556545,46.289955139160156,209572000,0.0,0.0
2019-08-06 00:00:00-04:00,47.001057560598184,47.422443742301255,46.45756714849681,47.166259765625,143299200,0.0,0.0
2019-08-07 00:00:00-04:00,46.785580433088036,47.77918295906988,46.40489930028725,47.65468215942383,133457600,0.0,0.0
2019-08-08 00:00:00-04:00,47.932407841865114,48.72968560566816,47.73847610399667,48.70574188232422,108038000,0.0,0.0
2019-08-09 00:00:00-04:00,48.378888558753715,48.729771632927324,47.89581833034356,48.304386138916016,98478800,0.1925,0.0
2019-08-12 00:00:00-04:00,47.975122589913205,48.55913186457045,47.862166138995526,48.18180847167969,89927600,0.0,0.0
2019-08-13 00:00:00-04:00,48.311599418361524,50.984093390193046,48.18181792423024,50.22224044799805,188874000,0.0,0.0
2019-08-14 00:00:00-04:00,48.82591980090135,49.614209594454216,48.68892860481672,48.72738265991211,146189600,0.0,0.0
2019-08-15 00:00:00-04:00,48.89800620511257,49.301762666206294,47.98714483073128,48.48463439941406,108909600,0.0,0.0
2019-08-16 00:00:00-04:00,49.0950783725183,49.787236519570556,48.98933158147647,49.62861633300781,110481600,0.0,0.0
2019-08-19 00:00:00-04:00,50.61878493455606,51.125886205011135,50.476989765853084,50.553897857666016,97654400,0.0,0.0
2019-08-20 00:00:00-04:00,50.68127111152873,51.274892121646914,50.54668562484565,50.556297302246094,107537200,0.0,0.0
2019-08-21 00:00:00-04:00,51.18838108277088,51.346997623585295,50.85431931166854,51.10426330566406,86141600,0.0,0.0
2019-08-22 00:00:00-04:00,51.23643854407338,51.536853889289645,50.65002720346251,51.060997009277344,89014800,0.0,0.0
2019-08-23 00:00:00-04:00,50.33278212314745,50.96245512141073,48.30678298506462,48.700927734375,187272000,0.0,0.0
2019-08-26 00:00:00-04:00,49.47480636916046,49.79444876140259,49.282539799826424,49.626216888427734,104174400,0.0,0.0
2019-08-27 00:00:00-04:00,49.95546320825073,50.121293052732874,48.91482409284731,49.06623458862305,103493200,0.0,0.0
2019-08-28 00:00:00-04:00,49.05181915815829,49.441156273048314,48.864360275642376,49.39549255371094,63755200,0.0,0.0
2019-08-29 00:00:00-04:00,50.109281524994124,50.306355759343454,49.667070999812736,50.231849670410156,83962000,0.0,0.0
2019-08-30 00:00:00-04:00,50.50824459091684,50.57793935476577,49.79685926312093,50.16697311401367,84573600,0.0,0.0
2019-09-03 00:00:00-04:00,49.61178566616297,49.743969139920104,49.08065343594684,49.436344146728516,80092000,0.0,0.0
2019-09-04 00:00:00-04:00,50.08284558735108,50.344806902391355,49.82569194490394,50.27511215209961,76752400,0.0,0.0
2019-09-05 00:00:00-04:00,50.950446853296846,51.42390177073253,50.83268270783798,51.25807189941406,95654800,0.0,0.0
2019-09-06 00:00:00-04:00,51.44312612414458,51.53204789572798,51.07301235316033,51.25326156616211,77449200,0.0,0.0
2019-09-09 00:00:00-04:00,51.63298415640306,52.0175172563899,50.72693413624486,51.471961975097656,109237600,0.0,0.0
2019-09-10 00:00:00-04:00,51.397459068892765,52.09922885258903,50.88074615868259,52.08000183105469,127111600,0.0,0.0
2019-09-11 00:00:00-04:00,52.409254272019126,53.76472798311342,52.327538521905325,53.73588562011719,177158400,0.0,0.0
2019-09-12 00:00:00-04:00,54.02670396356076,54.41604113184608,53.560458695911414,53.6157341003418,128906800,0.0,0.0
2019-09-13 00:00:00-04:00,52.87310442243304,53.06296532020904,52.15691521661223,52.572689056396484,159053200,0.0,0.0
2019-09-16 00:00:00-04:00,52.327539518617684,52.904339116201704,52.28668347637208,52.84906005859375,84632400,0.0,0.0
2019-09-17 00:00:00-04:00,52.863484906843915,53.07017079472141,52.66160302374134,53.04132843017578,73274800,0.0,0.0
2019-09-18 00:00:00-04:00,53.12785236837871,53.55804919622197,52.73851525459077,53.538822174072266,101360000,0.0,0.0
2019-09-19 00:00:00-04:00,53.356166754377384,53.77674823327691,52.962021972267294,53.10382080078125,88242400,0.0,0.0
2019-09-20 00:00:00-04:00,53.204767926646866,53.48835829201576,52.26506771503566,52.327552795410156,221652400,0.0,0.0
2019-09-23 00:00:00-04:00,52.620758497705765,52.83465410674232,52.3083257615272,52.56548309326172,76662000,0.0,0.0
2019-09-24 00:00:00-04:00,53.12064347326149,53.471530215080406,52.19776839960509,52.315528869628906,124763200,0.0,0.0
2019-09-25 00:00:00-04:00,52.52461304366053,53.23359243520831,52.18574369701998,53.120635986328125,87613600,0.0,0.0
2019-09-26 00:00:00-04:00,52.87309730935552,53.09901022097145,52.59190900463546,52.84666061401367,75334000,0.0,0.0
2019-09-27 00:00:00-04:00,53.002880023860584,53.10382280973313,52.21939810228417,52.58951187133789,101408000,0.0,0.0
2019-09-30 00:00:00-04:00,53.08940658347618,53.9738314040598,53.06296988230488,53.82722854614258,103909600,0.0,0.0
2019-10-01 00:00:00-04:00,54.09159276622988,54.84863804778662,53.88250117060058,53.97623062133789,139223200,0.0,0.0
2019-10-02 00:00:00-04:00,53.6085059878896,53.733479772786325,52.37560048942201,52.623146057128906,138449200,0.0,0.0
2019-10-03 00:00:00-04:00,52.49577750833809,53.10382154299348,51.70268392792921,53.07017517089844,114426000,0.0,0.0
2019-10-04 00:00:00-04:00,54.2285843362646,54.67320059348173,53.80800277783008,54.557838439941406,138478800,0.0,0.0
2019-10-07 00:00:00-04:00,54.379978615757466,55.259591853696065,54.27663384249984,54.56983947753906,122306000,0.0,0.0
2019-10-08 00:00:00-04:00,54.27183612343445,54.81017807266463,53.91373971335013,53.93056106567383,111820000,0.0,0.0
2019-10-09 00:00:00-04:00,54.56263732910156,54.74528854203184,54.22857560601276,54.56263732910156,74770400,0.0,0.0
2019-10-10 00:00:00-04:00,54.77893513356194,55.38217150680817,54.62752828997779,55.29805374145508,113013600,0.0,0.0
2019-10-11 00:00:00-04:00,55.98540478852595,57.11256378651316,55.83159227355159,56.768890380859375,166795600,0.0,0.0
2019-10-14 00:00:00-04:00,56.45405313736609,57.230329070079826,56.39877773778656,56.68717575073242,96427600,0.0,0.0
2019-10-15 00:00:00-04:00,56.812146302927566,57.114963649042345,56.44924588810258,56.55499267578125,87360000,0.0,0.0
2019-10-16 00:00:00-04:00,56.08633553766423,56.53575933506916,56.04547949556907,56.32666778564453,73903200,0.0,0.0
2019-10-17 00:00:00-04:00,56.49970829460661,56.754459895212634,56.122388565552164,56.545372009277344,67585200,0.0,0.0
2019-10-18 00:00:00-04:00,56.379541483040704,57.09813622863061,56.307441074815046,56.81694793701172,97433600,0.0,0.0
2019-10-21 00:00:00-04:00,57.083731129906674,57.9176845365252,57.03566540148423,57.80232238769531,87247200,0.0,0.0
2019-10-22 00:00:00-04:00,57.95853733426326,58.20848130833189,57.58842354511688,57.67013931274414,82293600,0.0,0.0
2019-10-23 00:00:00-04:00,58.184448414812785,58.458427076554564,57.97295482779117,58.44400405883789,75828800,0.0,0.0
2019-10-24 00:00:00-04:00,58.763649338023576,58.83334775862676,58.11475286162288,58.54014205932617,69275200,0.0,0.0
2019-10-25 00:00:00-04:00,58.43919912909384,59.297183477090634,58.37190638286585,59.26113510131836,73477200,0.0,0.0
2019-10-28 00:00:00-04:00,59.46301260952673,59.90282112444377,59.294780746023385,59.85475540161133,96572800,0.0,0.0
2019-10-29 00:00:00-04:00,59.835537001961505,60.02299591504851,58.29741164658606,58.4704475402832,142839600,0.0,0.0
2019-10-30 00:00:00-04:00,58.82373239756854,58.95351389312253,57.97055566675113,58.463233947753906,124522000,0.0,0.0
2019-10-31 00:00:00-04:00,59.41975464010306,59.883594183478614,57.021235828674115,59.785057067871094,139162000,0.0,0.0
2019-11-01 00:00:00-04:00,59.97252128655309,61.50824455627897,59.88119750508098,61.4818115234375,151125200,0.0,0.0
2019-11-04 00:00:00-05:00,61.84470699366309,61.969684482565675,61.37606341335742,61.88556671142578,103272000,0.0,0.0
2019-11-05 00:00:00-05:00,61.77741161321152,62.05139394165395,61.60197373719849,61.7966423034668,79897600,0.0,0.0
2019-11-06 00:00:00-05:00,61.71010645087188,61.88314595655953,61.37364278268977,61.823062896728516,75864400,0.0,0.0
2019-11-07 00:00:00-05:00,62.370270461445436,62.75837098318758,62.21840535973675,62.536598205566406,94940400,0.1925,0.0
2019-11-08 00:00:00-05:00,62.35821740841793,62.78006162131691,61.914679233049654,62.70774841308594,69986400,0.0,0.0
2019-11-11 00:00:00-05:00,62.264206908852415,63.26940470655906,62.25938848011843,63.204322814941406,81821200,0.0,0.0
2019-11-12 00:00:00-05:00,63.04762853024531,63.346540292385484,62.89577079131736,63.146461486816406,87388800,0.0,0.0
2019-11-13 00:00:00-05:00,62.94637282874981,63.82621762764174,62.93191019090108,63.75149154663086,102734400,0.0,0.0
2019-11-14 00:00:00-05:00,63.57794140753723,63.850333385659255,63.180204098443475,63.31037521362305,89182800,0.0,0.0
2019-11-15 00:00:00-05:00,63.56107338652864,64.06728791082074,63.39957143680535,64.06246948242188,100206400,0.0,0.0
2019-11-18 00:00:00-05:00,64.07212356360307,64.46504259692593,63.69367453212524,64.385498046875,86703200,0.0,0.0
2019-11-19 00:00:00-05:00,64.5783168124191,64.60242366565966,63.97327672744023,64.19022369384766,76167200,0.0,0.0
2019-11-20 00:00:00-05:00,64.00941756624933,64.1395813002126,62.770397707316036,63.44293975830078,106234400,0.0,0.0
2019-11-21 00:00:00-05:00,63.5634845963379,63.64062358695327,62.95843713304087,63.15851593017578,121395200,0.0,0.0
2019-11-22 00:00:00-05:00,63.29831465996502,63.44053551515698,62.876470521956044,63.10306167602539,65325200,0.0,0.0
2019-11-25 00:00:00-05:00,63.327245332981434,64.22637870631682,63.2814445198713,64.20950317382812,84020400,0.0,0.0
2019-11-26 00:00:00-05:00,64.34691731931105,64.39994946222428,63.27663760333847,63.708126068115234,105207600,0.0,0.0
2019-11-27 00:00:00-05:00,64.01908157822496,64.59761673344,63.953999683634294,64.5638656616211,65235600,0.0,0.0
2019-11-29 00:00:00-05:00,64.26493974297915,64.60241356645375,64.09619915305304,64.42162322998047,46617600,0.0,0.0
2019-12-02 00:00:00-05:00,64.42645844153186,64.66269385769631,63.50563834538534,63.67678451538086,94487200,0.0,0.0
2019-12-03 00:00:00-05:00,62.266607486055904,62.560693421017824,61.779681450558876,62.541412353515625,114430400,0.0,0.0
2019-12-04 00:00:00-05:00,62.931939027415204,63.47189737152567,62.83792448194202,63.093441009521484,67181600,0.0,0.0
2019-12-05 00:00:00-05:00,63.58759242350244,64.09380694214096,63.332075950010655,64.01907348632812,74424400,0.0,0.0
2019-12-06 00:00:00-05:00,64.4770771543204,65.32558393574297,64.43368187672564,65.25567626953125,106075600,0.0,0.0
2019-12-09 00:00:00-05:00,65.08452929679349,65.27736940401036,63.85756627540826,64.34208679199219,128042400,0.0,0.0
2019-12-10 00:00:00-05:00,64.74707256593162,65.10142205791261,64.08657994334212,64.71814727783203,90420400,0.0,0.0
2019-12-11 00:00:00-05:00,64.79767816395331,65.34969348345126,64.7229520666511,65.2701416015625,78756800,0.0,0.0
2019-12-12 00:00:00-05:00,64.54939371100679,65.70163071358168,64.4385110100101,65.43647003173828,137310400,0.0,0.0
2019-12-13 00:00:00-05:00,65.43649163345025,66.36213775496515,65.30873335680218,66.32598114013672,133587600,0.0,0.0
2019-12-16 00:00:00-05:00,66.77190101970982,67.68549695987365,66.76708259212,67.46131134033203,128186000,0.0,0.0
2019-12-17 00:00:00-05:00,67.39142586827938,67.9217399186146,67.20580969773938,67.59391021728516,114158400,0.0,0.0
2019-12-18 00:00:00-05:00,67.44685857632358,67.95307308973534,67.28294373773436,67.4323959350586,116028400,0.0,0.0
2019-12-19 00:00:00-05:00,67.37453261033633,67.77950120181951,67.24195597172216,67.4998779296875,98369200,0.0,0.0
2019-12-20 00:00:00-05:00,68.03264220718796,68.13388072168874,67.14797119168522,67.36009979248047,275978000,0.0,0.0
2019-12-23 00:00:00-05:00,67.62283998023321,68.5195606460034,67.58427047933793,68.45929718017578,98572000,0.0,0.0
2019-12-24 00:00:00-05:00,68.62563705159103,68.67385077531826,68.19897428649253,68.5243911743164,48478800,0.0,0.0
2019-12-26 00:00:00-05:00,68.6569481192903,69.90078666508992,68.628022839031,69.8839111328125,93121200,0.0,0.0
2019-12-27 00:00:00-05:00,70.17559181703608,70.86259672343512,69.45243030638008,69.8573989868164,146266000,0.0,0.0
2019-12-30 00:00:00-05:00,69.77544807084396,70.55405468487673,68.75338206119498,70.27201843261719,144114400,0.0,0.0
2019-12-31 00:00:00-05:00,69.88872574600676,70.79267748666231,69.78989280626304,70.78544616699219,100805600,0.0,0.0
2020-01-02 00:00:00-05:00,71.4097927692221,72.46079141879511,71.15668916006118,72.40052795410156,135480400,0.0,0.0
2020-01-03 00:00:00-05:00,71.62914523544616,72.45595811976894,71.47246171476719,71.69664001464844,146322800,0.0,0.0
2020-01-06 00:00:00-05:00,70.81918573286022,72.30648330246464,70.56848776436438,72.26791381835938,118387200,0.0,0.0
2020-01-07 00:00:00-05:00,72.2775784441153,72.53309491165653,71.70869494472285,71.92805480957031,108872000,0.0,0.0
2020-01-08 00:00:00-05:00,71.63155170295238,73.38642316119072,71.63155170295238,73.0851058959961,132079200,0.0,0.0
2020-01-09 00:00:00-05:00,74.06135963491325,74.83032176731344,73.81066900497032,74.63748168945312,170108400,0.0,0.0
2020-01-10 00:00:00-05:00,74.87132551313572,75.370308736383,74.30484750773756,74.80623626708984,140644800,0.0,0.0
2020-01-13 00:00:00-05:00,75.1220256778742,76.43094632364196,75.0039042885127,76.40442657470703,121532000,0.0,0.0
2020-01-14 00:00:00-05:00,76.34174457661803,76.55146021431688,75.24977111147209,75.3727035522461,161954400,0.0,0.0
2020-01-15 00:00:00-05:00,75.17263768221467,76.05248268254357,74.61820946436237,75.04969787597656,121923600,0.0,0.0
2020-01-16 00:00:00-05:00,75.5920773695483,76.1007048279931,75.23049658770428,75.98981475830078,108829200,0.0,0.0
2020-01-17 00:00:00-05:00,76.23810266381822,76.83350600016065,75.9319669058597,76.83110046386719,137816400,0.0,0.0
2020-01-21 00:00:00-05:00,76.45986173724447,76.90098699093934,76.1730071029982,76.31040954589844,110843200,0.0,0.0
2020-01-22 00:00:00-05:00,76.79490770076272,77.13479440317133,76.48877205760677,76.5827865600586,101832400,0.0,0.0
2020-01-23 00:00:00-05:00,76.6358420591075,77.03116654175618,76.0886451198764,76.95162200927734,104472000,0.0,0.0
2020-01-24 00:00:00-05:00,77.19749582877215,77.93993845348767,76.53941616685312,76.72985076904297,146537600,0.0,0.0
2020-01-27 00:00:00-05:00,74.74114561147599,75.15334557711078,73.49248860994267,74.47357940673828,161940000,0.0,0.0
2020-01-28 00:00:00-05:00,75.35341281852345,76.75152179476333,75.25457988632637,76.58037567138672,162234000,0.0,0.0
2020-01-29 00:00:00-05:00,78.20992276333985,79.02950436307852,77.46988569545148,78.18340301513672,216229200,0.0,0.0
2020-01-30 00:00:00-05:00,77.26738534868132,78.12312337660362,76.83589699674123,78.0700912475586,126743200,0.0,0.0
2020-01-31 00:00:00-05:00,77.3614124669731,77.78325671620777,74.31449554353281,74.60858154296875,199588400,0.0,0.0
2020-02-03 00:00:00-05:00,73.35266528651083,75.5679502030693,72.85127664058147,74.4036636352539,173788400,0.0,0.0
2020-02-04 00:00:00-05:00,76.0066606092873,77.0504275114738,75.60169205731341,76.85999298095703,136616400,0.0,0.0
2020-02-05 00:00:00-05:00,77.98573120045752,78.28464294726993,76.88412080562057,77.48675537109375,118826800,0.0,0.0
2020-02-06 00:00:00-05:00,77.7567339114429,78.39552507490272,77.1999001655233,78.39311218261719,105425600,0.0,0.0
2020-02-07 00:00:00-05:00,77.89294126547146,78.14181565091206,76.83703724788526,77.3275375366211,117684000,0.1925,0.0
2020-02-10 00:00:00-05:00,75.91400480691036,77.69478607177734,75.8342715240242,77.69478607177734,109348800,0.0,0.0
2020-02-11 00:00:00-05:00,78.19014369789785,78.26262851927434,77.00858949259958,77.2260513305664,94323200,0.0,0.0
2020-02-12 00:00:00-05:00,77.67548599053883,79.06483505188083,77.67548599053883,79.06000518798828,113730400,0.0,0.0
2020-02-13 00:00:00-05:00,78.3327054260137,78.82320573508036,78.12974054369347,78.49700927734375,94747600,0.0,0.0
2020-02-14 00:00:00-05:00,78.4655954129786,78.7652165546687,78.00892627887556,78.51634216308594,80113600,0.0,0.0
2020-02-18 00:00:00-05:00,76.19912973455325,77.25987082813228,76.01791033464364,77.07865142822266,152531200,0.0,0.0
2020-02-19 00:00:00-05:00,77.32030726926044,78.42453967717096,77.32030726926044,78.19499206542969,93984000,0.0,0.0
2020-02-20 00:00:00-05:00,77.95578436208415,78.44386614487053,76.88779437840257,77.39279174804688,100566000,0.0,0.0
2020-02-21 00:00:00-05:00,76.98686488364316,77.42904453523326,75.02486319974747,75.64100646972656,129554000,0.0,0.0
2020-02-24 00:00:00-05:00,71.82572767869755,73.49777501677713,69.8854717188165,72.04801940917969,222195200,0.0,0.0
2020-02-25 00:00:00-05:00,72.71732141374063,73.09908711151304,69.13642361597664,69.60758972167969,230673600,0.0,0.0
2020-02-26 00:00:00-05:00,69.23308803031283,71.97554423056066,69.22583954625632,70.71183776855469,198054800,0.0,0.0
2020-02-27 00:00:00-05:00,67.9210677200737,69.10503360425979,65.95422860881692,66.08953857421875,320605600,0.0,0.0
2020-02-28 00:00:00-05:00,62.16070769518164,67.27109616773122,61.94565701374711,66.0508804321289,426510000,0.0,0.0
2020-03-02 00:00:00-05:00,68.20616489725688,72.83571844288954,67.10435128397388,72.20024108886719,341397200,0.0,0.0
2020-03-03 00:00:00-05:00,73.37456066472664,73.45429398937054,69.05669843915538,69.9072265625,319475600,0.0,0.0
2020-03-04 00:00:00-05:00,71.62760069893737,73.30931532822694,70.82781935536424,73.14984130859375,219178400,0.0,0.0
2020-03-05 00:00:00-05:00,71.40529829391956,72.37905058025478,70.41221917601806,70.7770767211914,187572800,0.0,0.0
2020-03-06 00:00:00-05:00,68.13849804691934,70.26964007470336,67.9524487742093,69.83712768554688,226176800,0.0,0.0
2020-03-09 00:00:00-04:00,63.72884532127841,67.19376061426469,63.54762585590985,64.31358337402344,286744800,0.0,0.0
2020-03-10 00:00:00-04:00,66.96422060751131,69.21133903609883,65.08678222072572,68.94554901123047,285290000,0.0,0.0
2020-03-11 00:00:00-04:00,67.02461750309321,67.9500415324096,65.68841908631278,66.551025390625,255598800,0.0,0.0
2020-03-12 00:00:00-04:00,61.8417392125565,65.23899909398826,59.92322879744106,59.97880172729492,418474000,0.0,0.0
2020-03-13 00:00:00-04:00,64.00430755021486,67.63594563074507,61.11928915474014,67.1647720336914,370732000,0.0,0.0
2020-03-16 00:00:00-04:00,58.46137535701287,62.6004237798405,57.9902056733009,58.524200439453125,322423600,0.0,0.0
2020-03-17 00:00:00-04:00,59.804837684368415,62.24525757240569,57.60362512771133,61.097537994384766,324056000,0.0,0.0
2020-03-18 00:00:00-04:00,57.934635402563295,60.406466999860505,57.29432464021389,59.60185241699219,300233600,0.0,0.0
2020-03-19 00:00:00-04:00,59.77583883377371,61.09269941838276,58.62086718026377,59.14519500732422,271857200,0.0,0.0
2020-03-20 00:00:00-04:00,59.725089265820536,60.84865193316744,55.090706190239764,55.390323638916016,401693200,0.0,0.0
2020-03-23 00:00:00-04:00,55.11004159498472,55.211524041383235,51.37208822817037,54.21360778808594,336752800,0.0,0.0
2020-03-24 00:00:00-04:00,57.11070131069981,59.84832336499044,56.61295251663222,59.65260696411133,287531200,0.0,0.0
2020-03-25 00:00:00-04:00,60.58770003932158,62.399894457247456,59.029213577289134,59.323997497558594,303602000,0.0,0.0
2020-03-26 00:00:00-04:00,59.56562765348039,62.50379627651141,59.52696661828964,62.44580841064453,252087200,0.0,0.0
2020-03-27 00:00:00-04:00,61.0709416804956,61.82481325258339,59.69367489036661,59.86039733886719,204216800,0.0,0.0
2020-03-30 00:00:00-04:00,60.58527581752455,61.740247254497845,60.26149432911051,61.56869125366211,167976400,0.0,0.0
2020-03-31 00:00:00-04:00,61.75959108899796,63.42438996368667,60.88973623938196,61.443058013916016,197002000,0.0,0.0
2020-04-01 00:00:00-04:00,59.56078230159109,60.09719207609643,57.78000065964953,58.2100944519043,176218400,0.0,0.0
2020-04-02 00:00:00-04:00,58.072376290076036,59.234596446659125,57.241182484383906,59.18143844604492,165934000,0.0,0.0
2020-04-03 00:00:00-04:00,58.66676958439928,59.36748322353769,57.7413419398106,58.330909729003906,129880000,0.0,0.0
2020-04-06 00:00:00-04:00,60.62393105385243,63.57418094682844,60.256662375458305,63.4195442199707,201820400,0.0,0.0
2020-04-07 00:00:00-04:00,65.43230640646736,65.64977566750463,62.5811230546705,62.685020446777344,202887200,0.0,0.0
2020-04-08 00:00:00-04:00,63.484794969799864,64.60352421399418,63.1199448269442,64.28941345214844,168895200,0.0,0.0
2020-04-09 00:00:00-04:00,64.92487082512187,65.2558970699064,63.95836739563788,64.75331115722656,161834800,0.0,0.0
2020-04-13 00:00:00-04:00,64.83063671400997,66.1330036952468,64.23140190068074,66.0242691040039,131022800,0.0,0.0
2020-04-14 00:00:00-04:00,67.65526649113433,69.64868059310524,67.18409293567838,69.35872650146484,194994800,0.0,0.0
2020-04-15 00:00:00-04:00,68.23513158350792,69.18471930712683,67.80745652734791,68.72563171386719,131154400,0.0,0.0
2020-04-16 00:00:00-04:00,69.43845097329417,69.63658597716727,68.22307301485074,69.271728515625,157125200,0.0,0.0
2020-04-17 00:00:00-04:00,68.78847886393716,69.33455576393993,66.89654391550201,68.33180236816406,215250000,0.0,0.0
2020-04-20 00:00:00-04:00,67.1599076040023,68.06116730050987,66.89411769563229,66.91344451904297,130015200,0.0,0.0
2020-04-21 00:00:00-04:00,66.75640806793423,66.99078550242736,64.13476539316186,64.84514617919922,180991600,0.0,0.0
2020-04-22 00:00:00-04:00,66.1112826802845,67.14786022788293,65.77059652802312,66.71293640136719,116862400,0.0,0.0
2020-04-23 00:00:00-04:00,66.65734876053877,68.07811050746528,66.41572281375096,66.45438385009766,124814400,0.0,0.0
2020-04-24 00:00:00-04:00,66.9787077583751,68.3825537591584,66.93037962499518,68.37288665771484,126161200,0.0,0.0
2020-04-27 00:00:00-04:00,68.09018514896542,68.7522452213369,67.64318307081028,68.42121887207031,117087600,0.0,0.0
2020-04-28 00:00:00-04:00,68.88270199466979,69.06392140300909,67.22032214952667,67.3121337890625,112004800,0.0,0.0
2020-04-29 00:00:00-04:00,68.79814023520653,69.991772685642,68.59517537860054,69.52301788330078,137280800,0.0,0.0
2020-04-30 00:00:00-04:00,70.06185756526263,71.16608991336996,69.67284332982524,70.98970031738281,183064000,0.0,0.0
2020-05-01 00:00:00-04:00,69.16542249456992,72.24615310349837,69.06877359729275,69.84680938720703,240616800,0.0,0.0
2020-05-04 00:00:00-04:00,69.87096747127923,70.96311392727311,69.1823321546666,70.83505249023438,133568000,0.0,0.0
2020-05-05 00:00:00-04:00,71.29412868376939,72.72938694291523,71.14915168685677,71.898193359375,147751200,0.0,0.0
2020-05-06 00:00:00-04:00,72.59892736503848,73.27064717863384,72.21474300795924,72.64000701904297,142333600,0.0,0.0
2020-05-07 00:00:00-04:00,73.26580616038919,73.73697961793019,72.96377378346223,73.39144897460938,115215200,0.0,0.0
2020-05-08 00:00:00-04:00,74.05045567520663,75.19159229593362,73.72337622769179,75.13829040527344,133838400,0.205,0.0
2020-05-11 00:00:00-04:00,74.64644722875487,76.81484814613628,74.4380826460871,76.32060241699219,145946400,0.0,0.0
2020-05-12 00:00:00-04:00,77.00384337710936,77.45448798811958,75.32727004325628,75.44841003417969,162301200,0.0,0.0
2020-05-13 00:00:00-04:00,75.62771287585991,76.54838146254056,73.46172873051864,74.5374526977539,200622400,0.0,0.0
2020-05-14 00:00:00-04:00,73.7767005983549,75.05593897018935,73.0547033855626,74.99536895751953,158929200,0.0,0.0
2020-05-15 00:00:00-04:00,72.76877941737926,74.59798995557082,72.73485667770787,74.55195617675781,166348400,0.0,0.0
2020-05-18 00:00:00-04:00,75.8748339325949,76.68162311206635,75.18433442581173,76.30850982666016,135178400,0.0,0.0
2020-05-19 00:00:00-04:00,76.32545901161194,77.17101374486556,75.83605613168199,75.8675537109375,101729600,0.0,0.0
2020-05-20 00:00:00-04:00,76.72522208271401,77.41329633678234,76.68645639876391,77.3430404663086,111504800,0.0,0.0
2020-05-21 00:00:00-04:00,77.20494465969075,77.74523171426733,76.52898139842385,76.76641845703125,102688800,0.0,0.0
2020-05-22 00:00:00-04:00,76.5047234855925,77.34301728640294,76.40297006529269,77.2606430053711,81803200,0.0,0.0
2020-05-26 00:00:00-04:00,78.37757568234818,78.55686050645615,76.68161577577496,76.73734283447266,125522000,0.0,0.0
2020-05-27 00:00:00-04:00,76.59441646239908,77.21707055459125,75.8554578938175,77.07170104980469,112945200,0.0,0.0
2020-05-28 00:00:00-04:00,76.74702903556799,78.36303980666368,76.47083369438819,77.10560607910156,133560800,0.0,0.0
2020-05-29 00:00:00-04:00,77.34789618259597,77.8082267406315,76.67435802451047,77.03050994873047,153532400,0.0,0.0
2020-06-01 00:00:00-04:00,76.9844643152945,78.09895371175787,76.85363105469186,77.97781372070312,80791200,0.0,0.0
2020-06-02 00:00:00-04:00,77.71130190496551,78.36303562857958,77.27035057638682,78.33880615234375,87642800,0.0,0.0
2020-06-03 00:00:00-04:00,78.65861858793946,79.03173182452788,78.08683399477036,78.77006530761719,104491200,0.0,0.0
2020-06-04 00:00:00-04:00,78.59321142956854,78.89121109253435,77.71857679947686,78.09169006347656,87560400,0.0,0.0
2020-06-05 00:00:00-04:00,78.3412531788607,80.37640405600247,78.3121807567844,80.31583404541016,137250400,0.0,0.0
2020-06-08 00:00:00-04:00,80.01295571139336,80.82459504521165,79.30307721267422,80.7906723022461,95654400,0.0,0.0
2020-06-09 00:00:00-04:00,80.47088393003234,83.7343884798814,80.43938634656227,83.3418960571289,147712400,0.0,0.0
2020-06-10 00:00:00-04:00,84.28919748972832,85.95365964938672,83.85067134903046,85.4860610961914,166651600,0.0,0.0
2020-06-11 00:00:00-04:00,84.63081897651477,85.05480894028344,81.28009011611704,81.38184356689453,201662400,0.0,0.0
2020-06-12 00:00:00-04:00,83.51876594974783,84.26498513269779,80.97482582626513,82.08446502685547,200146000,0.0,0.0
2020-06-15 00:00:00-04:00,80.73980469603605,83.75134312369018,80.57747385342842,83.099609375,138808800,0.0,0.0
2020-06-16 00:00:00-04:00,85.15175134573616,85.57332369538913,83.51878603968781,85.30196380615234,165428800,0.0,0.0
2020-06-17 00:00:00-04:00,86.04574378022643,86.10631378252053,85.06208753447432,85.1832275390625,114406400,0.0,0.0
2020-06-18 00:00:00-04:00,85.13961645194037,85.6338697266432,84.60902265567091,85.21714782714844,96820400,0.0,0.0
2020-06-19 00:00:00-04:00,85.9221612409191,86.3873345839492,83.62291958868391,84.73014068603516,264476000,0.0,0.0
2020-06-22 00:00:00-04:00,85.12267580762732,87.08998872139854,85.07664200449912,86.9470443725586,135445200,0.0,0.0
2020-06-23 00:00:00-04:00,88.18991128978877,90.22021867227018,87.77076426941889,88.8028793334961,212155600,0.0,0.0
2020-06-24 00:00:00-04:00,88.43220009652119,89.3504433677871,86.86222303304002,87.23533630371094,192623200,0.0,0.0
2020-06-25 00:00:00-04:00,87.39040482402382,88.43220593644023,86.63206719010891,88.39344024658203,137522400,0.0,0.0
2020-06-26 00:00:00-04:00,88.28925300034977,88.50972868089589,85.52968033530838,85.67747497558594,205256800,0.0,0.0
2020-06-29 00:00:00-04:00,85.58540582946648,87.74654657742667,85.10811395697272,87.65205383300781,130646000,0.0,0.0
2020-06-30 00:00:00-04:00,87.24015876930861,88.6696163504572,87.22077962710664,88.38372039794922,140223200,0.0,0.0
2020-07-01 00:00:00-04:00,88.46126551068063,89.00397030229519,88.16810880383152,88.21656036376953,110737200,0.0,0.0
2020-07-02 00:00:00-04:00,89.12269252080957,89.75746488824406,88.10269587070599,88.21656036376953,114041600,0.0,0.0
2020-07-06 00:00:00-04:00,89.6436059572989,91.0439841546096,89.61210837219791,90.57638549804688,118655600,0.0,0.0
2020-07-07 00:00:00-04:00,90.95432038842118,91.73203698734285,90.18387189252502,90.29531860351562,112424400,0.0,0.0
2020-07-08 00:00:00-04:00,91.27172253001288,92.42982064230873,91.18449788463136,92.39832305908203,117092000,0.0,0.0
2020-07-09 00:00:00-04:00,93.28991545550893,93.34321735378231,91.74901813164107,92.79566955566406,125642800,0.0,0.0
2020-07-10 00:00:00-04:00,92.39105821700926,93.01614478395153,91.78051525297649,92.95799255371094,90257200,0.0,0.0
2020-07-13 00:00:00-04:00,94.26144459491981,96.8683794397454,92.31593673037001,92.52914428710938,191649200,0.0,0.0
2020-07-14 00:00:00-04:00,91.91134148904221,94.25176728421596,90.97856936107081,94.06037139892578,170989200,0.0,0.0
2020-07-15 00:00:00-04:00,95.93318100843004,96.18272909779543,93.51038115292206,94.70724487304688,153198000,0.0,0.0
2020-07-16 00:00:00-04:00,93.58064343111674,94.39712579079603,92.94344589283693,93.54187774658203,110577600,0.0,0.0
2020-07-17 00:00:00-04:00,93.99252801605422,94.14758336972574,92.8804563206502,93.3529052734375,92186800,0.0,0.0
2020-07-20 00:00:00-04:00,93.44013312925429,95.45832232514117,93.09609226760277,95.32022094726562,90318000,0.0,0.0
2020-07-21 00:00:00-04:00,96.110052433633,96.18515864106797,93.75509057115264,94.004638671875,103433200,0.0,0.0
2020-07-22 00:00:00-04:00,93.70663117027293,94.94952872983103,93.61941392094188,94.26872253417969,89001600,0.0,0.0
2020-07-23 00:00:00-04:00,94.00221048521436,94.0797418561393,89.16872914510222,89.97794342041016,197004400,0.0,0.0
2020-07-24 00:00:00-04:00,88.17779782726093,90.0990762102355,86.3921882418588,89.75503540039062,185438800,0.0,0.0
2020-07-27 00:00:00-04:00,90.81624776325609,91.97434603902647,90.59335427077137,91.88227844238281,121214000,0.0,0.0
2020-07-28 00:00:00-04:00,91.45345364442228,91.63032074825087,90.36803632453014,90.37288665771484,103625600,0.0,0.0
2020-07-29 00:00:00-04:00,90.85498286396583,92.28928344671583,90.81864234957972,92.10514831542969,90329200,0.0,0.0
2020-07-30 00:00:00-04:00,91.27900014562395,93.32384416441144,90.8719714748946,93.21966552734375,158130000,0.0,0.0
2020-07-31 00:00:00-04:00,99.7079111699714,103.12890351490226,97.7115189842411,102.97869110107422,374336800,0.0,0.0
2020-08-03 00:00:00-04:00,104.85877268635082,108.19012242087766,104.56077304212948,105.57350158691406,308151200,0.0,0.0
2020-08-04 00:00:00-04:00,105.76246881725352,107.36878610733102,105.04047188715032,106.27852630615234,173071600,0.0,0.0
2020-08-05 00:00:00-04:00,105.9999353148589,106.98359161753405,105.5347544170492,106.66378021240234,121776800,0.0,0.0
2020-08-06 00:00:00-04:00,106.99567567916016,110.8794231758555,106.406937145771,110.38516998291016,202428800,0.0,0.0
2020-08-07 00:00:00-04:00,109.90702677912203,110.36333556331454,107.07937744727452,107.87548828125,198045600,0.205,0.0
2020-08-10 00:00:00-04:00,109.31965534861051,110.46042737696229,106.79540187658976,109.44344329833984,212403600,0.0,0.0
2020-08-11 00:00:00-04:00,108.70798454870071,109.20555094794503,105.92887466097515,106.18858337402344,187902400,0.0,0.0
2020-08-12 00:00:00-04:00,107.27840393895296,109.97499163666492,107.08423344754698,109.71771240234375,165598000,0.0,0.0
2020-08-13 00:00:00-04:00,111.09633433148385,112.66186065911528,110.60847119171306,111.65943908691406,210082000,0.0,0.0
2020-08-14 00:00:00-04:00,111.48468727529169,111.64973292886683,109.75168569136507,111.55992889404297,165565200,0.0,0.0
2020-08-17 00:00:00-04:00,112.68128278727484,112.70555595050736,110.64246299694389,111.26866912841797,119561600,0.0,0.0
2020-08-18 00:00:00-04:00,111.02108297516577,112.6205856628583,110.68613263439002,112.19583129882812,105633600,0.0,0.0
2020-08-19 00:00:00-04:00,112.60362178027331,113.74924556112234,112.24197605902953,112.33663177490234,145538000,0.0,0.0
2020-08-20 00:00:00-04:00,112.37788158405773,114.94340001045877,112.36088962986535,114.8293228149414,126907200,0.0,0.0
2020-08-21 00:00:00-04:00,115.78806955381434,121.22978455348972,115.7759366742478,120.74678039550781,338054800,0.0,0.0
2020-08-24 00:00:00-04:00,124.94819288976294,125.03315266970756,120.32686973134855,122.19093322753906,345937600,0.0,0.0
2020-08-25 00:00:00-04:00,121.06474178007431,121.53318353096768,119.4676607314497,121.18852233886719,211495600,0.0,0.0
2020-08-26 00:00:00-04:00,122.50401940268071,123.29284897570295,121.43848913169968,122.83654022216797,163022400,0.0,0.0
2020-08-27 00:00:00-04:00,123.4384846629305,123.77100549354533,120.22490919644622,121.36811065673828,155552400,0.0,0.0
2020-08-28 00:00:00-04:00,122.3414135230096,122.75888676117691,120.94822130817289,121.17152404785156,187630000,0.0,0.0
2020-08-31 00:00:00-04:00,123.86324282555849,127.18360697027765,122.32927082637391,125.28070068359375,225702700,0.0,4.0
2020-09-01 00:00:00-04:00,128.89236599971812,130.87294402694218,126.72733558856538,130.27099609375,151948100,0.0,0.0
2020-09-02 00:00:00-04:00,133.58163954392333,133.96027723036116,123.30015752319882,127.57196807861328,200119000,0.0,0.0
2020-09-03 00:00:00-04:00,123.2127726268104,125.08653940539764,116.98950967695433,117.35843658447266,257599600,0.0,0.0
2020-09-04 00:00:00-04:00,116.57204769157234,120.09629366493147,107.65948471911047,117.43611907958984,332607200,0.0,0.0
2020-09-08 00:00:00-04:00,110.63032628792358,115.52349838716887,109.39732807142673,109.53324890136719,231366600,0.0,0.0
2020-09-09 00:00:00-04:00,113.84389572106855,115.66912348309229,111.90216122256825,113.90214538574219,176940500,0.0,0.0
2020-09-10 00:00:00-04:00,116.85360038621577,116.98952122909824,109.22258206036143,110.1837387084961,182274400,0.0,0.0
2020-09-11 00:00:00-04:00,111.2322810970384,111.87305715590524,106.79541724068777,108.73715209960938,180860300,0.0,0.0
2020-09-14 00:00:00-04:00,111.37788266577749,112.55263104986112,109.51381948146934,111.99923706054688,140150100,0.0,0.0
2020-09-15 00:00:00-04:00,114.8827475739342,115.36818130078377,110.30025200733317,112.17402648925781,184642000,0.0,0.0
2020-09-16 00:00:00-04:00,111.87304453196484,112.62060910915572,108.7759754111815,108.86334991455078,154679000,0.0,0.0
2020-09-17 00:00:00-04:00,106.52356291630672,108.9313097079175,105.54298485481058,107.12549591064453,178011000,0.0,0.0
2020-09-18 00:00:00-04:00,107.18374764280628,107.64975978247199,102.99930468969426,103.72745513916016,287104900,0.0,0.0
2020-09-21 00:00:00-04:00,101.49447874455225,106.97988102839547,100.09642732020315,106.87308502197266,195713800,0.0,0.0
2020-09-22 00:00:00-04:00,109.39732289119372,109.57207929386054,105.97987340331184,108.55266571044922,183055400,0.0,0.0
2020-09-23 00:00:00-04:00,108.36821643604246,108.84393936425928,103.65950385577868,103.99931335449219,150718700,0.0,0.0
2020-09-24 00:00:00-04:00,102.10611250444195,107.03812018263172,101.94106684060164,105.0672607421875,167743300,0.0,0.0
2020-09-25 00:00:00-04:00,105.27114952311253,109.16432976181966,104.53328824582925,109.00898742675781,149981400,0.0,0.0
2020-09-28 00:00:00-04:00,111.65944720543573,111.96041368995603,109.49440992627346,111.61090087890625,137672400,0.0,0.0
2020-09-29 00:00:00-04:00,111.21287142269765,111.95072536524631,110.26141804491623,110.76626586914062,99382200,0.0,0.0
2020-09-30 00:00:00-04:00,110.4749932403561,113.84390402616219,110.30994757365427,112.43614196777344,142675200,0.0,0.0
2020-10-01 00:00:00-04:00,114.21282419285578,114.29049535158379,112.45555681762868,113.38758850097656,116120400,0.0,0.0
2020-10-02 00:00:00-04:00,109.60121453266758,112.00896881944756,108.9507351859753,109.72742462158203,144712000,0.0,0.0
2020-10-05 00:00:00-04:00,110.59149073201426,113.25166489244758,110.2419779334605,113.10603332519531,106243800,0.0,0.0
2020-10-06 00:00:00-04:00,112.32935419932602,112.73712413305032,108.97986466252809,109.86335754394531,161498200,0.0,0.0
2020-10-07 00:00:00-04:00,111.28082649663705,112.18373349473666,110.80509612706318,111.72742462158203,96849000,0.0,0.0
2020-10-08 00:00:00-04:00,112.86331432521168,113.00894588963777,111.25167118458671,111.62060546875,83477200,0.0,0.0
2020-10-09 00:00:00-04:00,111.9215718124515,113.59146461414193,111.57205902106843,113.56233978271484,100506900,0.0,0.0
2020-10-12 00:00:00-04:00,116.56234093811678,121.5331848318952,115.80506553004969,120.77590942382812,240226800,0.0,0.0
2020-10-13 00:00:00-04:00,121.62054399652054,121.73705073964729,116.16427448485399,117.57202911376953,262330500,0.0,0.0
2020-10-14 00:00:00-04:00,117.47494141501437,119.4458008172495,116.1351472290792,117.65940856933594,150712000,0.0,0.0
2020-10-15 00:00:00-04:00,115.26137355970408,117.66912045188067,114.70797946369227,117.19339752197266,112559200,0.0,0.0
2020-10-16 00:00:00-04:00,117.74678982617324,118.0089281560019,115.34874631090426,115.55262756347656,115393800,0.0,0.0
2020-10-19 00:00:00-04:00,116.46522833536906,116.91182635817701,112.29050382279274,112.60118103027344,120639300,0.0,0.0
2020-10-20 00:00:00-04:00,112.81478288268985,115.51380033230909,112.26138879057609,114.08662414550781,124423700,0.0,0.0
2020-10-21 00:00:00-04:00,113.27110831254934,115.25167888156392,113.0575162795481,113.46528625488281,89946000,0.0,0.0
2020-10-22 00:00:00-04:00,114.02836301066806,114.60117857735534,111.25168190141596,112.37789154052734,101988000,0.0,0.0
2020-10-23 00:00:00-04:00,112.99924512599237,113.15458745033783,110.95071451824744,111.6885757446289,82572600,0.0,0.0
2020-10-26 00:00:00-04:00,110.68855482199022,113.15455802625566,109.59147031118692,111.69825744628906,111850700,0.0,0.0
2020-10-27 00:00:00-04:00,112.12546171107986,113.86331505621116,111.20314074462335,113.203125,92276800,0.0,0.0
2020-10-28 00:00:00-04:00,111.69826296686081,112.06718979878684,107.86333347246799,107.96041870117188,143937800,0.0,0.0
2020-10-29 00:00:00-04:00,109.09637051307503,113.52352341003616,108.93131742851756,111.9604263305664,146129200,0.0,0.0
2020-10-30 00:00:00-04:00,107.82452675254544,108.72743369464578,104.58183332192213,105.6886215209961,190272600,0.0,0.0
2020-11-02 00:00:00-05:00,105.93134082759394,107.45560232371076,104.19348732192323,105.60124206542969,122866900,0.0,0.0
2020-11-03 00:00:00-05:00,106.46531984784082,108.24200151383607,105.56241289323033,107.22259521484375,107624400,0.0,0.0
2020-11-04 00:00:00-05:00,110.81480370001444,112.22255845771816,109.07695017681739,111.60120391845703,138235500,0.0,0.0
2020-11-05 00:00:00-05:00,114.51379370413532,116.13514770518474,113.46526266207991,115.56233215332031,126387100,0.0,0.0
2020-11-06 00:00:00-05:00,115.07119461202119,115.92702909027747,112.94132478624495,115.43103790283203,114457900,0.205,0.0
2020-11-09 00:00:00-05:00,117.19134868504119,118.64043465344767,112.86353836131654,113.1261215209961,154515300,0.0,0.0
2020-11-10 00:00:00-05:00,112.37727008295128,114.36124992222891,110.99625432436308,112.78573608398438,138023400,0.0,0.0
2020-11-11 00:00:00-05:00,113.97224059958567,116.3452388928094,113.24283383562194,116.2090835571289,112295000,0.0,0.0
2020-11-12 00:00:00-05:00,116.33552879699607,117.22053855488187,115.3143562718333,115.93678283691406,103162300,0.0,0.0
2020-11-13 00:00:00-05:00,116.16045525051373,116.38413582545107,114.63356412889462,115.98539733886719,81581900,0.0,0.0
2020-11-16 00:00:00-05:00,115.65473585240478,117.66789824397613,114.90588149878657,116.9968490600586,91183000,0.0,0.0
2020-11-17 00:00:00-05:00,116.26744200405916,117.35668469756249,115.69363815380922,116.11183166503906,74271000,0.0,0.0
2020-11-18 00:00:00-05:00,115.35323797332128,116.53001321672764,114.75998660153422,114.7891616821289,76322100,0.0,0.0
2020-11-19 00:00:00-05:00,114.36125096903965,115.7908894056509,113.60266912591757,115.3824234008789,74113000,0.0,0.0
2020-11-20 00:00:00-05:00,115.38241090893905,115.50883872913519,114.06948036722605,114.11810302734375,73604300,0.0,0.0
2020-11-23 00:00:00-05:00,113.96249773506877,114.39041868660993,110.62667762078418,110.72393035888672,127959300,0.0,0.0
2020-11-24 00:00:00-05:00,110.78229252304031,112.66901946402936,109.49852961528087,112.0076904296875,113874200,0.0,0.0
2020-11-25 00:00:00-05:00,112.37726952874067,113.54431736019659,112.00769869351593,112.84408569335938,76499200,0.0,0.0
2020-11-27 00:00:00-05:00,113.36925481147574,114.26399194036229,113.02886649286769,113.38870239257812,46691300,0.0,0.0
2020-11-30 00:00:00-05:00,113.75826127961471,117.64843004399634,113.60265096748358,115.7811508178711,169410200,0.0,0.0
2020-12-01 00:00:00-05:00,117.68734871878834,120.07980194572332,116.71480639467286,119.35039520263672,127728200,0.0,0.0
2020-12-02 00:00:00-05:00,118.66960823368215,119.98254627518949,117.57063810536371,119.70050811767578,89004200,0.0,0.0
2020-12-03 00:00:00-05:00,120.12839984726902,120.38126287698958,118.85437203967088,119.5643310546875,78967600,0.0,0.0
2020-12-04 00:00:00-05:00,119.23368360656494,119.48654668025314,118.18333614962214,118.89329528808594,78260400,0.0,0.0
2020-12-07 00:00:00-05:00,118.95164096391939,121.14958854018184,118.89329080292673,120.35210418701172,86712000,0.0,0.0
2020-12-08 00:00:00-05:00,120.9550855226028,121.54833690448348,119.7102251767506,120.96480560302734,82225500,0.0,0.0
2020-12-09 00:00:00-05:00,121.11070219500817,122.49171060296122,117.67762875809393,118.43621063232422,115089200,0.0,0.0
2020-12-10 00:00:00-05:00,117.19136074438724,120.46883134674633,116.85097238388342,119.85612487792969,81312200,0.0,0.0
2020-12-11 00:00:00-05:00,119.0683519998447,119.38929273400028,117.23997517904313,119.04890441894531,86939800,0.0,0.0
2020-12-14 00:00:00-05:00,119.23369509240086,119.96310188222377,118.20280253715556,118.43621063232422,79184500,0.0,0.0
2020-12-15 00:00:00-05:00,120.92589030573652,124.3881454893434,120.72165733966631,124.36869049072266,157243700,0.0,0.0
2020-12-16 00:00:00-05:00,123.91161007354079,124.84524231148528,123.08494323552482,124.30062103271484,98208600,0.0,0.0
2020-12-17 00:00:00-05:00,125.3606965932024,126.02203307421959,124.52430962121518,125.16619110107422,94359800,0.0,0.0
2020-12-18 00:00:00-05:00,125.41906311570027,125.55521844582084,122.65703909059238,123.18221282958984,192541500,0.0,0.0
2020-12-21 00:00:00-05:00,121.58722395031434,124.78688871478423,120.06033297589273,124.7090835571289,121251600,0.0,0.0
2020-12-22 00:00:00-05:00,127.99627481697722,130.71939584455194,126.09008564573021,128.2588653564453,168904800,0.0,0.0
2020-12-23 00:00:00-05:00,128.5311834389707,128.7937591538707,127.1890704257709,127.3641357421875,88223700,0.0,0.0
2020-12-24 00:00:00-05:00,127.71427367104259,129.79551379030826,127.5003131582361,128.34642028808594,54930100,0.0,0.0
2020-12-28 00:00:00-05:00,130.31092211880733,133.56892926985674,129.84409122328378,132.93678283691406,124486200,0.0,0.0
2020-12-29 00:00:00-05:00,134.25947087325437,134.97914269594398,130.6513323196226,131.16677856445312,121047300,0.0,0.0
2020-12-30 00:00:00-05:00,131.85731528225065,132.2560612728946,129.73716489381331,130.0483856201172,96452100,0.0,0.0
2020-12-31 00:00:00-05:00,130.3984948026051,131.04037638768824,128.10329400367584,129.04666137695312,99116600,0.0,0.0
2021-01-04 00:00:00-05:00,129.85385422543547,129.94137947234472,123.27946608977872,125.85670471191406,143301900,0.0,0.0
2021-01-05 00:00:00-05:00,125.35095799115666,128.1227090738479,124.90358206952835,127.4127426147461,97664900,0.0,0.0
2021-01-06 00:00:00-05:00,124.21311335164054,127.4516812419368,122.90990271047859,123.12386322021484,155088000,0.0,0.0
2021-01-07 00:00:00-05:00,124.83554255858496,128.01576034902203,124.34927136052875,127.32524871826172,109578200,0.0,0.0
2021-01-08 00:00:00-05:00,128.79376556588605,128.98828589154797,126.65417554196101,128.42420959472656,105158200,0.0,0.0
2021-01-11 00:00:00-05:00,125.64273985954293,126.59582714131227,124.97168331019907,125.4384994506836,100384500,0.0,0.0
2021-01-12 00:00:00-05:00,124.97169257758259,126.12902035403391,123.37672370948479,125.26345825195312,91951100,0.0,0.0
2021-01-13 00:00:00-05:00,125.22455385655589,127.84069528222409,124.96197809369782,127.29607391357422,88636800,0.0,0.0
2021-01-14 00:00:00-05:00,127.20853432464988,127.40303981441828,125.22453974548624,125.37042999267578,90221800,0.0,0.0
2021-01-15 00:00:00-05:00,125.2439937099894,126.64445696844105,123.51286963768597,123.6490249633789,111598500,0.0,0.0
2021-01-19 00:00:00-05:00,124.27145353534586,125.1759255883475,123.45452156734409,124.32008361816406,90757300,0.0,0.0
2021-01-20 00:00:00-05:00,125.12729193961263,128.85213061210496,125.02031169638846,128.40475463867188,104319500,0.0,0.0
2021-01-21 00:00:00-05:00,130.12616498605254,135.83498363825382,129.9219245699571,133.1118621826172,120150900,0.0,0.0
2021-01-22 00:00:00-05:00,132.53806351525557,136.01004665089906,131.31266555904966,135.25146484375,114459400,0.0,0.0
2021-01-25 00:00:00-05:00,139.14163304575837,141.10615779384105,132.79091821695442,138.99574279785156,157611700,0.0,0.0
2021-01-26 00:00:00-05:00,139.65709277779112,140.33786948106203,137.48831256904506,139.2291717529297,98390600,0.0,0.0
2021-01-27 00:00:00-05:00,139.49172564743122,140.3378474829839,136.55465878230473,138.1593475341797,140843800,0.0,0.0
2021-01-28 00:00:00-05:00,135.68910643879175,138.09128711738055,132.94653001780165,133.32582092285156,142621100,0.0,0.0
2021-01-29 00:00:00-05:00,132.10041903740844,132.98543606950525,126.63473619885515,128.33668518066406,177523800,0.0,0.0
2021-02-01 00:00:00-05:00,130.0775115262782,131.66275996689077,127.3349355620146,130.45680236816406,106239800,0.0,0.0
2021-02-02 00:00:00-05:00,132.00314951845078,132.56722577893618,130.9139069960329,131.28347778320312,83305400,0.0,0.0
2021-02-03 00:00:00-05:00,132.03231758895785,132.0420525079875,129.94135789213308,130.26229858398438,89880900,0.0,0.0
2021-02-04 00:00:00-05:00,132.55751669715318,133.6273043090521,130.8944628567243,133.61758422851562,84183100,0.0,0.0
2021-02-05 00:00:00-05:00,133.77828189570104,133.84645384942093,132.32702331519238,133.20361328125,75693800,0.205,0.0
2021-02-08 00:00:00-05:00,132.49261062393538,133.39843419416206,131.411474992241,133.3497314453125,71297200,0.0,0.0
2021-02-09 00:00:00-05:00,133.06725182462114,134.29449558670797,132.3172860388913,132.47311401367188,76774200,0.0,0.0
2021-02-10 00:00:00-05:00,132.93091432442992,133.42766158836056,130.90500170826476,131.8692626953125,73046600,0.0,0.0
2021-02-11 00:00:00-05:00,132.3659630385237,132.84322611365104,130.2913630347836,131.61599731445312,64280000,0.0,0.0
2021-02-12 00:00:00-05:00,130.8563427159905,132.00565063537698,130.21350191599643,131.8498077392578,60145100,0.0,0.0
2021-02-16 00:00:00-05:00,131.96664818421948,132.47311511495084,129.33684859330893,129.72645568847656,80576300,0.0,0.0
2021-02-17 00:00:00-05:00,127.83687212308726,128.7816486717369,126.10316182725315,127.43753051757812,97918500,0.0,0.0
2021-02-18 00:00:00-05:00,125.8402278328021,126.61942728077476,124.09678225798234,126.33697509765625,96856700,0.0,0.0
2021-02-19 00:00:00-05:00,126.85319396385569,127.31097309084008,125.45063790347744,126.49280548095703,87668800,0.0,0.0
2021-02-22 00:00:00-05:00,124.68116007602796,126.34669893995918,122.33383475744539,122.72343444824219,103916400,0.0,0.0
2021-02-23 00:00:00-05:00,120.54170772135137,123.41499201171895,115.31134823227501,122.58709716796875,158273000,0.0,0.0
2021-02-24 00:00:00-05:00,121.691012957123,122.29488547484925,119.0514857660057,122.09034729003906,111039900,0.0,0.0
2021-02-25 00:00:00-05:00,121.43776543888308,123.17147632846172,117.40542445743719,117.84371948242188,148199500,0.0,0.0
2021-02-26 00:00:00-05:00,119.4020977442568,121.60332952526318,118.04824467349069,118.106689453125,164560400,0.0,0.0
2021-03-01 00:00:00-05:00,120.53196041049354,124.60326248159897,119.59692548811965,124.46690368652344,116307900,0.0,0.0
2021-03-02 00:00:00-05:00,125.07077944616279,125.3727157063762,121.75919289657611,121.8663330078125,102260900,0.0,0.0
2021-03-03 00:00:00-05:00,121.56438254510716,122.44098002866822,118.6716145648539,118.88589477539062,112966300,0.0,0.0
2021-03-04 00:00:00-05:00,118.58395606502583,120.38584631369558,115.53535272389263,117.0060806274414,178155000,0.0,0.0
2021-03-05 00:00:00-05:00,117.83399731994245,118.76903225470893,114.51266857773292,118.2625503540039,153766600,0.0,0.0
2021-03-08 00:00:00-05:00,117.7852730985796,117.85345248459532,113.18801326724598,113.33411407470703,154376600,0.0,0.0
2021-03-09 00:00:00-05:00,115.93469539878758,118.88590088596752,115.70093853482196,117.94112396240234,129525800,0.0,0.0
2021-03-10 00:00:00-05:00,118.52552453136408,118.99303824849771,116.34376908141869,116.85999298095703,111943300,0.0,0.0
2021-03-11 00:00:00-05:00,119.35343246591539,120.00600779325381,118.10671917458306,118.78851318359375,103026500,0.0,0.0
2021-03-12 00:00:00-05:00,117.26907585524096,118.01904922400895,116.0613233493951,117.8826904296875,88105100,0.0,0.0
2021-03-15 00:00:00-04:00,118.25279852383531,120.77544332973144,117.28853761790177,120.76570129394531,92403800,0.0,0.0
2021-03-16 00:00:00-04:00,122.43123557963636,123.91171295180644,121.47672411823375,122.30461883544922,115227900,0.0,0.0
2021-03-17 00:00:00-04:00,120.8241804351951,122.58711043299243,119.15864109896889,121.51571655273438,111932600,0.0,0.0
2021-03-18 00:00:00-04:00,119.68457913932171,119.97678079779097,117.19115272943903,117.39569091796875,121229700,0.0,0.0
2021-03-19 00:00:00-04:00,116.78204918164685,118.27226094493147,116.56776900609049,116.86970520019531,185549500,0.0,0.0
2021-03-22 00:00:00-04:00,117.20089594056832,120.64884136246526,117.13271654370864,120.18132019042969,111912300,0.0,0.0
2021-03-23 00:00:00-04:00,120.12286614601692,121.00919818208511,118.9638091293934,119.35340881347656,95467100,0.0,0.0
2021-03-24 00:00:00-04:00,119.62614392900645,119.7040653634643,116.94765592524341,116.96713256835938,88530500,0.0,0.0
2021-03-25 00:00:00-04:00,116.43142597838931,118.4962991670475,115.90546750304253,117.45411682128906,98844700,0.0,0.0
2021-03-26 00:00:00-04:00,117.22037704784019,118.32099690748782,115.82756294666447,118.05801391601562,94071200,0.0,0.0
2021-03-29 00:00:00-04:00,118.48657071923124,119.39238695881983,117.59049651669116,118.23332977294922,80819200,0.0,0.0
2021-03-30 00:00:00-04:00,116.98659687346046,117.26905645239088,115.76910253203405,116.78205871582031,85671900,0.0,0.0
2021-03-31 00:00:00-04:00,118.48655874928595,120.30792565051348,117.9995609800172,118.97355651855469,118323800,0.0,0.0
2021-04-01 00:00:00-04:00,120.44430860719166,120.95078308800542,119.3047280211155,119.80146789550781,75089100,0.0,0.0
2021-04-05 00:00:00-04:00,120.64884289146045,122.87929380413213,119.86964340519192,122.62605285644531,88651200,0.0,0.0
2021-04-06 00:00:00-04:00,123.21046870693881,123.824083385814,122.38257376309184,122.92800903320312,80171300,0.0,0.0
2021-04-07 00:00:00-04:00,122.55788761739583,124.59353517817296,121.88582816862353,124.57405853271484,83466700,0.0,0.0
2021-04-08 00:00:00-04:00,125.59672494440802,126.99928093380576,125.17791398584798,126.97006225585938,88844600,0.0,0.0
2021-04-09 00:00:00-04:00,126.42462946477704,129.58036563750287,126.1032091394081,129.54141235351562,106686700,0.0,0.0
2021-04-12 00:00:00-04:00,129.0739151583479,129.3953355248616,127.2330638679476,127.82720184326172,91420000,0.0,0.0
2021-04-13 00:00:00-04:00,128.99596262492872,131.15823376064404,128.49921542278324,130.9342041015625,91266500,0.0,0.0
2021-04-14 00:00:00-04:00,131.43093339635666,131.48937073876672,128.2362298740332,128.5966033935547,87222800,0.0,0.0
2021-04-15 00:00:00-04:00,130.34013136412574,131.4894393296933,130.16480438344763,131.00244140625,89347100,0.0,0.0
2021-04-16 00:00:00-04:00,130.8076081751269,131.16798178060714,129.81412853121648,130.67124938964844,84922400,0.0,0.0
2021-04-19 00:00:00-04:00,130.0381412567294,131.9471790846723,129.87256379574342,131.33355712890625,94264200,0.0,0.0
2021-04-20 00:00:00-04:00,131.50884836684003,132.0055806149895,128.3823169431064,129.6485137939453,94812300,0.0,0.0
2021-04-21 00:00:00-04:00,128.9180574819885,130.27191076385841,127.88562452974153,130.02841186523438,68847100,0.0,0.0
2021-04-22 00:00:00-04:00,129.58035833012048,130.66149395921403,127.99275572778816,128.50897216796875,84566500,0.0,0.0
2021-04-23 00:00:00-04:00,128.72323846633472,131.6062565911259,128.72323846633472,130.8270721435547,78657500,0.0,0.0
2021-04-26 00:00:00-04:00,131.32384544654548,131.54786030204147,130.08686671385888,131.21670532226562,66905100,0.0,0.0
2021-04-27 00:00:00-04:00,131.49913616765673,131.88874331170373,130.62254610203854,130.895263671875,66015800,0.0,0.0
2021-04-28 00:00:00-04:00,130.81736649421998,131.5089100143574,129.619355885921,130.10635375976562,107760100,0.0,0.0
2021-04-29 00:00:00-04:00,132.92119413868548,133.50559750247544,129.00572727008065,130.00894165039062,151101000,0.0,0.0
2021-04-30 00:00:00-04:00,128.35314426527148,130.08685531571498,127.66161568350715,128.04147338867188,109839500,0.0,0.0
2021-05-03 00:00:00-04:00,128.60637073689202,130.58359545105438,128.401839986388,129.09336853027344,75135100,0.0,0.0
2021-05-04 00:00:00-04:00,127.77846293376932,128.07066453538278,123.40521809953029,124.52531433105469,137564700,0.0,0.0
2021-05-05 00:00:00-04:00,125.84023856195147,127.05773315883954,124.6422280399721,124.76885223388672,84000900,0.0,0.0
2021-05-06 00:00:00-04:00,124.56428281581603,126.37591502452003,123.82404416158315,126.36618041992188,78128300,0.0,0.0
2021-05-07 00:00:00-04:00,127.66380595625425,128.0638111341248,126.3271553590937,127.03939056396484,78973300,0.22,0.0
2021-05-10 00:00:00-04:00,126.25885342470616,126.38567778466182,123.72215780429457,123.76118469238281,88071200,0.0,0.0
2021-05-11 00:00:00-04:00,120.4927732833166,123.19532046962064,119.78054551827158,122.8440933227539,126142800,0.0,0.0
2021-05-12 00:00:00-04:00,120.39521236408822,121.60501628867115,119.27321336720668,119.78054809570312,112172300,0.0,0.0
2021-05-13 00:00:00-04:00,121.54646856304096,123.07823863645709,121.23426088704589,121.92697143554688,105861300,0.0,0.0
2021-05-14 00:00:00-04:00,123.17579601015879,124.7758612004647,122.78553457368028,124.34657287597656,81918000,0.0,0.0
2021-05-17 00:00:00-04:00,123.73192293508849,123.83924502210618,122.12209907344122,123.1953125,74244600,0.0,0.0
2021-05-18 00:00:00-04:00,123.47825121325309,123.89778097564653,121.7415955505699,121.80989074707031,63342900,0.0,0.0
2021-05-19 00:00:00-04:00,120.16106519010208,121.8782039395482,119.86836719410006,121.65380859375,92612000,0.0,0.0
2021-05-20 00:00:00-04:00,122.18065274217139,124.61001915730156,122.05381347828964,124.20999908447266,76857100,0.0,0.0
2021-05-21 00:00:00-04:00,124.70757329750661,124.88319058200729,122.16112639405591,122.37577056884766,79295400,0.0,0.0
2021-05-24 00:00:00-04:00,122.94165678285485,124.82466155300955,122.87336158160026,124.00511169433594,63092900,0.0,0.0
2021-05-25 00:00:00-04:00,124.70756311355534,125.19539548054684,123.24408834343369,123.80996704101562,72009500,0.0,0.0
2021-05-26 00:00:00-04:00,123.86850677372105,124.28803651614747,123.34165494995638,123.76118469238281,56575900,0.0,0.0
2021-05-27 00:00:00-04:00,123.3611810284224,124.5319579811851,122.03429651202822,122.22942352294922,94625600,0.0,0.0
2021-05-28 00:00:00-04:00,122.51239846935582,122.7368012963242,121.51723851493632,121.57577514648438,71311100,0.0,0.0
2021-06-01 00:00:00-04:00,122.03429950032661,122.29772171588232,120.92205913488071,121.25377655029297,67637100,0.0,0.0
2021-06-02 00:00:00-04:00,121.25375721746093,122.19038014199401,121.02936192954658,122.01476287841797,59278900,0.0,0.0
2021-06-03 00:00:00-04:00,121.64403969713835,121.80989840712398,120.13177925202119,120.53179931640625,76229200,0.0,0.0
2021-06-04 00:00:00-04:00,121.04889463757115,123.08800699874061,120.83425044759345,122.82457733154297,75169300,0.0,0.0
2021-06-07 00:00:00-04:00,123.09776519522116,123.2441141916509,121.79039769931899,122.83434295654297,71057600,0.0,0.0
2021-06-08 00:00:00-04:00,123.51727923465421,125.33199613747028,123.13677635872094,123.65386962890625,74403800,0.0,0.0
2021-06-09 00:00:00-04:00,124.11243947005046,124.63929137968418,123.43923856713752,124.03438568115234,56877900,0.0,0.0
2021-06-10 00:00:00-04:00,123.92705266664278,125.06856875877892,122.87335638380547,123.03921508789062,71186400,0.0,0.0
2021-06-11 00:00:00-04:00,123.44899833208643,124.33684344114933,123.02946851727127,124.24903106689453,53522400,0.0,0.0
2021-06-14 00:00:00-04:00,124.70757053406396,127.36133202248661,123.97583310546236,127.30279541015625,96906500,0.0,0.0
2021-06-15 00:00:00-04:00,126.77592848770462,127.4198608834034,126.23931815795562,126.48323059082031,62746300,0.0,0.0
2021-06-16 00:00:00-04:00,127.19545621391383,127.70279826458582,125.33197646072955,126.9808120727539,91815000,0.0,0.0
2021-06-17 00:00:00-04:00,126.6393832290609,129.3224209462561,126.49302678487064,128.58091735839844,96721700,0.0,0.0
2021-06-18 00:00:00-04:00,127.52724537697272,128.3077536344303,127.06868858773397,127.28333282470703,108953300,0.0,0.0
2021-06-21 00:00:00-04:00,127.12716125698881,129.18578275784907,126.06370663710283,129.07846069335938,79663300,0.0,0.0
2021-06-22 00:00:00-04:00,128.91263161271146,130.8151460223462,128.4150406144124,130.7175750732422,74783600,0.0,0.0
2021-06-23 00:00:00-04:00,130.51271488266488,131.0493254021088,129.98585550457855,130.4444122314453,60214200,0.0,0.0
2021-06-24 00:00:00-04:00,131.1761533209972,131.36152922245495,129.69316099657445,130.16148376464844,68711000,0.0,0.0
2021-06-25 00:00:00-04:00,130.21022727723152,130.62974954026467,129.57604598259172,129.86874389648438,70783700,0.0,0.0
2021-06-28 00:00:00-04:00,130.1614570490265,131.95664929646315,130.10292043684166,131.4980926513672,62111300,0.0,0.0
2021-06-29 00:00:00-04:00,131.51764764633526,133.16649883756983,131.0786080414317,133.01039123535156,64556100,0.0,0.0
2021-06-30 00:00:00-04:00,132.8542586809143,134.0640700400228,132.56156070353867,133.62503051757812,63261400,0.0,0.0
2021-07-01 00:00:00-04:00,133.27383683789793,133.98605738795177,132.4542792721904,133.92752075195312,52485800,0.0,0.0
2021-07-02 00:00:00-04:00,134.54215013282746,136.59102140885628,134.39580856478537,136.552001953125,78852600,0.0,0.0
2021-07-06 00:00:00-04:00,136.65929888430668,139.66428770082487,136.65929888430668,138.5618133544922,108181800,0.0,0.0
2021-07-07 00:00:00-04:00,140.04479519196917,141.3619286538461,139.1862333107396,141.0497283935547,104911600,0.0,0.0
2021-07-08 00:00:00-04:00,138.1325533693018,140.55216163148216,137.24470813835896,139.75213623046875,105575500,0.0,0.0
2021-07-09 00:00:00-04:00,139.27403406481795,142.10341304013653,139.17646311232951,141.57656860351562,99890800,0.0,0.0
2021-07-12 00:00:00-04:00,142.64979816390084,142.75712026323748,140.49360503622404,140.98143005371094,76299700,0.0,0.0
2021-07-13 00:00:00-04:00,140.52284633857775,143.8693330567253,140.13259235448814,142.09364318847656,100827100,0.0,0.0
2021-07-14 00:00:00-04:00,144.4937679079545,145.9279745686904,144.0839818158266,145.5181884765625,127050800,0.0,0.0
2021-07-15 00:00:00-04:00,145.6059747770822,146.3474632313837,143.50831887175875,144.86447143554688,106820300,0.0,0.0
2021-07-16 00:00:00-04:00,144.8449961921481,146.1133292004128,142.32781756831105,142.8253936767578,93251400,0.0,0.0
2021-07-19 00:00:00-04:00,140.24970186714236,140.56191704499963,138.22034787278739,138.98135375976562,121434600,0.0,0.0
2021-07-20 00:00:00-04:00,139.96677643113202,143.51814236544809,139.47895135835654,142.5912628173828,96350000,0.0,0.0
2021-07-21 00:00:00-04:00,141.98632105555998,142.57171691870616,141.108242148076,141.85948181152344,74993500,0.0,0.0
2021-07-22 00:00:00-04:00,142.38634335455993,144.59130668501456,142.25950410848452,143.22540283203125,77338200,0.0,0.0
2021-07-23 00:00:00-04:00,143.95714959308972,145.09865822031367,143.34248537564744,144.9425506591797,71447400,0.0,0.0
2021-07-26 00:00:00-04:00,144.65963709619385,146.18164879238583,144.1035094217646,145.3621063232422,72434100,0.0,0.0
2021-07-27 00:00:00-04:00,145.48893575716545,145.57675557902394,142.00587269876928,143.1961669921875,104818600,0.0,0.0
2021-07-28 00:00:00-04:00,141.2838940706625,143.39130194121526,139.06916408946387,141.4497528076172,118931200,0.0,0.0
2021-07-29 00:00:00-04:00,141.16677881083731,142.98148812260095,141.0594567321274,142.09364318847656,56699500,0.0,0.0
2021-07-30 00:00:00-04:00,140.8643158519786,142.7668298895043,140.6008862507108,142.3082733154297,70440600,0.0,0.0
2021-08-02 00:00:00-04:00,142.79613544954273,143.37176538004852,141.71316334757606,141.97659301757812,62880000,0.0,0.0
2021-08-03 00:00:00-04:00,142.25952902121162,144.43522442777342,141.64486473611035,143.77178955078125,64786600,0.0,0.0
2021-08-04 00:00:00-04:00,143.68399557594776,144.19132291330385,142.71809660960577,143.3717803955078,56368300,0.0,0.0
2021-08-05 00:00:00-04:00,143.40102641721816,144.24008597517638,142.61075233452527,143.4790802001953,46397700,0.0,0.0
2021-08-06 00:00:00-04:00,143.000320280882,143.74291989384258,142.29679858037488,142.7951202392578,54126800,0.22,0.0
2021-08-09 00:00:00-04:00,142.8537139522462,143.3422697557146,142.18928521610837,142.74623107910156,48908700,0.0,0.0
2021-08-10 00:00:00-04:00,143.08824157374232,144.32917762337323,141.97433481779836,142.26747131347656,69023100,0.0,0.0
2021-08-11 00:00:00-04:00,142.70715322469806,143.36181621242878,142.19905101424288,142.52149963378906,48493500,0.0,0.0
2021-08-12 00:00:00-04:00,142.8439937943236,145.63853447846216,142.50199865892714,145.48219299316406,72282600,0.0,0.0
2021-08-13 00:00:00-04:00,145.56031813141018,146.01956178212575,144.87634298445295,145.68734741210938,59375000,0.0,0.0
2021-08-16 00:00:00-04:00,145.1401675406519,147.72952253031957,143.1175540441941,147.66111755371094,103296000,0.0,0.0
2021-08-17 00:00:00-04:00,146.79147353422863,148.2082823920191,145.67756689112312,146.7523956298828,92229700,0.0,0.0
2021-08-18 00:00:00-04:00,146.37136871129022,147.2703098892412,142.80490125480077,143.01010131835938,86326000,0.0,0.0
2021-08-19 00:00:00-04:00,141.71055564175415,144.61257954567083,141.19268746182053,143.3423309326172,86960300,0.0,0.0
2021-08-20 00:00:00-04:00,144.06536865206095,145.10110479232438,143.4204712746936,144.79820251464844,60549600,0.0,0.0
2021-08-23 00:00:00-04:00,144.91545125791524,146.7524262457425,144.50506608373868,146.28341674804688,60131800,0.0,0.0
2021-08-24 00:00:00-04:00,146.02932738546966,147.40705833624506,145.73619092005404,146.1954345703125,48606400,0.0,0.0
2021-08-25 00:00:00-04:00,146.3811034364789,146.87943995254733,144.41711425947602,144.96429443359375,58991300,0.0,0.0
2021-08-26 00:00:00-04:00,144.95451308804914,145.7068782917423,144.13372800564036,144.1630401611328,48597200,0.0,0.0
2021-08-27 00:00:00-04:00,144.1044769351318,145.34541337865105,143.46936008418646,145.1988525390625,55802400,0.0,0.0
2021-08-30 00:00:00-04:00,145.58966053577964,149.97689795560206,145.20858752404757,149.6153564453125,90956700,0.0,0.0
2021-08-31 00:00:00-04:00,149.16587817080352,149.3026732146875,147.8272249811444,148.35487365722656,86453100,0.0,0.0
2021-09-01 00:00:00-04:00,149.33200056452,151.43278500420377,148.85321040744938,149.01931762695312,80313700,0.0,0.0
2021-09-02 00:00:00-04:00,150.34819027947748,151.17874128646721,148.91183471793337,150.1332244873047,71115500,0.0,0.0
2021-09-03 00:00:00-04:00,150.24069238740682,151.09078972052774,149.5860293255129,150.76834106445312,57808700,0.0,0.0
2021-09-07 00:00:00-04:00,151.4230043452141,153.66058362239795,150.8562777588282,153.1036376953125,82278300,0.0,0.0
2021-09-08 00:00:00-04:00,153.38697789342345,153.4456022050819,150.45564303417842,151.55978393554688,74420200,0.0,0.0
2021-09-09 00:00:00-04:00,151.93113726904932,152.53694188624507,150.42637656824454,150.54364013671875,57305700,0.0,0.0
2021-09-10 00:00:00-04:00,151.45231569560596,151.9213251437336,145.2965089144569,145.56033325195312,140893200,0.0,0.0
2021-09-13 00:00:00-04:00,147.18235774668085,147.9542695218118,145.34538275990522,146.1270751953125,102404300,0.0,0.0
2021-09-14 00:00:00-04:00,146.90878293557242,147.61230470977705,143.54751554982687,144.7298126220703,109296300,0.0,0.0
2021-09-15 00:00:00-04:00,145.15971382126716,146.0195769004921,143.01983678244974,145.61895751953125,83281300,0.0,0.0
2021-09-16 00:00:00-04:00,145.04244981377065,145.56031777444971,143.85037245648,145.38442993164062,68034100,0.0,0.0
2021-09-17 00:00:00-04:00,145.41377207009813,145.41377207009813,142.42379770872697,142.71693420410156,129868800,0.0,0.0
2021-09-20 00:00:00-04:00,140.50868223734292,141.52487196661303,138.0365905336095,139.66836547851562,123478900,0.0,0.0
2021-09-21 00:00:00-04:00,140.6356810985669,141.29035906389458,139.51200859720305,140.14712524414062,75834000,0.0,0.0
2021-09-22 00:00:00-04:00,141.14379903633161,143.07847626004042,140.41096517330857,142.5117645263672,76404300,0.0,0.0
2021-09-23 00:00:00-04:00,143.29341147385273,143.71357721861844,142.30653411634987,143.46929931640625,64838200,0.0,0.0
2021-09-24 00:00:00-04:00,142.32609558654582,144.09466540021555,142.2283784515029,143.5572509765625,53477900,0.0,0.0
2021-09-27 00:00:00-04:00,142.14045701354505,142.6192471706429,140.52822848156046,142.04273986816406,74150700,0.0,0.0
2021-09-28 00:00:00-04:00,139.97125238193445,141.43691994614318,138.44696050068399,138.66192626953125,108972300,0.0,0.0
2021-09-29 00:00:00-04:00,139.2091064976362,141.14378350850296,138.77917495976774,139.5608673095703,74602000,0.0,0.0
2021-09-30 00:00:00-04:00,140.37188712321222,141.07540882378817,138.04635622911155,138.26132202148438,89056700,0.0,0.0
2021-10-01 00:00:00-04:00,138.65217582382982,139.64883415934378,135.92604012055145,139.385009765625,94639600,0.0,0.0
2021-10-04 00:00:00-04:00,138.51535016597074,138.95506236159227,135.1052398519007,135.955322265625,98322000,0.0,0.0
2021-10-05 00:00:00-04:00,136.29733265175278,138.98439014714222,136.1703033445533,137.8802490234375,80861100,0.0,0.0
2021-10-06 00:00:00-04:00,136.27775625309343,138.8964081885175,135.20292752763442,138.74984741210938,83221100,0.0,0.0
2021-10-07 00:00:00-04:00,139.7855986818326,140.9190518423827,139.45338427911526,140.0103302001953,61732700,0.0,0.0
2021-10-08 00:00:00-04:00,140.73338282452485,140.87994360098938,139.29702757701324,139.62924194335938,58773200,0.0,0.0
2021-10-11 00:00:00-04:00,139.01368703802868,141.49554421911762,138.56420909161307,139.54132080078125,64452200,0.0,0.0
2021-10-12 00:00:00-04:00,139.95175205044632,139.9712984657428,137.8118743166468,138.2711181640625,73035900,0.0,0.0
2021-10-13 00:00:00-04:00,138.00727840066958,138.163604960137,136.01396194464323,137.68482971191406,78762700,0.0,0.0
2021-10-14 00:00:00-04:00,138.85736070158842,140.58685278975153,138.27108764845218,140.46958923339844,69907100,0.0,0.0
2021-10-15 00:00:00-04:00,140.4793699361988,141.58349614959462,140.22531132197605,141.52487182617188,67940300,0.0,0.0
2021-10-18 00:00:00-04:00,140.16667221392322,143.47908032380766,139.88331637742027,143.1957244873047,85589200,0.0,0.0
2021-10-19 00:00:00-04:00,143.64518755891186,145.75575243725564,143.1957245202807,145.35513305664062,76378900,0.0,0.0
2021-10-20 00:00:00-04:00,145.29650879090318,146.32247907181252,144.7297822080243,145.84368896484375,58418800,0.0,0.0
2021-10-21 00:00:00-04:00,145.40399172614036,146.21499623763387,144.4855043297612,146.05865478515625,61421000,0.0,0.0
2021-10-22 00:00:00-04:00,146.26382415540198,146.74259925266702,145.23785408913082,145.28671264648438,58883400,0.0,0.0
2021-10-25 00:00:00-04:00,145.27694716693773,145.95115656405432,144.24121124480388,145.2378692626953,50720600,0.0,0.0
2021-10-26 00:00:00-04:00,145.91209424092938,147.38752756365847,145.5994113354405,145.90232849121094,60893400,0.0,0.0
2021-10-27 00:00:00-04:00,145.94142163499626,146.30294823636,145.0913391249601,145.44309997558594,56094900,0.0,0.0
2021-10-28 00:00:00-04:00,146.39086968766787,149.6641846605071,146.2931525621037,149.0779266357422,100077900,0.0,0.0
2021-10-29 00:00:00-04:00,143.85037288076313,146.5081176612954,143.05891485963772,146.37132263183594,124953200,0.0,0.0
2021-11-01 00:00:00-04:00,145.57989504750188,146.2736360885386,144.41712959922393,145.5505828857422,74588300,0.0,0.0
2021-11-02 00:00:00-04:00,145.25741606122364,148.10081443519022,145.2476354029817,146.58628845214844,69122000,0.0,0.0
2021-11-03 00:00:00-04:00,146.9478455977698,148.49168405814817,146.3908996149076,148.02267456054688,54511500,0.0,0.0
2021-11-04 00:00:00-04:00,148.11061107430388,148.94114717338857,147.19212358039826,147.5048065185547,60394600,0.0,0.0
2021-11-05 00:00:00-04:00,148.6301118041856,148.9334561453401,146.83938576662882,148.033203125,65463900,0.22,0.0
2021-11-08 00:00:00-05:00,148.16037955280584,148.3169491501547,146.9372075697029,147.21119689941406,55020900,0.0,0.0
2021-11-09 00:00:00-05:00,146.97636409239348,148.17996131979666,146.8393694074151,147.57327270507812,56787900,0.0,0.0
2021-11-10 00:00:00-05:00,146.8002509889988,146.9078907486886,144.67682566721112,144.7453155517578,65187100,0.0,0.0
2021-11-11 00:00:00-05:00,145.76299817171153,146.22289720379737,144.51045604306032,144.69638061523438,41000000,0.0,0.0
2021-11-12 00:00:00-05:00,145.24437287945577,147.17209373098063,144.3147648635999,146.77090454101562,63804000,0.0,0.0
2021-11-15 00:00:00-05:00,147.14272437440852,148.62032601011296,146.22289645235986,146.78067016601562,59222800,0.0,0.0
2021-11-16 00:00:00-05:00,146.72195341819835,148.23868992516853,146.13482479249984,147.7592010498047,59256200,0.0,0.0
2021-11-17 00:00:00-05:00,147.75917577688946,151.67332612859514,147.7493957762777,150.19573974609375,88807000,0.0,0.0
2021-11-18 00:00:00-05:00,150.41104477831504,155.26458367795593,149.76520627698585,154.48175048828125,137827700,0.0,0.0
2021-11-19 00:00:00-05:00,154.2664794451428,157.5641620110988,153.1705218782956,157.104248046875,117305600,0.0,0.0
2021-11-22 00:00:00-05:00,158.21000213967926,162.14372871908944,157.54460352782965,157.56417846679688,117467900,0.0,0.0
2021-11-23 00:00:00-05:00,157.6620164381372,158.32742995233392,155.64623082003743,157.94580078125,96041900,0.0,0.0
2021-11-24 00:00:00-05:00,157.29995411244806,158.66012108108276,156.2137765381209,158.46441650390625,69463600,0.0,0.0
2021-11-26 00:00:00-05:00,156.14527755829806,157.00638063396804,153.00416477836077,153.4445037841797,76959800,0.0,0.0
2021-11-29 00:00:00-05:00,155.9495652762871,157.73051124922804,155.38201155737082,156.8009033203125,88748200,0.0,0.0
2021-11-30 00:00:00-05:00,156.55625589116394,161.96756831221649,156.48775108343634,161.75228881835938,174048100,0.0,0.0
2021-12-01 00:00:00-05:00,163.88551760970591,166.64500155872992,160.99883389139347,161.2336883544922,152052500,0.0,0.0
2021-12-02 00:00:00-05:00,155.33309702351337,160.6759050938818,154.4132690949476,160.24534606933594,136739200,0.0,0.0
2021-12-03 00:00:00-05:00,160.49976670029744,161.4195945786872,156.29205136899398,158.36654663085938,118023100,0.0,0.0
2021-12-06 00:00:00-05:00,160.7640037300002,164.27696654760885,160.75422372513128,161.77191162109375,107497000,0.0,0.0
2021-12-07 00:00:00-05:00,165.4511980423622,167.89754291240308,164.7270745855606,167.50611877441406,120405400,0.0,0.0
2021-12-08 00:00:00-05:00,168.43571937748263,172.18352101189242,167.03640253357247,171.32240295410156,116998900,0.0,0.0
2021-12-09 00:00:00-05:00,171.15604705270513,172.95655298827864,170.18728927314578,170.8135528564453,108923700,0.0,0.0
2021-12-10 00:00:00-05:00,171.4495967498973,175.77473158616564,170.94075296583623,175.5985870361328,115402700,0.0,0.0
2021-12-13 00:00:00-05:00,177.23275419312068,178.22108688608395,171.76273170193855,171.96823120117188,153237000,0.0,0.0
2021-12-14 00:00:00-05:00,171.48872330598167,173.92528743178815,168.51397541726456,170.58847045898438,139380400,0.0,0.0
2021-12-15 00:00:00-05:00,171.35175229088827,175.6475325738547,168.611843504033,175.4518280029297,131063300,0.0,0.0
2021-12-16 00:00:00-05:00,175.4322990002564,177.252380355888,167.0853706953113,168.56295776367188,150185800,0.0,0.0
2021-12-17 00:00:00-05:00,166.2829122189755,169.74694420568176,166.0480727156741,167.46694946289062,195432700,0.0,0.0
2021-12-20 00:00:00-05:00,164.66834446331637,166.91898445345717,163.8659512088188,166.10679626464844,107499100,0.0,0.0
2021-12-21 00:00:00-05:00,167.8779657038139,169.48276731961977,165.49033075391415,169.27728271484375,91185900,0.0,0.0
2021-12-22 00:00:00-05:00,169.32617236411534,172.08565609490324,168.45527432954148,171.87037658691406,92135300,0.0,0.0
2021-12-23 00:00:00-05:00,172.07586375572322,173.0544014741378,171.50831008728667,172.4966278076172,68356600,0.0,0.0
2021-12-27 00:00:00-05:00,173.2892490658333,176.54778161213417,173.26968906108772,176.459716796875,74919600,0.0,0.0
2021-12-28 00:00:00-05:00,176.29338521436063,177.43827272382592,174.69836371754772,175.44204711914062,79144300,0.0,0.0
2021-12-29 00:00:00-05:00,175.48117571727812,176.7532777728696,174.316713410959,175.5301055908203,62348900,0.0,0.0
2021-12-30 00:00:00-05:00,175.61814365696594,176.6945409857495,174.26775699563726,174.37539672851562,59773000,0.0,0.0
2021-12-31 00:00:00-05:00,174.26780109643352,175.38333364161016,173.45561289396153,173.75897216796875,64062300,0.0,0.0
2022-01-03 00:00:00-05:00,174.0133573614573,178.95497562988,173.89593761791699,178.1036376953125,104487900,0.0,0.0
2022-01-04 00:00:00-05:00,178.71037008888723,179.01371442958575,175.27569272230144,175.84324645996094,99310400,0.0,0.0
2022-01-05 00:00:00-05:00,175.7551772531539,176.3031560396219,170.89184312629723,171.16583251953125,94537600,0.0,0.0
2022-01-06 00:00:00-05:00,168.99347567343597,171.53767993498516,167.95622799076347,168.30850219726562,96904000,0.0,0.0
2022-01-07 00:00:00-05:00,169.1793866130696,170.40255876885018,167.3593058480161,168.47483825683594,86709100,0.0,0.0
2022-01-10 00:00:00-05:00,165.45116232460057,168.79775959259328,164.5606894006289,168.49441528320312,106765600,0.0,0.0
2022-01-11 00:00:00-05:00,168.62164395189677,171.4202477771128,167.15383722500894,171.32240295410156,76138300,0.0,0.0
2022-01-12 00:00:00-05:00,172.3400748149154,173.37732250749067,171.0679876032979,171.7627410888672,74805200,0.0,0.0
2022-01-13 00:00:00-05:00,172.0073621746904,172.82933029006384,168.10299122971512,168.49441528320312,84505800,0.0,0.0
2022-01-14 00:00:00-05:00,167.66267899736397,170.05031384521072,167.41804452412237,169.35556030273438,80440800,0.0,0.0
2022-01-18 00:00:00-05:00,167.82900716362772,168.83689986985863,165.77408681023036,166.1557159423828,90956700,0.0,0.0
2022-01-19 00:00:00-05:00,166.3514456378891,167.40826837840387,162.37858408989868,162.662353515625,94815000,0.0,0.0
2022-01-20 00:00:00-05:00,163.39620663076252,166.03825520272,160.65629832487,160.97921752929688,91420500,0.0,0.0
2022-01-21 00:00:00-05:00,160.89120276470334,162.76021377251277,158.81670715554318,158.92434692382812,122848900,0.0,0.0
2022-01-24 00:00:00-05:00,156.58562410189697,158.81668910799385,151.37979580013618,158.15127563476562,162294600,0.0,0.0
2022-01-25 00:00:00-05:00,155.56795099632697,159.26682305990172,153.65002507588994,156.3507843017578,115798400,0.0,0.0
2022-01-26 00:00:00-05:00,159.99092174206848,160.86181974023197,154.43283450239605,156.2626953125,108275300,0.0,0.0
2022-01-27 00:00:00-05:00,158.96348400735147,160.32365113506773,154.88298262420264,155.8028106689453,121954600,0.0,0.0
2022-01-28 00:00:00-05:00,162.1534624861329,166.69387607904403,159.30591465835965,166.67430114746094,179935700,0.0,0.0
2022-01-31 00:00:00-05:00,166.5079843021577,171.2441033483954,165.87192581665457,171.02882385253906,115541600,0.0,0.0
2022-02-01 00:00:00-05:00,170.27534392743365,171.0875320298687,168.61183278338754,170.8624725341797,86213900,0.0,0.0
2022-02-02 00:00:00-05:00,170.99951350894017,172.10526621408275,169.60999135687587,172.0661163330078,84914300,0.0,0.0
2022-02-03 00:00:00-05:00,170.7352545735362,172.45749049022623,168.42590499267487,169.1891632080078,89418100,0.0,0.0
2022-02-04 00:00:00-05:00,168.20939100229583,170.5804825811808,167.22960653014735,168.90504455566406,82465400,0.22,0.0
2022-02-07 00:00:00-05:00,169.36552707422473,170.43348845120025,167.49413533637534,168.18978881835938,77251200,0.0,0.0
2022-02-08 00:00:00-05:00,168.25843754271116,171.8052686432988,167.96449911609582,171.2957763671875,74829200,0.0,0.0
2022-02-09 00:00:00-05:00,172.4910539110368,173.07891560572492,171.36429283315064,172.71640014648438,71285000,0.0,0.0
2022-02-10 00:00:00-05:00,170.61964092504337,171.9325483260604,168.08200312375175,168.64047241210938,90865900,0.0,0.0
2022-02-11 00:00:00-05:00,168.8462728505392,169.58111126110254,164.64298876993468,165.23086547851562,98670700,0.0,0.0
2022-02-14 00:00:00-05:00,163.98654956855333,166.15188018995096,163.19292640629095,165.46603393554688,86185500,0.0,0.0
2022-02-15 00:00:00-05:00,167.5137966342849,169.45376621533188,166.80835043202623,169.2969970703125,62527400,0.0,0.0
2022-02-16 00:00:00-05:00,168.3759824121772,169.83585183660028,166.6123672162483,169.06182861328125,61177400,0.0,0.0
2022-02-17 00:00:00-05:00,167.57256492057238,168.4347801834387,165.06431864713625,165.46603393554688,69589300,0.0,0.0
2022-02-18 00:00:00-05:00,166.38698369504047,167.09241466512012,162.83036175887298,163.9179229736328,82772700,0.0,0.0
2022-02-22 00:00:00-05:00,161.64484588368407,163.32028399061443,158.87205389872815,160.99819946289062,91162800,0.0,0.0
2022-02-23 00:00:00-05:00,162.19352949330056,162.7911986729469,156.52058346872764,156.83412170410156,90009200,0.0,0.0
2022-02-24 00:00:00-05:00,149.49553451506446,159.5579264390306,148.9272576589058,159.4501495361328,141147500,0.0,0.0
2022-02-25 00:00:00-05:00,160.5279097890242,161.78203291625664,157.617948249187,161.5175018310547,91974200,0.0,0.0
2022-02-28 00:00:00-05:00,159.76368938483503,162.0759818545117,159.1464202451589,161.78204345703125,95056600,0.0,0.0
2022-03-01 00:00:00-05:00,161.37052533149114,163.23212509592508,158.6957174816516,159.90084838867188,83474400,0.0,0.0
2022-03-02 00:00:00-05:00,161.0667710705488,163.97673219026618,159.65587901852524,163.19290161132812,79724800,0.0,0.0
2022-03-03 00:00:00-05:00,165.06433685396212,165.49544453294706,162.20336719835964,162.86961364746094,76678400,0.0,0.0
2022-03-04 00:00:00-05:00,161.16472134953116,162.20329029267003,158.82303752197333,159.87139892578125,83737200,0.0,0.0
2022-03-07 00:00:00-05:00,160.05758861933697,161.68403439715155,155.82491261205914,156.0796661376953,96418800,0.0,0.0
2022-03-08 00:00:00-05:00,155.60937048225745,159.58729287941838,152.65041731502816,154.25726318359375,131148300,0.0,0.0
2022-03-09 00:00:00-05:00,158.21555399203595,160.1065453386811,156.1874084009024,159.6558380126953,91454900,0.0,0.0
2022-03-10 00:00:00-05:00,156.96149116992498,157.1476526374479,152.82679892923494,155.31546020507812,105342000,0.0,0.0
2022-03-11 00:00:00-05:00,155.71714267170483,156.06007322521145,151.37670453340775,151.60205078125,96970100,0.0,0.0
2022-03-14 00:00:00-04:00,148.38834185067742,151.0043643598726,147.0656419035059,147.5751190185547,108732100,0.0,0.0
2022-03-15 00:00:00-04:00,147.8494586979721,152.42506496258488,147.33998157862231,151.9547576904297,92964300,0.0,0.0
2022-03-16 00:00:00-04:00,153.8751690879972,156.76553056777536,151.3375306500096,156.3638153076172,102300200,0.0,0.0
2022-03-17 00:00:00-04:00,155.40362432397723,157.7453087439647,154.44343967423552,157.37298583984375,75615400,0.0,0.0
2022-03-18 00:00:00-04:00,157.2652159266267,161.15496186500974,156.53037749922927,160.66506958007812,123511700,0.0,0.0
2022-03-21 00:00:00-04:00,160.20455132045697,162.98715054298916,159.71465909153343,162.03675842285156,95811400,0.0,0.0
2022-03-22 00:00:00-04:00,162.1640973881106,165.99505766660897,161.57623576642348,165.40719604492188,81532000,0.0,0.0
2022-03-23 00:00:00-04:00,164.59399656875675,169.14998832074127,164.26085849061369,166.7691192626953,98062700,0.0,0.0
2022-03-24 00:00:00-04:00,167.60194065734933,170.61967882805246,166.76913277034842,170.5511016845703,90131400,0.0,0.0
2022-03-25 00:00:00-04:00,170.3649271443604,171.73661941189775,169.2577659174967,171.1879425048828,80546200,0.0,0.0
2022-03-28 00:00:00-04:00,168.6895021580393,172.1775327221898,168.52294058057433,172.0501708984375,90371900,0.0,0.0
2022-03-29 00:00:00-04:00,173.11815452599345,175.391247170357,172.77522391375607,175.34226989746094,100589400,0.0,0.0
2022-03-30 00:00:00-04:00,174.9405154603071,175.97908457885987,173.12790825883917,174.17628479003906,92633200,0.0,0.0
2022-03-31 00:00:00-04:00,174.2448693810398,174.4310308254092,170.8744083575564,171.08016967773438,103049300,0.0,0.0
2022-04-01 00:00:00-04:00,170.51191638497735,171.3447392929013,168.46417011530542,170.7862548828125,78751300,0.0,0.0
2022-04-04 00:00:00-04:00,171.04100211349504,174.88175589117134,170.91362533338986,174.832763671875,76468400,0.0,0.0
2022-04-05 00:00:00-04:00,173.9117489626708,174.6955795536943,170.8940109049415,171.5210723876953,73401800,0.0,0.0
2022-04-06 00:00:00-04:00,168.87565359700926,170.1199840728932,166.69073839236125,168.3563690185547,89058800,0.0,0.0
2022-04-07 00:00:00-04:00,167.69991063657648,169.85543344405016,166.41639539463952,168.66009521484375,77594700,0.0,0.0
2022-04-08 00:00:00-04:00,168.30737316185164,168.30737316185164,165.77952746373003,166.6515350341797,76575500,0.0,0.0
2022-04-11 00:00:00-04:00,165.29946088886413,165.61298417615765,162.1543458504195,162.3992919921875,72246700,0.0,0.0
2022-04-12 00:00:00-04:00,164.6233833916544,166.435975608999,163.27127610008927,164.27066040039062,79265200,0.0,0.0
2022-04-13 00:00:00-04:00,164.00611547230426,167.5823226689275,163.39865390857594,166.95526123046875,70618900,0.0,0.0
2022-04-14 00:00:00-04:00,167.17086270518294,167.807731737905,161.7036622205432,161.9486083984375,75329400,0.0,0.0
2022-04-18 00:00:00-04:00,160.60628625032533,163.23211669383912,160.2633706181813,161.73304748535156,69023900,0.0,0.0
2022-04-19 00:00:00-04:00,161.6840380358106,164.4274375522312,160.59647667199232,164.0159149169922,67723800,0.0,0.0
2022-04-20 00:00:00-04:00,165.34843439183405,165.4660187034269,162.74221886501599,163.849365234375,67929800,0.0,0.0
2022-04-21 00:00:00-04:00,165.4953937411617,168.062424195949,162.55604041418727,163.05572509765625,87227800,0.0,0.0
2022-04-22 00:00:00-04:00,163.09495550660975,164.4764404677371,158.2352171809879,158.51934814453125,84882400,0.0,0.0
2022-04-25 00:00:00-04:00,157.8628653370747,159.87142644375086,155.25665006996203,159.58729553222656,96046400,0.0,0.0
2022-04-26 00:00:00-04:00,158.9700412464134,159.0582182667308,153.55183394880203,153.63021850585938,95623200,0.0,0.0
2022-04-27 00:00:00-04:00,152.75823050166923,156.55978483050606,152.2389458259476,153.40489196777344,88063200,0.0,0.0
2022-04-28 00:00:00-04:00,156.03070106321982,161.194170207573,155.7171628080034,160.3319549560547,130216800,0.0,0.0
2022-04-29 00:00:00-04:00,158.568327600733,162.84018882642286,154.07112011517893,154.46302795410156,131747600,0.0,0.0
2022-05-02 00:00:00-04:00,153.54203875876948,155.03130046543404,150.17157761678854,154.7667694091797,123055300,0.0,0.0
2022-05-03 00:00:00-04:00,154.95292717961667,157.46118829235783,153.15993453329665,156.25604248046875,88966500,0.0,0.0
2022-05-04 00:00:00-04:00,156.44219580516028,163.1145261346623,156.04048055543203,162.66383361816406,108256500,0.0,0.0
2022-05-05 00:00:00-04:00,160.53765873226337,160.76300492843146,151.81756975295238,153.6007843017578,130525300,0.0,0.0
2022-05-06 00:00:00-04:00,153.0807759379822,156.44638259515347,151.28513392702433,154.32693481445312,116124600,0.23,0.0
2022-05-09 00:00:00-04:00,152.02103374851995,152.90414437032265,148.6456356183626,149.20492553710938,131577900,0.0,0.0
2022-05-10 00:00:00-04:00,152.59999379126018,153.79708852885074,150.05861170075954,151.60894775390625,115366700,0.0,0.0
2022-05-11 00:00:00-04:00,150.61789721596364,152.53128118939546,143.07228159830737,143.74932861328125,142689800,0.0,0.0
2022-05-12 00:00:00-04:00,140.08937970466798,143.45497143936288,136.19391853080884,139.88331604003906,182602000,0.0,0.0
2022-05-13 00:00:00-04:00,141.87516608975716,145.31927170624107,140.42295884876623,144.3478546142578,113990900,0.0,0.0
2022-05-16 00:00:00-04:00,142.8171643521235,144.7501769403197,141.4728772141811,142.80734252929688,86643800,0.0,0.0
2022-05-17 00:00:00-04:00,146.06502676243824,146.95794432736452,143.92595034164182,146.43789672851562,78336300,0.0,0.0
2022-05-18 00:00:00-04:00,144.09274359887067,144.59316242526515,137.27322514239307,138.17596435546875,109742900,0.0,0.0
2022-05-19 00:00:00-04:00,137.25361360845713,139.0001910759216,134.03520018713232,134.7711181640625,136095600,0.0,0.0
2022-05-20 00:00:00-04:00,136.47844306099526,138.05821430560903,130.12011571020568,135.00660705566406,137426100,0.0,0.0
2022-05-23 00:00:00-04:00,135.20285452842407,140.57015125059797,135.0654837610607,140.4229736328125,117726300,0.0,0.0
2022-05-24 00:00:00-04:00,138.1661418989175,139.30436527340177,134.75148674775386,137.72459411621094,104132700,0.0,0.0
2022-05-25 00:00:00-04:00,135.83083742178036,139.12775081330722,135.7425308510417,137.88160705566406,92482700,0.0,0.0
2022-05-26 00:00:00-04:00,134.81036263839988,141.62986633656274,134.56505664226245,141.08038330078125,90601500,0.0,0.0
2022-05-27 00:00:00-04:00,142.6601806038178,146.8696256795322,142.5326166713653,146.83038330078125,90978500,0.0,0.0
2022-05-31 00:00:00-04:00,146.27105666109873,147.83119909756292,144.08291654363944,146.0453643798828,103718400,0.0,0.0
2022-06-01 00:00:00-04:00,147.08549081541827,148.8909545900905,144.90717205322113,145.9178466796875,74286600,0.0,0.0
2022-06-02 00:00:00-04:00,145.05436821890447,148.42978169809749,144.10257959347064,148.37091064453125,72348100,0.0,0.0
2022-06-03 00:00:00-04:00,144.14179449565412,145.19171132509297,141.74762059734428,142.6503448486328,88570300,0.0,0.0
2022-06-06 00:00:00-04:00,144.26939183778111,145.7804854788439,142.17937951644433,143.39610290527344,71598400,0.0,0.0
2022-06-07 00:00:00-04:00,141.63970888221743,146.20239508903217,141.39440285018887,145.9178466796875,67808200,0.0,0.0
2022-06-08 00:00:00-04:00,145.79026939576806,147.05604181726716,144.6913032640919,145.18191528320312,53950200,0.0,0.0
2022-06-09 00:00:00-04:00,144.318460453583,145.17212073609275,139.8538872463902,139.96182250976562,69473000,0.0,0.0
2022-06-10 00:00:00-04:00,137.64607047145486,138.11705369296735,134.48652870641396,134.5552215576172,91437900,0.0,0.0
2022-06-13 00:00:00-04:00,130.37521064148712,132.6614640522055,128.97206769596104,129.40380859375,122207100,0.0,0.0
2022-06-14 00:00:00-04:00,130.63036655754385,131.3760914682962,129.01133784221852,130.26730346679688,84784300,0.0,0.0
2022-06-15 00:00:00-04:00,131.76856647591572,134.76130271815364,129.67856950370555,132.8871612548828,91533000,0.0,0.0
2022-06-16 00:00:00-04:00,129.60005747260172,129.90423449299203,126.61712836390117,127.61798095703125,108123900,0.0,0.0
2022-06-17 00:00:00-04:00,127.62784446904057,130.58132405033675,127.3727165836019,129.08985900878906,134520300,0.0,0.0
2022-06-21 00:00:00-04:00,130.91494269803155,134.48659850718005,130.8168292526159,133.31893920898438,81000500,0.0,0.0
2022-06-22 00:00:00-04:00,132.25921763216581,135.17345501908306,131.39575042395327,132.8087158203125,73409200,0.0,0.0
2022-06-23 00:00:00-04:00,134.2510716127321,135.98782727058793,133.08341268546732,135.67384338378906,72433800,0.0,0.0
2022-06-24 00:00:00-04:00,137.27323450557805,139.24550436943025,137.14568556404583,139.0001983642578,89116800,0.0,0.0
2022-06-27 00:00:00-04:00,140.02066475796738,140.79584011879487,138.32315139441545,139.0001983642578,70207900,0.0,0.0
2022-06-28 00:00:00-04:00,139.46136345282662,140.72713574825013,134.74167869464102,134.8594207763672,67083400,0.0,0.0
2022-06-29 00:00:00-04:00,134.8790886274478,138.0288100068747,134.1039131048046,136.6158447265625,66242400,0.0,0.0
2022-06-30 00:00:00-04:00,134.67298633539292,135.77195236171494,131.25833120197146,134.15293884277344,98964500,0.0,0.0
2022-07-01 00:00:00-04:00,133.48573480288584,136.42940742984914,133.11287978462988,136.32147216796875,71051600,0.0,0.0
2022-07-05 00:00:00-04:00,135.18325151505502,138.951148551157,134.35901187342057,138.90208435058594,73353800,0.0,0.0
2022-07-06 00:00:00-04:00,138.69604284083624,141.41402301996357,138.4311081218874,140.23655700683594,74064300,0.0,0.0
2022-07-07 00:00:00-04:00,140.59958423477383,143.79838414491758,140.58977738452884,143.60214233398438,66253700,0.0,0.0
2022-07-08 00:00:00-04:00,142.53259722881296,144.77960864232728,142.27748437099987,144.2791748046875,64547800,0.0,0.0
2022-07-11 00:00:00-04:00,142.93491514840724,143.88670373849325,141.08040216848238,142.14993286132812,63141600,0.0,0.0
2022-07-12 00:00:00-04:00,143.02322474684678,145.66272006961017,142.32656399441228,143.12135314941406,77588800,0.0,0.0
2022-07-13 00:00:00-04:00,140.30522551606126,143.700252180436,139.4515504526769,142.75828552246094,71185600,0.0,0.0
2022-07-14 00:00:00-04:00,141.37478416032295,146.1533412106034,140.5603662797928,145.68235778808594,78140700,0.0,0.0
2022-07-15 00:00:00-04:00,146.96775651820843,148.0274804295402,145.41742051675783,147.35043334960938,76259900,0.0,0.0
2022-07-18 00:00:00-04:00,147.90971463576915,148.7241323716371,143.9455611978647,144.30862426757812,81420900,0.0,0.0
2022-07-19 00:00:00-04:00,145.14266864096726,148.3905180514349,144.15163767930207,148.1648406982422,82982400,0.0,0.0
2022-07-20 00:00:00-04:00,148.28255575422767,150.83374396533713,147.54663780551792,150.16650390625,64823400,0.0,0.0
2022-07-21 00:00:00-04:00,151.59913522400217,152.6490522792443,149.08720372847873,152.4331817626953,65086600,0.0,0.0
2022-07-22 00:00:00-04:00,152.47241748797757,153.34570636779952,150.5295978961148,151.1968231201172,66675400,0.0,0.0
2022-07-25 00:00:00-04:00,151.11834238686484,152.1290021734992,149.4208286149878,150.0782470703125,53623900,0.0,0.0
2022-07-26 00:00:00-04:00,149.40118236976926,150.21560020375307,147.96860350790257,148.7535858154297,55138700,0.0,0.0
2022-07-27 00:00:00-04:00,149.7151850174758,154.37599980512033,149.30307266450654,153.84613037109375,78620700,0.0,0.0
2022-07-28 00:00:00-04:00,154.0325515340952,154.68016301876492,151.51081343985047,154.39561462402344,81378700,0.0,0.0
2022-07-29 00:00:00-04:00,158.2125357153537,160.5576600698084,156.50520086138783,159.45867919921875,101786900,0.0,0.0
2022-08-01 00:00:00-04:00,157.98689646537588,160.5184565925083,157.86915435741844,158.47750854492188,67829400,0.0,0.0
2022-08-02 00:00:00-04:00,157.09396729027588,159.36059231885778,156.63279081571793,157.00564575195312,59907000,0.0,0.0
2022-08-03 00:00:00-04:00,157.82007379818262,163.4621121282082,157.73176722636683,163.01075744628906,82507500,0.0,0.0
2022-08-04 00:00:00-04:00,162.89298862903826,164.05084071884252,161.34265293350123,162.69674682617188,55474100,0.0,0.0
2022-08-05 00:00:00-04:00,160.368058732092,162.96208826310027,160.16170882927858,162.47079467773438,56697000,0.23,0.0
2022-08-08 00:00:00-04:00,163.47298010260957,164.88790765782107,161.34076829816232,161.9990997314453,60276900,0.0,0.0
2022-08-09 00:00:00-04:00,161.16392597706255,162.93258559805665,160.40732977942574,162.04824829101562,63135500,0.0,0.0
2022-08-10 00:00:00-04:00,164.76019658442047,166.39129475740782,163.99377985120265,166.2930450439453,70170500,0.0,0.0
2022-08-11 00:00:00-04:00,167.09876052441393,168.01257432763373,165.26132743753485,165.5561065673828,57149200,0.0,0.0
2022-08-12 00:00:00-04:00,166.8629587003345,169.1720295303759,166.4502588992338,169.10325622558594,68039400,0.0,0.0
2022-08-15 00:00:00-04:00,168.53335189122956,170.37078506094434,168.36631387517275,170.1742706298828,54091700,0.0,0.0
2022-08-16 00:00:00-04:00,169.7713668198312,170.68518045173758,168.67087426733767,170.0170135498047,56377100,0.0,0.0
2022-08-17 00:00:00-04:00,169.76158567645695,173.08272003979997,169.56507124556938,171.51058959960938,79542000,0.0,0.0
2022-08-18 00:00:00-04:00,170.7245248308653,171.85449410589086,170.10549010131544,171.1175537109375,62290100,0.0,0.0
2022-08-19 00:00:00-04:00,170.01701076373877,170.7146540623893,168.32696008976907,168.53330993652344,70346300,0.0,0.0
2022-08-22 00:00:00-04:00,166.73517911017834,166.9022170896685,164.22957943165187,164.652099609375,69026800,0.0,0.0
2022-08-23 00:00:00-04:00,164.17065687050786,165.77227866474297,163.74813661491604,164.3180389404297,54147100,0.0,0.0
2022-08-24 00:00:00-04:00,164.40647334198977,165.1827105189657,163.35509799580043,164.61280822753906,53841500,0.0,0.0
2022-08-25 00:00:00-04:00,165.841056236527,167.17737534622174,165.41855096314578,167.0692901611328,51218200,0.0,0.0
2022-08-26 00:00:00-04:00,167.59988131493301,168.0715189036816,160.71193645776907,160.77088928222656,78961000,0.0,0.0
2022-08-29 00:00:00-04:00,158.3439099366534,160.0634374134409,157.03708224821386,158.56991577148438,73314000,0.0,0.0
2022-08-30 00:00:00-04:00,159.30686092942906,159.72936621122975,154.9736479587286,156.14292907714844,77906200,0.0,0.0
2022-08-31 00:00:00-04:00,157.51852057324083,157.78382326299328,154.403721562595,154.48233032226562,87991100,0.0,0.0
2022-09-01 00:00:00-04:00,153.91245042285962,155.66145434866903,151.97675253984187,155.20947265625,74229900,0.0,0.0
2022-09-02 00:00:00-04:00,156.9682888748041,157.56766760419046,152.2715237467297,153.09689331054688,76957800,0.0,0.0
2022-09-06 00:00:00-04:00,153.7453935980758,154.35459275815265,151.0138028574181,151.83917236328125,73714800,0.0,0.0
2022-09-07 00:00:00-04:00,152.1241293530868,153.9419063408882,150.93519246411637,153.24427795410156,87449600,0.0,0.0
2022-09-08 00:00:00-04:00,151.94721364202323,153.63726404281374,150.02133702493038,151.77035522460938,84923800,0.0,0.0
2022-09-09 00:00:00-04:00,152.76282069447305,155.07190642293236,152.05535676886382,154.62973022460938,68028800,0.0,0.0
2022-09-12 00:00:00-04:00,156.81106723949068,161.39974706706778,156.52612358553827,160.58419799804688,104956000,0.0,0.0
2022-09-13 00:00:00-04:00,157.11563747555653,157.74449248447965,150.6993462930314,151.16116333007812,122656600,0.0,0.0
2022-09-14 00:00:00-04:00,152.0946261536245,154.3644145838136,150.93518075875835,152.60557556152344,87965400,0.0,0.0
2022-09-15 00:00:00-04:00,151.9570788549336,152.5368165999088,148.74403004784534,149.71678161621094,90481100,0.0,0.0
2022-09-16 00:00:00-04:00,148.57699569456918,148.71455728301882,145.78643705402317,148.07586669921875,162278800,0.0,0.0
2022-09-19 00:00:00-04:00,146.71006595451675,151.8686478234834,146.50373107588743,151.7900390625,81474200,0.0,0.0
2022-09-20 00:00:00-04:00,150.72883799724963,155.32735289857166,150.41441795742156,154.1678924560547,107689800,0.0,0.0
2022-09-21 00:00:00-04:00,154.600234046477,155.9758648340084,150.92536828428254,151.04327392578125,101696800,0.0,0.0
2022-09-22 00:00:00-04:00,149.72665128790337,151.78025506037338,148.28224681807626,150.08038330078125,86652500,0.0,0.0
2022-09-23 00:00:00-04:00,148.55733788432917,148.8324610577634,145.97312915554878,147.81056213378906,96029900,0.0,0.0
2022-09-26 00:00:00-04:00,147.05398109807987,151.09241446222893,147.03432515906897,148.1446533203125,93339400,0.0,0.0
2022-09-27 00:00:00-04:00,150.08033184270485,152.02584974992726,147.33890593458156,149.1173858642578,84442700,0.0,0.0
2022-09-28 00:00:00-04:00,145.06917659266318,148.016938253305,142.3179293774459,147.23086547851562,146691400,0.0,0.0
2022-09-29 00:00:00-04:00,143.55595244325275,144.16515152497595,138.2303182381293,139.9989776611328,128138200,0.0,0.0
2022-09-30 00:00:00-04:00,138.8198721746833,140.60818747966655,135.59698843169565,135.7935028076172,124925300,0.0,0.0
2022-10-03 00:00:00-04:00,135.80333891625202,140.57871173992285,135.29238954196313,139.96949768066406,114311700,0.0,0.0
2022-10-04 00:00:00-04:00,142.504593932989,143.67387488258018,141.7479977315321,143.55596923828125,87830100,0.0,0.0
2022-10-05 00:00:00-04:00,141.56132388640066,144.81368463210958,140.51976901629106,143.85073852539062,79471000,0.0,0.0
2022-10-06 00:00:00-04:00,143.27101666436323,144.97088807825529,142.69129389793306,142.8976287841797,68402200,0.0,0.0
2022-10-07 00:00:00-04:00,140.05793931227225,140.60820060654387,137.02174919053795,137.65060424804688,85925600,0.0,0.0
2022-10-10 00:00:00-04:00,137.974853515625,139.4192574875598,136.15707670936632,137.974853515625,74899000,0.0,0.0
2022-10-11 00:00:00-04:00,137.4638994009055,138.88866238055874,135.81316062854552,136.55992126464844,77033700,0.0,0.0
2022-10-12 00:00:00-04:00,136.70734348798558,137.91592138284778,135.75423283314072,135.93109130859375,70433700,0.0,0.0
2022-10-13 00:00:00-04:00,132.63942598399592,141.08966528093347,132.0302118420066,140.5001220703125,113224000,0.0,0.0
2022-10-14 00:00:00-04:00,141.79711592519322,142.00346577520415,135.78368877686898,135.9703826904297,88598000,0.0,0.0
2022-10-17 00:00:00-04:00,138.61355854500806,140.41167960335844,137.82748592791265,139.9302215576172,85250900,0.0,0.0
2022-10-18 00:00:00-04:00,142.95656316967438,144.14548483681097,138.1615346456643,141.24685668945312,99136600,0.0,0.0
2022-10-19 00:00:00-04:00,139.22275323737964,142.42598143245377,139.03605931008337,141.35496520996094,61758300,0.0,0.0
2022-10-20 00:00:00-04:00,140.52960554450746,143.34962560942563,140.16603813694184,140.89315795898438,64522000,0.0,0.0
2022-10-21 00:00:00-04:00,140.38220497154572,145.27549920361895,140.1660346242772,144.70559692382812,86548600,0.0,0.0
2022-10-24 00:00:00-04:00,144.62698448602487,147.6140424012265,143.45770354454174,146.84762573242188,75981900,0.0,0.0
2022-10-25 00:00:00-04:00,147.47646582788911,149.83468340940922,146.75918158114587,149.68728637695312,74732300,0.0,0.0
2022-10-26 00:00:00-04:00,148.33137090531034,149.34343452593197,145.46220307585523,146.74940490722656,88194300,0.0,0.0
2022-10-27 00:00:00-04:00,145.49167413504986,146.45460526216635,141.6202786941001,142.2786102294922,109180200,0.0,0.0
2022-10-28 00:00:00-04:00,145.6193922207591,154.75745443354808,145.24601935139384,153.02810668945312,164762400,0.0,0.0
2022-10-31 00:00:00-04:00,150.49306337072383,151.5542593756546,149.2746498110423,150.669921875,97943200,0.0,0.0
2022-11-01 00:00:00-04:00,152.3796018355527,152.74315424703352,146.5332118743015,148.0267333984375,80379300,0.0,0.0
2022-11-02 00:00:00-04:00,146.35636351890798,149.52029556888522,142.47514699591338,142.50462341308594,93604600,0.0,0.0
2022-11-03 00:00:00-04:00,139.58628898595558,140.313408670562,136.33392883040858,136.461669921875,97918500,0.0,0.0
2022-11-04 00:00:00-04:00,139.84739003185524,140.41823769444377,132.25908536615194,136.19595336914062,140814800,0.23,0.0
2022-11-07 00:00:00-05:00,134.94598671425354,136.95378268582516,133.52871190234,136.7274169921875,83374600,0.0,0.0
2022-11-08 00:00:00-05:00,138.19391993058036,139.19781051108808,135.32000793975288,137.29827880859375,89908500,0.0,0.0
2022-11-09 00:00:00-05:00,136.31407662091405,136.36329048249235,132.4657839221066,132.74136352539062,74917800,0.0,0.0
2022-11-10 00:00:00-05:00,139.0107949405163,144.5519256591797,137.29825219484707,144.5519256591797,118854000,0.0,0.0
2022-11-11 00:00:00-05:00,143.51851370440974,147.64236984681628,142.09138720356083,147.33726501464844,93979700,0.0,0.0
2022-11-14 00:00:00-05:00,146.61880940644215,147.90813128864986,145.10310679865555,145.939697265625,73374100,0.0,0.0
2022-11-15 00:00:00-05:00,149.81752177217496,151.16589433590542,146.2152837355369,147.6719207763672,89868300,0.0,0.0
2022-11-16 00:00:00-05:00,146.77629560614008,147.50460662223392,144.96532479416157,146.441650390625,64218300,0.0,0.0
2022-11-17 00:00:00-05:00,144.1189020339811,149.08920136807347,143.84332244877638,148.34120178222656,80389400,0.0,0.0
2022-11-18 00:00:00-05:00,149.9060967599958,150.2899408094876,147.60303246304494,148.90219116210938,74829600,0.0,0.0
2022-11-21 00:00:00-05:00,147.79004119922186,147.99671837716943,145.3885491071394,145.67396545410156,58724100,0.0,0.0
2022-11-22 00:00:00-05:00,145.79205967642807,148.04590985414606,144.6109873377189,147.8096923828125,51804100,0.0,0.0
2022-11-23 00:00:00-05:00,147.09124229312135,149.4336837921187,146.98297781162248,148.68568420410156,58301400,0.0,0.0
2022-11-25 00:00:00-05:00,145.96920976620405,146.53022062215993,144.79798922240155,145.77236938476562,35195900,0.0,0.0
2022-11-28 00:00:00-05:00,142.84924916455952,144.32557460653223,141.11703271911014,141.9437713623047,69246000,0.0,0.0
2022-11-29 00:00:00-05:00,142.01267756953146,142.52447466230237,138.13487484288268,138.94192504882812,83763800,0.0,0.0
2022-11-30 00:00:00-05:00,139.16828541868128,146.37276146207836,138.33170993361605,145.6936492919922,111380900,0.0,0.0
2022-12-01 00:00:00-05:00,145.87081033178356,146.7762881829984,144.29605710134743,145.96922302246094,71250400,0.0,0.0
2022-12-02 00:00:00-05:00,143.6563344518848,145.66413072697534,143.35121453595042,145.4771270751953,65447400,0.0,0.0
2022-12-05 00:00:00-05:00,145.4377569527139,148.53803463745106,143.46932286260514,144.3157501220703,68826400,0.0,0.0
2022-12-06 00:00:00-05:00,144.74879562385667,144.9751613197971,139.68006926529813,140.65444946289062,64727200,0.0,0.0
2022-12-07 00:00:00-05:00,139.94580150371553,141.10717022124382,137.79036411926236,138.7155303955078,69721100,0.0,0.0
2022-12-08 00:00:00-05:00,140.1131279990439,141.25482328488022,138.8730200272998,140.39854431152344,62128300,0.0,0.0
2022-12-09 00:00:00-05:00,140.09344213199822,143.27247380855323,138.67616726979998,139.91629028320312,76097000,0.0,0.0
2022-12-12 00:00:00-05:00,140.44777667846864,142.21937045590607,138.8336612407948,142.20953369140625,70462700,0.0,0.0
2022-12-13 00:00:00-05:00,147.14046624112265,147.60304951034107,141.96348935709867,143.174072265625,93886200,0.0,0.0
2022-12-14 00:00:00-05:00,143.05594605605327,144.3452679150581,138.9320744491566,140.94972229003906,82291200,0.0,0.0
2022-12-15 00:00:00-05:00,138.88285224146853,139.5619643292127,133.88302841156911,134.34561157226562,98931900,0.0,0.0
2022-12-16 00:00:00-05:00,134.53265581803083,135.47749595050237,131.61936620399007,132.38705444335938,160156900,0.0,0.0
2022-12-19 00:00:00-05:00,132.97755207276447,133.0661279935264,129.24737645818792,130.28079223632812,79592600,0.0,0.0
2022-12-20 00:00:00-05:00,129.31627297471567,131.14691722297425,127.83994745250583,130.2119140625,77432800,0.0,0.0
2022-12-21 00:00:00-05:00,130.8811625578248,134.65071518492888,130.6547968699711,133.3121795654297,85928000,0.0,0.0
2022-12-22 00:00:00-05:00,132.2295865606811,132.43626376220547,128.24350390512237,130.14303588867188,77852100,0.0,0.0
2022-12-23 00:00:00-05:00,128.85367283616628,130.32999816428637,127.59387642427377,129.77883911132812,63814900,0.0,0.0
2022-12-27 00:00:00-05:00,129.3064518231432,129.3359771357154,126.68843064335461,127.97775268554688,69007800,0.0,0.0
2022-12-28 00:00:00-05:00,127.62341762114275,128.96195335269854,123.88339749624971,124.05071258544922,85438400,0.0,0.0
2022-12-29 00:00:00-05:00,125.96996505418089,128.42066393002503,125.71407397294763,127.56439971923828,75703700,0.0,0.0
2022-12-30 00:00:00-05:00,126.38331908581098,127.8990067839709,125.41878304163788,127.87931823730469,77034200,0.0,0.0
2023-01-03 00:00:00-05:00,128.22377748695044,128.83398716375524,122.21021158237852,123.09600830078125,112117500,0.0,0.0
2023-01-04 00:00:00-05:00,124.88729543343348,126.62936374107429,123.10586505340991,124.36566162109375,89113600,0.0,0.0
2023-01-05 00:00:00-05:00,125.12351256937882,125.75341088924934,122.79092293482029,123.04681396484375,80962700,0.0,0.0
2023-01-06 00:00:00-05:00,124.02118700839063,128.23362708296847,122.91886125861728,127.57420349121094,87754700,0.0,0.0
2023-01-09 00:00:00-05:00,128.41079711233908,131.30439758356596,127.83994943275363,128.09584045410156,70790800,0.0,0.0
2023-01-10 00:00:00-05:00,128.20411901412172,129.18833615231142,126.09789493911427,128.6667022705078,63896200,0.0,0.0
2023-01-11 00:00:00-05:00,129.1784814447806,131.4028064616691,128.40095662151043,131.3831329345703,69458900,0.0,0.0
2023-01-12 00:00:00-05:00,131.76696547602162,132.14095769176564,129.36547379890666,131.30438232421875,71379600,0.0,0.0
2023-01-13 00:00:00-05:00,129.9461488585014,132.7905349401524,129.5819934315568,132.633056640625,57809700,0.0,0.0
2023-01-17 00:00:00-05:00,132.70195234994011,135.12311725700644,132.01300359662682,133.79443359375,63646600,0.0,0.0
2023-01-18 00:00:00-05:00,134.6605787592018,136.42232060237055,132.8988218980733,133.07598876953125,69672800,0.0,0.0
2023-01-19 00:00:00-05:00,131.9638347529944,134.0995841255356,131.6587298451973,133.1350555419922,58280400,0.0,0.0
2023-01-20 00:00:00-05:00,133.14489665420894,135.84165708820683,132.1016288639502,135.6940155029297,80223600,0.0,0.0
2023-01-23 00:00:00-05:00,135.94005904305521,141.0579999020067,135.72353008280908,138.88287353515625,81760300,0.0,0.0
2023-01-24 00:00:00-05:00,138.0954934654877,140.90051809732327,138.0856567013407,140.28045654296875,66435100,0.0,0.0
2023-01-25 00:00:00-05:00,138.6663258108729,140.18201330953534,136.61915274790366,139.6210174560547,65799300,0.0,0.0
2023-01-26 00:00:00-05:00,140.91035682918778,141.9733130723702,139.66039693887691,141.68789672851562,54105100,0.0,0.0
2023-01-27 00:00:00-05:00,140.90049992434123,144.9062550377642,140.82176076743906,143.62677001953125,70555800,0.0,0.0
2023-01-30 00:00:00-05:00,142.6721295386836,143.25281407268088,140.59543068062553,140.74305725097656,64015300,0.0,0.0
2023-01-31 00:00:00-05:00,140.4477633640219,142.06187864867766,140.03439402480078,142.01266479492188,65874500,0.0,0.0
2023-02-01 00:00:00-05:00,141.69774073810188,144.29607334830789,139.08957136310852,143.1346893310547,77663600,0.0,0.0
2023-02-02 00:00:00-05:00,146.54991104174482,148.79392468833726,145.83143680858885,148.4396209716797,118339000,0.0,0.0
2023-02-03 00:00:00-05:00,145.69363837431163,154.8960731461596,145.4967979818679,152.0615234375,154357300,0.0,0.0
2023-02-06 00:00:00-05:00,150.1620199448286,150.6836538403975,148.4002628109197,149.33526611328125,69858300,0.0,0.0
2023-02-07 00:00:00-05:00,148.26246234257331,152.7800151967711,148.26246234257331,152.20916748046875,83322600,0.0,0.0
2023-02-08 00:00:00-05:00,151.45130381865607,152.14025265616812,148.78406936876726,149.52223205566406,64120100,0.0,0.0
2023-02-09 00:00:00-05:00,151.35289040745275,151.89421276586904,148.04592065726195,148.4888153076172,56007100,0.0,0.0
2023-02-10 00:00:00-05:00,147.32566223415182,149.17880490718028,147.08908410868764,148.853515625,57450700,0.23,0.0
2023-02-13 00:00:00-05:00,148.79440338379132,152.05713357186568,148.76483299254943,151.6529998779297,62199000,0.0,0.0
2023-02-14 00:00:00-05:00,149.94770404483108,151.57415087909246,148.70570240485208,151.0122833251953,61707600,0.0,0.0
2023-02-15 00:00:00-05:00,150.92351784628698,153.27938692145068,150.69680656582565,153.11181640625,65573800,0.0,0.0
2023-02-16 00:00:00-05:00,151.31781291605773,154.09754945424802,151.16010920849044,151.5149688720703,68167900,0.0,0.0
2023-02-17 00:00:00-05:00,150.17441057100683,150.81512239489066,148.69583093968438,150.37155151367188,59144100,0.0,0.0
2023-02-21 00:00:00-05:00,148.05511953332274,149.1394173925265,146.29068760704538,146.35968017578125,58867200,0.0,0.0
2023-02-22 00:00:00-05:00,146.74408634882758,147.80866542554767,145.0585140913541,146.7835235595703,51011300,0.0,0.0
2023-02-23 00:00:00-05:00,147.94667430552937,148.1931042440918,145.1373820304515,147.2665252685547,48394200,0.0,0.0
2023-02-24 00:00:00-05:00,145.00925692421464,145.08811632211885,143.63910684752537,144.61497497558594,55469600,0.0,0.0
2023-02-27 00:00:00-05:00,145.60065500306268,147.03979725813033,145.34435826985944,145.80764770507812,44998500,0.0,0.0
2023-02-28 00:00:00-05:00,144.95008720013072,146.95109701970668,144.7332276594082,145.30494689941406,50547000,0.0,0.0
2023-03-01 00:00:00-05:00,144.73322244168676,145.12750429739225,142.9392054041828,143.23492431640625,55479000,0.0,0.0
2023-03-02 00:00:00-05:00,142.31823534576338,144.6149643784106,141.8450789930105,143.82638549804688,52238100,0.0,0.0
2023-03-03 00:00:00-05:00,145.9259379185379,148.95210462024477,145.2260853537234,148.8732452392578,70732300,0.0,0.0
2023-03-06 00:00:00-05:00,151.59386356059247,154.06803024605406,151.26858921507775,151.63330078125,87558000,0.0,0.0
2023-03-07 00:00:00-05:00,151.505091132307,151.83038038722225,148.97179972168095,149.43508911132812,56182000,0.0,0.0
2023-03-08 00:00:00-05:00,150.62784041964048,151.278419098267,149.66183922588297,150.68698120117188,47204800,0.0,0.0
2023-03-09 00:00:00-05:00,151.3671337581158,152.33313497413033,148.08468493947933,148.43954467773438,53833600,0.0,0.0
2023-03-10 00:00:00-05:00,148.06496662146847,148.78453780981002,145.5020893181875,146.37937927246094,68572400,0.0,0.0
2023-03-13 00:00:00-04:00,145.69922529511118,150.95311305935627,145.59079552733544,148.3212432861328,84457100,0.0,0.0
2023-03-14 00:00:00-04:00,149.11968969699433,151.209410853691,147.95654755608294,150.41098022460938,73695900,0.0,0.0
2023-03-15 00:00:00-04:00,149.03095372752588,151.0615337650689,147.77908558210245,150.8052520751953,77167900,0.0,0.0
2023-03-16 00:00:00-04:00,149.98711209240733,154.22570978036399,149.47453364061312,153.62442016601562,76161100,0.0,0.0
2023-03-17 00:00:00-04:00,153.8511391851991,154.50171782493953,152.07684064085686,152.78656005859375,98944600,0.0,0.0
2023-03-20 00:00:00-04:00,152.85559899795223,155.56632884505603,151.94872341311736,155.15231323242188,73641400,0.0,0.0
2023-03-21 00:00:00-04:00,155.07344501678244,157.1237289497417,154.3045697408097,157.0054473876953,73938300,0.0,0.0
2023-03-22 00:00:00-04:00,157.0251659140942,159.82460651427928,155.5564380089166,155.57615661621094,75701800,0.0,0.0
2023-03-23 00:00:00-04:00,156.56186795883147,159.24302685232914,155.4282812343858,156.66043090820312,67622100,0.0,0.0
2023-03-24 00:00:00-04:00,156.5914437450547,158.0503047976887,155.59587218901564,157.9615936279297,59196500,0.0,0.0
2023-03-27 00:00:00-04:00,157.6560281012329,158.47417734472043,155.61558088418133,156.0197296142578,52390300,0.0,0.0
2023-03-28 00:00:00-04:00,155.71416498675424,156.226743517172,153.7525770821358,155.3987274169922,45992200,0.0,0.0
2023-03-29 00:00:00-04:00,157.09415020907082,158.75016719414856,157.074446643704,158.4741668701172,51305700,0.0,0.0
2023-03-30 00:00:00-04:00,159.22332411879057,160.14990317241256,158.96704237580855,160.04147338867188,49501700,0.0,0.0
2023-03-31 00:00:00-04:00,160.12033413577524,162.64377453412575,159.597903820846,162.54519653320312,68749800,0.0,0.0
2023-04-03 00:00:00-04:00,161.92419649331373,163.91533966892132,161.87490749491164,163.79705810546875,56976200,0.0,0.0
2023-04-04 00:00:00-04:00,164.22091988909426,164.45748300799937,162.75219201536794,163.2647705078125,46278300,0.0,0.0
2023-04-05 00:00:00-04:00,162.38750991031526,162.69308068814559,159.48949085197538,161.42149353027344,51511700,0.0,0.0
2023-04-06 00:00:00-04:00,160.11047335808198,162.60435849941234,159.6866210280676,162.3086395263672,45390100,0.0,0.0
2023-04-10 00:00:00-04:00,159.11486640899105,159.71615600585938,157.79400566862077,159.71615600585938,47716900,0.0,0.0
2023-04-11 00:00:00-04:00,160.03159161422226,160.04144339602837,158.21785602238293,158.50372314453125,47644200,0.0,0.0
2023-04-12 00:00:00-04:00,158.9177526201656,159.74575366976245,157.49831365463328,157.81375122070312,50133100,0.0,0.0
2023-04-13 00:00:00-04:00,159.32188371142138,163.4323331532267,159.11487595150933,163.1957550048828,68445600,0.0,0.0
2023-04-14 00:00:00-04:00,162.23961256067847,163.94491858408577,161.48061917083933,162.85076904296875,49386500,0.0,0.0
2023-04-17 00:00:00-04:00,162.73246797792896,163.02818690758198,161.68760746192598,162.87046813964844,41516200,0.0,0.0
2023-04-18 00:00:00-04:00,163.72807715584273,165.01936778477705,163.28449117964493,164.09278869628906,49923000,0.0,0.0
2023-04-19 00:00:00-04:00,163.43233711220313,165.7586363174907,163.17604035173306,165.2362060546875,47720200,0.0,0.0
2023-04-20 00:00:00-04:00,163.71817152684758,165.47275128415967,163.19574132050678,164.27017211914062,52456400,0.0,0.0
2023-04-21 00:00:00-04:00,162.6930225330838,164.0730239528686,162.14102196516987,162.6634521484375,58337300,0.0,0.0
2023-04-24 00:00:00-04:00,162.64375061086378,163.23518844762253,161.5496011414824,162.9690399169922,41949600,0.0,0.0
2023-04-25 00:00:00-04:00,162.83105575677226,163.93505711689548,161.3918982344198,161.43133544921875,48714100,0.0,0.0
2023-04-26 00:00:00-04:00,160.73149257373842,162.9197920651015,160.4752108015662,161.42149353027344,45498800,0.0,0.0
2023-04-27 00:00:00-04:00,162.83104713478986,166.1529178634098,162.83104713478986,166.00506591796875,64902300,0.0,0.0
2023-04-28 00:00:00-04:00,166.08391841749662,167.42449781718415,165.48262879614657,167.2569122314453,55275900,0.0,0.0
2023-05-01 00:00:00-04:00,166.86264216717663,168.01593249804148,166.2317821133474,167.168212890625,52472900,0.0,0.0
2023-05-02 00:00:00-04:00,167.6610625345139,167.91735928630777,165.14747425578494,166.13319396972656,48425700,0.0,0.0
2023-05-03 00:00:00-04:00,167.07949000013943,168.47921017635485,164.77290950021637,165.0587615966797,65136000,0.0,0.0
2023-05-04 00:00:00-04:00,162.53534351356944,164.6546351492701,161.9636242025262,163.4224853515625,81235400,0.0,0.0
2023-05-05 00:00:00-04:00,168.53837432535954,171.81097141948842,168.32151475691046,171.09140014648438,113453200,0.0,0.0
2023-05-08 00:00:00-04:00,170.0169462399646,171.36739258858663,169.65223472844943,171.0223846435547,55962800,0.0,0.0
2023-05-09 00:00:00-04:00,170.57879765359286,171.06179068201072,169.14950709207488,169.31707763671875,45326900,0.0,0.0
2023-05-10 00:00:00-04:00,170.5492304195713,171.54480192353225,169.44521410372417,171.08151245117188,53724500,0.0,0.0
2023-05-11 00:00:00-04:00,171.36736154745756,172.0967844383617,169.71134476851833,171.26878356933594,49514700,0.0,0.0
2023-05-12 00:00:00-04:00,171.3773676163626,171.8116866019269,168.79121464447562,170.3409423828125,45533100,0.24,0.0
2023-05-15 00:00:00-04:00,170.92332917405315,170.97268634600138,169.2551561693846,169.847412109375,37266700,0.0,0.0
2023-05-16 00:00:00-04:00,169.76844364659667,170.903583292935,169.58089543020992,169.847412109375,42110300,0.0,0.0
2023-05-17 00:00:00-04:00,169.492059065459,170.69628668546216,168.21871333171157,170.4593963623047,57951600,0.0,0.0
2023-05-18 00:00:00-04:00,170.76541658498283,172.97648867280256,170.3508433925847,172.7889404296875,65496700,0.0,0.0
2023-05-19 00:00:00-04:00,174.11159953538055,174.11159953538055,172.68033195301507,172.89749145507812,55809500,0.0,0.0
2023-05-22 00:00:00-04:00,171.73274586766902,172.45332751081392,171.2095929310653,171.9499053955078,43570900,0.0,0.0
2023-05-23 00:00:00-04:00,170.89370662105455,171.1404774028389,169.0675968111729,169.34397888183594,50747300,0.0,0.0
2023-05-24 00:00:00-04:00,168.88004898113246,170.19287135053577,168.3174194294986,169.620361328125,45143500,0.0,0.0
2023-05-25 00:00:00-04:00,170.18302884098296,171.65377326209193,169.47232768730396,170.7555389404297,56058300,0.0,0.0
2023-05-26 00:00:00-04:00,171.08125526170468,173.49960591702484,170.87396117733175,173.1639862060547,54835000,0.0,0.0
2023-05-30 00:00:00-04:00,174.67423726963298,176.67801481811213,174.28927545149398,175.0098419189453,55964400,0.0,0.0
2023-05-31 00:00:00-04:00,175.03946345752533,177.03337571367211,174.4768188110026,174.9604949951172,99625300,0.0,0.0
2023-06-01 00:00:00-04:00,175.40465085487386,177.79338997239293,174.64459270694314,177.76377868652344,68901800,0.0,0.0
2023-06-02 00:00:00-04:00,178.69166987914852,179.43198227661338,176.94452840385708,178.61270141601562,61996900,0.0,0.0
2023-06-05 00:00:00-04:00,180.27101332814428,182.56103856696868,175.74028990045602,177.26040649414062,121946500,0.0,0.0
2023-06-06 00:00:00-04:00,177.64536518975015,177.79342164547316,175.13816542041533,176.8951873779297,64848400,0.0,0.0
2023-06-07 00:00:00-04:00,176.13511905525095,178.8693435880805,175.0295907510138,175.52313232421875,61944600,0.0,0.0
2023-06-08 00:00:00-04:00,175.60208462454239,178.50411146672758,175.16778069465795,178.23760986328125,50214900,0.0,0.0
2023-06-09 00:00:00-04:00,179.15559212759166,179.8761586114367,178.29683460490384,178.62257385253906,48900000,0.0,0.0
2023-06-12 00:00:00-04:00,178.92856174317663,181.51471470308874,178.6324337942364,181.41600036621094,54274900,0.0,0.0
2023-06-13 00:00:00-04:00,180.4388079672042,181.7713612206094,180.08345742062403,180.9422149658203,54929100,0.0,0.0
2023-06-14 00:00:00-04:00,181.00144926283193,182.00827838693002,179.66889592317074,181.57395935058594,57462900,0.0,0.0
2023-06-15 00:00:00-04:00,181.5838370156226,184.11076766616947,181.4061542027307,183.6073455810547,65433200,0.0,0.0
2023-06-16 00:00:00-04:00,184.31805138125782,184.57470266619666,181.88983501651188,182.53143310546875,101256200,0.0,0.0
2023-06-20 00:00:00-04:00,182.02802885230534,183.69620198313194,182.02802885230534,182.62026977539062,49799100,0.0,0.0
2023-06-21 00:00:00-04:00,182.51167734169172,183.015099412311,180.23151756348105,181.58383178710938,49515700,0.0,0.0
2023-06-22 00:00:00-04:00,181.36667829792557,184.63392138287654,181.29757524213758,184.58456420898438,51245300,0.0,0.0
2023-06-23 00:00:00-04:00,183.15328303090953,185.13731475683954,182.6202496908907,184.2686767578125,53117000,0.0,0.0
2023-06-26 00:00:00-04:00,184.4167547195407,185.6209974197008,182.83741558637178,182.8769073486328,48088700,0.0,0.0
2023-06-27 00:00:00-04:00,183.48890577659213,185.95661391553264,183.27174625542975,185.63087463378906,50730800,0.0,0.0
2023-06-28 00:00:00-04:00,185.50253915791174,187.44709427325768,185.17681495512898,186.8054962158203,51216800,0.0,0.0
2023-06-29 00:00:00-04:00,186.63770623646846,187.6149240946042,186.49951518133068,187.14111328125,46347300,0.0,0.0
2023-06-30 00:00:00-04:00,189.15478246637608,191.96796090675178,188.7895513940242,191.4645538330078,85213200,0.0,0.0
2023-07-03 00:00:00-04:00,191.27698682945007,191.37570117698604,189.28307449044232,189.9740447998047,31458200,0.0,0.0
2023-07-05 00:00:00-04:00,189.09553270560195,190.48730854754436,188.15779163185775,188.85862731933594,46920300,0.0,0.0
2023-07-06 00:00:00-04:00,187.38788795320247,189.53973735512338,186.7561552507634,189.3324432373047,45094300,0.0,0.0
2023-07-07 00:00:00-04:00,188.9375920522482,190.1813114167851,187.7827065576724,188.21701049804688,46815000,0.0,0.0
2023-07-10 00:00:00-04:00,186.8153498480431,187.53593138541007,184.62402407003376,186.1737518310547,59922200,0.0,0.0
2023-07-11 00:00:00-04:00,186.71665587805697,186.85484691926047,184.18972537508213,185.65060424804688,46638100,0.0,0.0
2023-07-12 00:00:00-04:00,187.22995293607858,189.2238654174545,186.0355905787657,187.3188018798828,60750200,0.0,0.0
2023-07-13 00:00:00-04:00,188.03935020331573,188.72044002337208,187.32864909209994,188.07882690429688,41342300,0.0,0.0
2023-07-14 00:00:00-04:00,187.77283329330808,188.71055932283986,187.18059240914323,188.22689819335938,41616200,0.0,0.0
2023-07-17 00:00:00-04:00,189.421252931179,191.81000743962883,189.33241906132668,191.48426818847656,50520200,0.0,0.0
2023-07-18 00:00:00-04:00,190.85254922844402,191.8198865800326,189.93455398917624,191.22763061523438,48288200,0.0,0.0
2023-07-19 00:00:00-04:00,190.60575926840173,195.6694855056854,190.1615598085878,192.57992553710938,80507300,0.0,0.0
2023-07-20 00:00:00-04:00,192.57005054034346,193.93223012421538,190.01350876450033,190.6353759765625,59581200,0.0,0.0
2023-07-21 00:00:00-04:00,191.59282688932564,192.4515843269373,188.75988828116408,189.46072387695312,71951700,0.0,0.0
2023-07-24 00:00:00-04:00,190.9117629424984,192.3923877240068,189.76674282999198,190.26028442382812,45377800,0.0,0.0
2023-07-25 00:00:00-04:00,190.83280156435973,191.92846454581797,190.42809382758358,191.11904907226562,37283200,0.0,0.0
2023-07-26 00:00:00-04:00,191.1684052777898,193.11296042478057,190.8229351880455,191.98768615722656,47471900,0.0,0.0
2023-07-27 00:00:00-04:00,193.48804855415668,194.65279947329122,190.06286872536143,190.72421264648438,47460200,0.0,0.0
2023-07-28 00:00:00-04:00,192.15550162315532,194.09019149232068,191.63234868611636,193.30052185058594,48291400,0.0,0.0
2023-07-31 00:00:00-04:00,193.5274985437551,193.95195208332268,192.73782909888124,193.91246032714844,38824100,0.0,0.0
2023-08-01 00:00:00-04:00,193.7052107356477,194.1888718595327,192.75760424557473,193.08334350585938,35175100,0.0,0.0
2023-08-02 00:00:00-04:00,192.52068429221174,192.65887532596588,189.37190180440743,190.09246826171875,50389300,0.0,0.0
2023-08-03 00:00:00-04:00,189.09554118067888,189.885195713569,188.22690312046603,188.70069885253906,61235200,0.0,0.0
2023-08-04 00:00:00-04:00,183.12368481919472,184.95966022717982,179.57017917093492,179.6392822265625,115956800,0.0,0.0
2023-08-07 00:00:00-04:00,179.77744139189664,180.76452444560638,175.05918560009945,176.53981018066406,97576100,0.0,0.0
2023-08-08 00:00:00-04:00,177.36897457174686,177.94148460917899,175.2862285117603,177.47755432128906,67823000,0.0,0.0
2023-08-09 00:00:00-04:00,178.53372709089916,178.59294967088076,174.72358547458126,175.8883514404297,60378500,0.0,0.0
2023-08-10 00:00:00-04:00,177.1616784798233,178.41527829006225,175.30597241092943,175.6711883544922,54686900,0.0,0.0
2023-08-11 00:00:00-04:00,175.2659575562626,176.5508864753638,174.5048729038775,175.73049926757812,52036700,0.24,0.0
2023-08-14 00:00:00-04:00,175.90841909398483,177.60849603671858,175.2560608313475,177.38116455078125,43675600,0.0,0.0
2023-08-15 00:00:00-04:00,176.80789799116474,177.40093867304276,174.99909450146933,175.3944549560547,43622600,0.0,0.0
2023-08-16 00:00:00-04:00,175.0781994843883,176.47185512793953,174.4554923342239,174.52468872070312,46964900,0.0,0.0
2023-08-17 00:00:00-04:00,175.08803154260252,175.4537406821077,171.47042491030345,171.98440551757812,66062900,0.0,0.0
2023-08-18 00:00:00-04:00,170.30410101859755,173.07166917955516,169.96804315644715,172.46873474121094,61172200,0.0,0.0
2023-08-21 00:00:00-04:00,173.0420157807921,174.08973444525807,171.7274205434044,173.80308532714844,46311900,0.0,0.0
2023-08-22 00:00:00-04:00,175.00897300604348,175.62178623446252,174.20835828322907,175.177001953125,42038900,0.0,0.0
2023-08-23 00:00:00-04:00,176.45203891919172,179.44693836874362,176.26423745502308,179.02191162109375,52722800,0.0,0.0
2023-08-24 00:00:00-04:00,178.57712060131817,179.00214733275968,173.9710983264249,174.33682250976562,54945800,0.0,0.0
2023-08-25 00:00:00-04:00,175.3252527852027,177.07473842454561,173.78332608108835,176.54100036621094,51449600,0.0,0.0
2023-08-28 00:00:00-04:00,178.003859262239,178.49806733287568,176.48170504077262,178.1027069091797,43820700,0.0,0.0
2023-08-29 00:00:00-04:00,177.61838490226515,182.7581460326424,177.4207046822572,181.9871826171875,53003900,0.0,0.0
2023-08-30 00:00:00-04:00,182.7976884731864,185.67398314097,182.6000082560471,185.47628784179688,60813900,0.0,0.0
2023-08-31 00:00:00-04:00,185.66408956621913,186.92926105598286,185.30825914209595,185.69374084472656,60794500,0.0,0.0
2023-09-01 00:00:00-04:00,187.29500162288934,187.7200133732383,186.09901131803056,187.26535034179688,45766500,0.0,0.0
2023-09-05 00:00:00-04:00,186.09899903788357,187.7793035443977,185.43676200045883,187.50254821777344,45280000,0.0,0.0
2023-09-06 00:00:00-04:00,186.21759365485326,186.66239298088038,179.3678770840619,180.79119873046875,81755800,0.0,0.0
2023-09-07 00:00:00-04:00,173.15073850258275,176.1456533918577,171.52973657694065,175.503173828125,112488800,0.0,0.0
2023-09-08 00:00:00-04:00,176.2840107997074,178.15211655476327,175.7304851357375,176.115966796875,65551300,0.0,0.0
2023-09-11 00:00:00-04:00,177.98410020535158,178.21143169284028,175.28571330476424,177.28231811523438,58953100,0.0,0.0
2023-09-12 00:00:00-04:00,177.4108165912451,178.043402311121,172.79491507430095,174.2577667236328,90370200,0.0,0.0
2023-09-13 00:00:00-04:00,174.46531572894506,175.24617287306006,171.96462426919445,172.1919708251953,84267900,0.0,0.0
2023-09-14 00:00:00-04:00,171.98441978182902,174.06009984649242,171.5692867853032,173.7042694091797,60895800,0.0,0.0
2023-09-15 00:00:00-04:00,174.43566940930017,174.45544195430384,171.806494041059,172.98269653320312,109259500,0.0,0.0
2023-09-18 00:00:00-04:00,174.4356561798522,177.30207170667876,174.12924962468128,175.9084014892578,67257600,0.0,0.0
2023-09-19 00:00:00-04:00,175.4636488877364,177.54920768301113,175.07816717117066,176.99569702148438,51826900,0.0,0.0
2023-09-20 00:00:00-04:00,177.18347129792434,177.61837681135137,173.36818440563272,173.4571533203125,58436200,0.0,0.0
2023-09-21 00:00:00-04:00,172.5280351536478,174.25776334751873,171.846025624082,171.9152069091797,63149100,0.0,0.0
2023-09-22 00:00:00-04:00,172.64665367280514,175.02874030453424,172.03384046276338,172.7652587890625,56725400,0.0,0.0
2023-09-25 00:00:00-04:00,172.1821167645658,174.9200341436397,172.13269293306647,174.04034423828125,46172700,0.0,0.0
2023-09-26 00:00:00-04:00,172.79490338049743,173.17049122867175,169.67150500159482,169.96803283691406,64588900,0.0,0.0
2023-09-27 00:00:00-04:00,170.62036773962245,171.03550065621633,167.09173040755883,168.4557342529297,66921800,0.0,0.0
2023-09-28 00:00:00-04:00,167.37840061261642,170.03724268196555,165.6783234920371,168.7127685546875,56294400,0.0,0.0
2023-09-29 00:00:00-04:00,170.02736032081233,171.06520035560507,168.36681324873706,169.22674560546875,51861100,0.0,0.0
2023-10-02 00:00:00-04:00,169.23661305458424,172.28093658205415,168.9499639274405,171.7373046875,52164500,0.0,0.0
2023-10-03 00:00:00-04:00,170.26457643095287,171.61871693838452,168.84126971126884,170.4029541015625,49594600,0.0,0.0
2023-10-04 00:00:00-04:00,169.10813936129497,172.1920084405094,168.9895342327991,171.64837646484375,53020300,0.0,0.0
2023-10-05 00:00:00-04:00,171.77685938003185,173.4176340313492,170.67971670138417,172.88389587402344,48527900,0.0,0.0
2023-10-06 00:00:00-04:00,171.78673241813826,175.92819856079907,171.17390414032383,175.43399047851562,57266700,0.0,0.0
2023-10-09 00:00:00-04:00,174.7618406122257,176.97589800927489,173.76354582426052,176.91659545898438,42390800,0.0,0.0
2023-10-10 00:00:00-04:00,176.03691333055846,177.6381425852869,175.88864186643335,176.32354736328125,43698000,0.0,0.0
2023-10-11 00:00:00-04:00,176.13575227199846,177.76664794425923,175.54271164011269,177.71722412109375,47551100,0.0,0.0
2023-10-12 00:00:00-04:00,177.98409824545533,180.227791982292,176.96601576479657,178.61668395996094,56743100,0.0,0.0
2023-10-13 00:00:00-04:00,179.31845034069394,179.82253713140665,176.07644667980117,176.77822875976562,51427100,0.0,0.0
2023-10-16 00:00:00-04:00,174.7025383958498,177.00554962273654,174.46531311220224,176.64971923828125,52517000,0.0,0.0
2023-10-17 00:00:00-04:00,174.60370757241088,176.35320838797153,172.77514673671925,175.09791564941406,57549400,0.0,0.0
2023-10-18 00:00:00-04:00,173.54610256783715,175.52293478970745,173.08154578913502,173.80308532714844,54764400,0.0,0.0
2023-10-19 00:00:00-04:00,174.00075828264139,175.7799102245973,173.16061367257353,173.427490234375,59302900,0.0,0.0
2023-10-20 00:00:00-04:00,173.2792242572037,173.38795063159753,170.64015507731645,170.87738037109375,64244000,0.0,0.0
2023-10-23 00:00:00-04:00,168.93023103826835,171.99431247525374,167.961572219047,170.9960174560547,55980100,0.0,0.0
2023-10-24 00:00:00-04:00,171.045411263789,171.65822442721412,169.4639394511676,171.43089294433594,43816600,0.0,0.0
2023-10-25 00:00:00-04:00,169.88897487497013,171.0552987076063,168.67321213575732,169.11801147460938,57157000,0.0,0.0
2023-10-26 00:00:00-04:00,168.39648700816127,169.39479716399708,163.7509332268827,164.95680236816406,70625300,0.0,0.0
2023-10-27 00:00:00-04:00,164.9765244498122,167.00278034322866,164.8974493569631,166.27134704589844,58499100,0.0,0.0
2023-10-30 00:00:00-04:00,167.06210513671374,169.18719386762373,166.91383366211736,168.3173828125,51131000,0.0,0.0
2023-10-31 00:00:00-04:00,167.38827526603964,168.92030818010912,165.9550598323106,168.7918243408203,44846000,0.0,0.0
2023-11-01 00:00:00-04:00,169.01914553939386,172.2117251766134,168.14933458405196,171.95474243164062,56934900,0.0,0.0
2023-11-02 00:00:00-04:00,173.4868054165182,175.7206204672586,173.42750286114074,175.5130615234375,77334800,0.0,0.0
2023-11-03 00:00:00-04:00,172.2216424329047,174.77175801380423,171.34195262679097,174.6037139892578,79829200,0.0,0.0
2023-11-06 00:00:00-05:00,174.33686186638658,177.3515193436343,174.1688329148246,177.15383911132812,63841300,0.0,0.0
2023-11-07 00:00:00-05:00,177.1043884447924,180.32663456302825,176.89682951103612,179.7138214111328,70530000,0.0,0.0
2023-11-08 00:00:00-05:00,180.23768527185777,181.32493395317235,179.4864793691692,180.77142333984375,49340300,0.0,0.0
2023-11-09 00:00:00-05:00,180.84059837026544,181.98714947029399,179.7039109186948,180.29696655273438,53763500,0.0,0.0
2023-11-10 00:00:00-05:00,182.07846664625706,184.65174012268164,181.64298820237886,184.4834747314453,66133400,0.24,0.0
2023-11-13 00:00:00-05:00,183.9094650326421,184.11729742228064,182.31601793716675,182.8999481201172,43627500,0.0,0.0
2023-11-14 00:00:00-05:00,185.7701387274506,186.17592689168708,184.38453902262373,185.5128173828125,60108400,0.0,0.0
2023-11-15 00:00:00-05:00,185.91857611582427,187.55160515956638,185.84928859059917,186.07691955566406,53790500,0.0,0.0
2023-11-16 00:00:00-05:00,187.62090049490251,188.99660829200764,186.7103463929358,187.75946044921875,54412900,0.0,0.0
2023-11-17 00:00:00-05:00,188.29394024819484,188.42260848281387,186.63122045575878,187.7397003173828,50922700,0.0,0.0
2023-11-20 00:00:00-05:00,187.93759410143886,189.9368291546864,187.9277023558229,189.48155212402344,46505100,0.0,0.0
2023-11-21 00:00:00-05:00,189.442003783256,189.5508734120303,187.78917585688575,188.67991638183594,38134500,0.0,0.0
2023-11-22 00:00:00-05:00,189.52115946327928,190.9463411053134,188.8679417719912,189.34300231933594,39617700,0.0,0.0
2023-11-24 00:00:00-05:00,188.90754041885276,188.93723076179566,187.30420149232032,188.0167999267578,24048300,0.0,0.0
2023-11-27 00:00:00-05:00,187.96730652329646,188.70959528304604,186.95778958150402,187.83863830566406,40552600,0.0,0.0
2023-11-28 00:00:00-05:00,187.82874701011957,189.11538388382388,187.45264920500045,188.44236755371094,38415400,0.0,0.0
2023-11-29 00:00:00-05:00,188.93722623545,190.11499348364924,187.02707707633283,187.42295837402344,43014200,0.0,0.0
2023-11-30 00:00:00-05:00,187.88812439803064,188.36320007044645,186.2550951920731,187.9969940185547,48794400,0.0,0.0
2023-12-01 00:00:00-05:00,188.37309535289532,189.5904446947665,187.28439912721964,189.27374267578125,45704800,0.0,0.0
2023-12-04 00:00:00-05:00,188.0266478014677,188.0959353201035,185.52266211817906,187.4822998046875,43389500,0.0,0.0
2023-12-05 00:00:00-05:00,188.25433276481266,192.40123993854135,188.22462732075607,191.4313201904297,66628400,0.0,0.0
2023-12-06 00:00:00-05:00,192.45072587794942,192.75753614335477,190.1347886146608,190.34263610839844,41089700,0.0,0.0
2023-12-07 00:00:00-05:00,191.63914867608756,192.99505783958267,191.5995514892092,192.27256774902344,47477700,0.0,0.0
2023-12-08 00:00:00-05:00,192.2032849129047,193.97488907234165,191.67873543823174,193.69776916503906,53406400,0.0,0.0
2023-12-11 00:00:00-05:00,191.12452944175106,191.50062728331056,189.45190285406377,191.1938018798828,60943700,0.0,0.0
2023-12-12 00:00:00-05:00,191.09483821655866,192.71797585416002,189.74882053401817,192.7080841064453,52696900,0.0,0.0
2023-12-13 00:00:00-05:00,193.08413511536142,195.96421892707963,192.8466123940007,195.9246368408203,70404200,0.0,0.0
2023-12-14 00:00:00-05:00,195.98403383047588,197.567574144968,194.14315707722483,196.07310485839844,66831600,0.0,0.0
2023-12-15 00:00:00-05:00,195.4990533238864,196.36010340669733,194.97450383643803,195.5386505126953,128538400,0.0,0.0
2023-12-18 00:00:00-05:00,194.0738561652729,194.60831249977454,192.39133809002112,193.87591552734375,55751900,0.0,0.0
2023-12-19 00:00:00-05:00,194.14313632648785,194.92500710230044,193.87590816937887,194.9151153564453,40714100,0.0,0.0
2023-12-20 00:00:00-05:00,194.87555255598716,195.64753172216422,192.82684326171875,192.82684326171875,52242800,0.0,0.0
2023-12-21 00:00:00-05:00,194.08375795359612,195.0536776254948,191.51048442189503,192.6783447265625,46482500,0.0,0.0
2023-12-22 00:00:00-05:00,193.17322354105164,193.4008696387368,190.98595440796598,191.60948181152344,37149600,0.0,0.0
2023-12-26 00:00:00-05:00,191.6193643540786,191.89648427525853,190.84738527337694,191.06512451171875,28919300,0.0,0.0
2023-12-27 00:00:00-05:00,190.5108903848591,191.5105004803971,189.12527563548673,191.16409301757812,48087700,0.0,0.0
2023-12-28 00:00:00-05:00,192.14390044821914,192.65855816674446,191.18387253758047,191.58966064453125,34049900,0.0,0.0
2023-12-29 00:00:00-05:00,191.90638540499626,192.40124458871406,189.75869835988954,190.55047607421875,42672100,0.0,0.0
2024-01-02 00:00:00-05:00,185.22579259007347,186.50253778362813,181.99931604152513,183.7313232421875,82488700,0.0,0.0
2024-01-03 00:00:00-05:00,182.32593099304364,183.9688672168001,181.5440449736598,182.35562133789062,58414500,0.0,0.0
2024-01-04 00:00:00-05:00,180.277195595857,181.2075332827541,179.02026413555495,180.0396728515625,71983600,0.0,0.0
2024-01-05 00:00:00-05:00,180.1188231104021,180.8808952614232,178.31752871293088,179.317138671875,62379700,0.0,0.0
2024-01-08 00:00:00-05:00,180.21782130157615,183.69174257913158,179.63389106527006,183.6521453857422,59144500,0.0,0.0
2024-01-09 00:00:00-05:00,182.0289926299427,183.24634194188326,180.85122540618832,183.2364501953125,42841800,0.0,0.0
2024-01-10 00:00:00-05:00,182.45457200324566,184.48348240733844,182.02898528742006,184.27565002441406,46792900,0.0,0.0
2024-01-11 00:00:00-05:00,184.62205313633504,185.12681915669637,181.73207738578324,183.68182373046875,49128400,0.0,0.0
2024-01-12 00:00:00-05:00,184.14701334878532,184.82002975127756,183.285963125415,184.00845336914062,40477800,0.0,0.0
2024-01-16 00:00:00-05:00,180.28710192352952,182.3655014396163,179.06973745492456,181.7419891357422,65603000,0.0,0.0
2024-01-17 00:00:00-05:00,179.40625114511818,181.04917214343425,178.44622312883942,180.80174255371094,47317400,0.0,0.0
2024-01-18 00:00:00-05:00,184.17667408756796,187.1953179109023,183.91935276727983,186.69056701660156,78005800,0.0,0.0
2024-01-19 00:00:00-05:00,187.3833561379468,189.97641309339812,186.87860527237555,189.59042358398438,68903000,0.0,0.0
2024-01-22 00:00:00-05:00,190.32283587135973,193.32168117146784,190.2832386815117,191.896484375,60133900,0.0,0.0
2024-01-23 00:00:00-05:00,193.01487431695855,193.73736447446063,191.83710707958323,193.1732177734375,42355600,0.0,0.0
2024-01-24 00:00:00-05:00,193.41075266703035,194.36088890095834,192.34185506707502,192.50021362304688,53631300,0.0,0.0
2024-01-25 00:00:00-05:00,193.21282181305796,194.2520291241628,191.1245154438125,192.17361450195312,54822100,0.0,0.0
2024-01-26 00:00:00-05:00,192.27257421163478,192.7575265029299,189.96652881027472,190.44158935546875,44594000,0.0,0.0
2024-01-29 00:00:00-05:00,190.03581744325376,190.22386634852867,187.63080907007364,189.75869750976562,47145600,0.0,0.0
2024-01-30 00:00:00-05:00,188.9768051464624,189.82796344587697,185.54248160944437,186.1066131591797,55859400,0.0,0.0
2024-01-31 00:00:00-05:00,185.11691469411622,185.17631048108575,182.45458500160478,182.50405883789062,55467800,0.0,0.0
2024-02-01 00:00:00-05:00,182.0982647000541,185.02782223798647,181.93001441121828,184.93875122070312,64885400,0.0,0.0
2024-02-02 00:00:00-05:00,178.01074479617154,185.40394215196616,177.40701599262258,183.9391632080078,102551700,0.0,0.0
2024-02-05 00:00:00-05:00,186.21550453356022,187.3042007769885,183.92925752426459,185.75033569335938,69668800,0.0,0.0
2024-02-06 00:00:00-05:00,184.93876832266957,187.36357521832525,184.8496972971495,187.3536834716797,43490800,0.0,0.0
2024-02-07 00:00:00-05:00,188.679919622612,189.085707800641,186.67079243137192,187.4625701904297,53439000,0.0,0.0
2024-02-08 00:00:00-05:00,187.44273393335544,187.5911856262693,185.42371540021887,186.3837432861328,40962000,0.0,0.0
2024-02-09 00:00:00-05:00,186.9486117161699,188.27653811843788,186.30447993507684,187.14682006835938,45155200,0.24,0.0
2024-02-12 00:00:00-05:00,186.72066269575697,186.96840797825126,185.10535861511914,185.4621124267578,41781900,0.0,0.0
2024-02-13 00:00:00-05:00,184.0945819491523,184.53061609699293,181.85495475727518,183.37115478515625,56529500,0.0,0.0
2024-02-14 00:00:00-05:00,183.64865818230027,183.85675578337245,180.79462725534452,182.48919677734375,54630500,0.0,0.0
2024-02-15 00:00:00-05:00,181.8946109768474,182.82613576875198,179.71445525689393,182.20181274414062,65434500,0.0,0.0
2024-02-16 00:00:00-05:00,181.76577652013776,183.18288755084293,180.03155935687485,180.66578674316406,49752500,0.0,0.0
2024-02-20 00:00:00-05:00,180.15046783149373,180.78469520216953,178.3766181157698,179.92254638671875,53665600,0.0,0.0
2024-02-21 00:00:00-05:00,180.2991272502037,181.24055639365764,179.03067248659073,180.6757049560547,41371400,0.0,0.0
2024-02-22 00:00:00-05:00,181.825211247954,183.29187418944446,180.81442139510878,182.70718383789062,52292200,0.0,0.0
2024-02-23 00:00:00-05:00,183.34143499372246,183.3711632214272,180.58650833781007,180.8739013671875,45119700,0.0,0.0
2024-02-26 00:00:00-05:00,180.59643039937333,181.11172976770854,179.02075870271764,179.5261688232422,40867400,0.0,0.0
2024-02-27 00:00:00-05:00,179.46671005654383,182.26126931281985,177.94059046680667,180.98291015625,54318900,0.0,0.0
2024-02-28 00:00:00-05:00,180.8639793914523,181.46847854843006,178.50545433930714,179.7838134765625,48953900,0.0,0.0
2024-02-29 00:00:00-05:00,179.63517226295397,180.92345088953732,177.9108594746495,179.11985778808594,136682600,0.0,0.0
2024-03-01 00:00:00-05:00,177.93067957222544,178.90183692569335,175.78025215753124,178.03968811035156,73563100,0.0,0.0
2024-03-04 00:00:00-05:00,174.56134649455421,175.30458245485661,172.2226300679557,173.5208282470703,81510100,0.0,0.0
2024-03-05 00:00:00-05:00,169.21996658252752,170.48842147609815,168.09024847040442,168.5857391357422,95132400,0.0,0.0
2024-03-06 00:00:00-05:00,169.5172478388351,169.69563232435493,167.15870765798908,167.59474182128906,68587700,0.0,0.0
2024-03-07 00:00:00-05:00,167.62447121611535,169.1902233947002,166.97043508778398,167.475830078125,71765100,0.0,0.0
2024-03-08 00:00:00-05:00,167.4758228221548,172.13343143853632,167.41636636953461,169.19021606445312,76267000,0.0,0.0
2024-03-11 00:00:00-04:00,171.38030546468005,172.80732093128213,170.49833272784605,171.1920166015625,60139500,0.0,0.0
2024-03-12 00:00:00-04:00,171.58841376968752,172.46048219171502,169.4677142970823,171.66769409179688,59825400,0.0,0.0
2024-03-13 00:00:00-04:00,171.21184817645832,171.62805851944387,169.2199660307435,169.58663940429688,52488700,0.0,0.0
2024-03-14 00:00:00-04:00,171.35057361629615,172.73794133442243,170.49832912625453,171.43975830078125,72913500,0.0,0.0
2024-03-15 00:00:00-04:00,169.6262667891251,171.0631866455078,168.75419840900892,171.0631866455078,121752700,0.0,0.0
2024-03-18 00:00:00-04:00,173.98659600973463,176.1072954101753,171.95508129819135,172.1532745361328,75604200,0.0,0.0
2024-03-19 00:00:00-04:00,172.76766112194616,175.01719271038215,171.46947815172825,174.49197387695312,55215200,0.0,0.0
2024-03-20 00:00:00-04:00,174.1352325028599,177.05862426757812,173.51090945491785,177.05862426757812,53423100,0.0,0.0
2024-03-21 00:00:00-04:00,175.45324461547284,175.88927881289044,169.29924400405602,169.824462890625,106181300,0.0,0.0
2024-03-22 00:00:00-04:00,170.21092760104455,171.48930183291895,168.52626256417108,170.7262420654297,71160100,0.0,0.0
2024-03-25 00:00:00-04:00,169.03170000930652,170.38933965120722,167.92179058941932,169.30917358398438,54288300,0.0,0.0
2024-03-26 00:00:00-04:00,168.4668059986792,169.87399750483326,168.0505957042821,168.17942810058594,57388400,0.0,0.0
2024-03-27 00:00:00-04:00,168.87312383270142,172.0343565405087,168.57582642397568,171.74696350097656,60273300,0.0,0.0
2024-03-28 00:00:00-04:00,170.20102558587905,170.67669234048742,168.97220342186947,169.93345642089844,65672700,0.0,0.0
2024-04-01 00:00:00-04:00,169.64606274055888,169.70551918920845,167.95147834818596,168.49652099609375,46240500,0.0,0.0
2024-04-02 00:00:00-04:00,167.5551169522469,167.81276664190898,166.71277681419204,167.31727600097656,49329500,0.0,0.0
2024-04-03 00:00:00-04:00,167.2677201117247,169.14067408704202,167.05962251511946,168.11996459960938,47691700,0.0,0.0
2024-04-04 00:00:00-04:00,168.7541832986243,170.3694875068381,167.29745483398438,167.29745483398438,53704400,0.0,0.0
2024-04-05 00:00:00-04:00,168.06051777285862,168.85330584999502,167.4262903353845,168.0506134033203,42104800,0.0,0.0
2024-04-08 00:00:00-04:00,167.50557237539863,167.67403738632925,166.72270378093583,166.93080139160156,37425500,0.0,0.0
2024-04-09 00:00:00-04:00,167.17851757917794,168.54607640984824,166.83168324813985,168.1397705078125,42373800,0.0,0.0
2024-04-10 00:00:00-04:00,167.27762018668898,167.56499806522814,165.60285963338822,166.26681518554688,49709300,0.0,0.0
2024-04-11 00:00:00-04:00,166.8217782077108,173.87757491447604,166.64340884278624,173.4613494873047,91070300,0.0,0.0
2024-04-12 00:00:00-04:00,172.6883626870387,176.75139128420307,172.63882572850417,174.9577178955078,101670900,0.0,0.0
2024-04-15 00:00:00-04:00,173.77847120218846,175.0370216134587,170.94426424521788,171.13255310058594,73531800,0.0,0.0
2024-04-16 00:00:00-04:00,170.20102235595408,172.19288913903023,166.7524119884344,167.85240173339844,73711200,0.0,0.0
2024-04-17 00:00:00-04:00,168.08031301583728,169.1109267558204,166.48483276367188,166.48483276367188,50901200,0.0,0.0
2024-04-18 00:00:00-04:00,166.51456987389489,167.11906901091456,165.0479219314042,165.5334930419922,43122900,0.0,0.0
2024-04-19 00:00:00-04:00,164.7109957890585,164.89926951971245,162.6002009445124,163.51190185546875,68149400,0.0,0.0
2024-04-22 00:00:00-04:00,164.0272236912775,165.75152141981465,163.28398774037723,164.34432983398438,48116400,0.0,0.0
2024-04-23 00:00:00-04:00,163.85875133255257,165.54341638804536,163.43262154349364,165.39476013183594,49537800,0.0,0.0
2024-04-24 00:00:00-04:00,165.03802194946388,167.77314006308927,164.71101142134987,167.49566650390625,48251800,0.0,0.0
2024-04-25 00:00:00-04:00,168.0010494911784,169.07131105182287,166.63349053238153,168.35780334472656,50558300,0.0,0.0
2024-04-26 00:00:00-04:00,168.34790327634968,169.79472746518425,167.65420428921547,167.77313232421875,44838400,0.0,0.0
2024-04-29 00:00:00-04:00,171.80639405446584,174.4424074952563,171.5388400360099,171.9352264404297,68169400,0.0,0.0
2024-04-30 00:00:00-04:00,171.76679778510277,173.41183044153803,168.46682810243752,168.79385375976562,65934800,0.0,0.0
2024-05-01 00:00:00-04:00,168.05060587060277,171.1523820898212,167.58484346320657,167.77313232421875,50383100,0.0,0.0
2024-05-02 00:00:00-04:00,170.95415273119292,171.85594920671264,169.34876810707777,171.46946716308594,94214900,0.0,0.0
2024-05-03 00:00:00-04:00,184.9666483851495,185.313497878847,181.01264278710423,181.7261505126953,163224100,0.0,0.0
2024-05-06 00:00:00-04:00,180.7054248623681,182.53873097916653,178.79282331517493,180.07119750976562,78569700,0.0,0.0
2024-05-07 00:00:00-04:00,181.79549235772294,183.2324120279765,179.68471275097576,180.7549591064453,77305800,0.0,0.0
2024-05-08 00:00:00-04:00,181.20092748758523,181.4189445721307,179.81354466582562,181.0919189453125,45057100,0.0,0.0
2024-05-09 00:00:00-04:00,180.91352883975787,182.99459544718977,180.4675903156434,182.90541076660156,48983000,0.0,0.0
2024-05-10 00:00:00-04:00,183.48093424482693,183.669478466616,180.73220418072017,181.6451416015625,50759500,0.25,0.0
2024-05-13 00:00:00-04:00,184.01680743143146,185.6640710757596,183.2030934113359,184.85035705566406,72044800,0.0,0.0
2024-05-14 00:00:00-04:00,186.07090395104018,186.85484938535834,184.86026592315986,185.99151611328125,52393600,0.0,0.0
2024-05-15 00:00:00-04:00,186.46787049037354,189.18683240943687,185.9320062923224,188.26397705078125,70400000,0.0,0.0
2024-05-16 00:00:00-04:00,189.00819589014523,189.63336565724362,188.2044148419799,188.38302612304688,52845200,0.0,0.0
2024-05-17 00:00:00-04:00,188.0555735439889,189.34559954047234,187.72810435814964,188.41281127929688,41282900,0.0,0.0
2024-05-20 00:00:00-04:00,187.8769693298537,190.44708847543168,187.55941793463836,189.57383728027344,44361300,0.0,0.0
2024-05-21 00:00:00-04:00,189.62345487533878,191.2508679069906,189.45476137627725,190.87379455566406,42309400,0.0,0.0
2024-05-22 00:00:00-04:00,190.79440205142186,191.3401840301744,188.8097513226368,189.43490600585938,34648500,0.0,0.0
2024-05-23 00:00:00-04:00,189.51431079519944,189.53416154393335,185.19770415918353,185.44578552246094,51005900,0.0,0.0
2024-05-24 00:00:00-04:00,187.37087155015982,189.11735863774422,186.59684388111853,188.52195739746094,36327000,0.0,0.0
2024-05-28 00:00:00-04:00,190.04019905563405,191.51876909707792,187.6487067626696,188.53187561035156,52280100,0.0,0.0
2024-05-29 00:00:00-04:00,188.15483105781396,190.77456966628964,188.05559245514976,188.82960510253906,53068000,0.0,0.0
2024-05-30 00:00:00-04:00,189.29596821795033,190.70506832278696,189.16697622567534,189.8218994140625,49889100,0.0,0.0
2024-05-31 00:00:00-04:00,189.9707702687458,191.09210277636024,188.45251367186646,190.77455139160156,75158300,0.0,0.0
2024-06-03 00:00:00-04:00,191.41957619239116,193.4935479224696,191.0425028119373,192.54090881347656,50080500,0.0,0.0
2024-06-04 00:00:00-04:00,193.14619663099631,193.82098571162214,191.54855228534223,192.85842895507812,47471400,0.0,0.0
2024-06-05 00:00:00-04:00,193.9003813531384,195.38886948576234,193.37445009094603,194.3667755126953,54156800,0.0,0.0
2024-06-06 00:00:00-04:00,194.1881624282746,194.99194358986873,192.679823561343,192.98744201660156,41181800,0.0,0.0
2024-06-07 00:00:00-04:00,193.15610745634936,195.42854080055034,192.65002702042116,195.37892150878906,53103900,0.0,0.0
2024-06-10 00:00:00-04:00,195.3888517006261,195.7857909182053,190.6753063763642,191.6378631591797,97010200,0.0,0.0
2024-06-11 00:00:00-04:00,192.1638033246204,205.57012886730556,192.14396771907968,205.56019592285156,172373300,0.0,0.0
2024-06-12 00:00:00-04:00,205.7784872423207,218.51002232587345,205.3120931521647,211.43475341796875,198134300,0.0,0.0
2024-06-13 00:00:00-04:00,213.09192677850285,215.08649505325084,209.97602614095345,212.59576416015625,97862700,0.0,0.0
2024-06-14 00:00:00-04:00,212.2088008716011,213.51866257545944,209.678367977573,210.85923767089844,70122700,0.0,0.0
2024-06-17 00:00:00-04:00,211.73244926121387,217.2696263789355,211.08744385812574,215.0071258544922,93728300,0.0,0.0
2024-06-18 00:00:00-04:00,215.9200623200828,216.95208913019513,211.36529274424583,212.6453857421875,79943300,0.0,0.0
2024-06-20 00:00:00-04:00,212.28815296354617,212.59578653831548,207.24715355520107,208.07077026367188,86172500,0.0,0.0
2024-06-21 00:00:00-04:00,208.77532033595196,210.26380829361358,205.52049454653314,205.8975830078125,241805100,0.0,0.0
2024-06-24 00:00:00-04:00,206.12581247138846,211.0675882243761,205.00448003735443,206.54258728027344,80727000,0.0,0.0
2024-06-25 00:00:00-04:00,207.54484206411715,209.75773850908567,207.0089930344414,207.46546936035156,55549700,0.0,0.0
2024-06-26 00:00:00-04:00,209.87681864015101,213.2110325348534,209.0234182045521,211.61338806152344,66213200,0.0,0.0
2024-06-27 00:00:00-04:00,213.04233172557286,214.0842763709762,210.7202940415425,212.4568634033203,49772700,0.0,0.0
2024-06-28 00:00:00-04:00,214.1140554431902,214.41175609103416,208.686034302842,209.00357055664062,82542700,0.0,0.0
2024-07-01 00:00:00-04:00,210.46229254870087,215.84069445328046,210.29359904602236,215.08653259277344,60402900,0.0,0.0
2024-07-02 00:00:00-04:00,214.4911227279333,218.6886699462021,213.44919320249295,218.5795135498047,58046200,0.0,0.0
2024-07-03 00:00:00-04:00,218.31159349071294,219.84970092773438,217.34903661716913,219.84970092773438,37369800,0.0,0.0
2024-07-05 00:00:00-04:00,219.94889718329503,224.71206166235044,219.94889718329503,224.6029052734375,60412400,0.0,0.0
2024-07-08 00:00:00-04:00,225.34715532852172,226.1013322692385,221.53662969916704,226.07156372070312,59085900,0.0,0.0
2024-07-09 00:00:00-04:00,226.180713251394,227.63943274976205,224.63268810415036,226.92495727539062,48076100,0.0,0.0
2024-07-10 00:00:00-04:00,227.54020555015646,231.29119415797783,227.49058625437067,231.19195556640625,62627700,0.0,0.0
2024-07-11 00:00:00-04:00,229.61417679228308,230.6065022056456,224.0373128145247,225.82350158691406,64710600,0.0,0.0
2024-07-12 00:00:00-04:00,227.1631286162611,230.8545803134063,226.92496506939614,228.77069091796875,53046500,0.0,0.0
2024-07-15 00:00:00-04:00,234.66509753137677,235.409341553401,231.30111515749465,232.60105895996094,62631300,0.0,0.0
2024-07-16 00:00:00-04:00,233.19646408342908,234.4567215545301,230.54695713829173,233.01785278320312,43234300,0.0,0.0
2024-07-17 00:00:00-04:00,227.68907650763262,229.68366039690463,224.90064435415894,227.1234588623047,57345900,0.0,0.0
2024-07-18 00:00:00-04:00,228.51269423226466,228.67146993188885,220.5641731481692,222.45950317382812,66034600,0.0,0.0
2024-07-19 00:00:00-04:00,223.09459660515446,225.0593965950336,221.56640705838353,222.5885009765625,49151500,0.0,0.0
2024-07-22 00:00:00-04:00,225.26777593230437,226.03187070395737,221.3778623137636,222.24119567871094,48201800,0.0,0.0
2024-07-23 00:00:00-04:00,222.64803919770813,225.19832267550643,220.97100689389265,223.2831268310547,39960300,0.0,0.0
2024-07-24 00:00:00-04:00,222.280880842846,223.0747441599071,215.46361045876344,216.86277770996094,61777600,0.0,0.0
2024-07-25 00:00:00-04:00,217.2497516278374,219.1550293615974,212.9728323822056,215.82081604003906,51391200,0.0,0.0
2024-07-26 00:00:00-04:00,217.0215731059544,217.80551869158998,214.35221522008754,216.28726196289062,41601300,0.0,0.0
2024-07-29 00:00:00-04:00,215.29491873308154,217.61695646267233,214.0941983741811,216.56509399414062,36311800,0.0,0.0
2024-07-30 00:00:00-04:00,217.50777956722112,218.63902977566391,214.4613337033208,217.1207733154297,41643800,0.0,0.0
2024-07-31 00:00:00-04:00,219.74050753338085,222.1022464925354,218.93672649714605,220.37559509277344,50036300,0.0,0.0
2024-08-01 00:00:00-04:00,222.64804374939,222.7572001483694,215.35446119036925,216.68417358398438,62501000,0.0,0.0
2024-08-02 00:00:00-04:00,217.46808032420208,223.86859053089324,216.03914463167754,218.17263793945312,105568600,0.0,0.0
2024-08-05 00:00:00-04:00,197.56204548052773,211.8614570593827,194.49576385779395,207.66392517089844,119548600,0.0,0.0
2024-08-06 00:00:00-04:00,203.72440665766518,208.37841518370308,199.52687447574846,205.63958740234375,69660500,0.0,0.0
2024-08-07 00:00:00-04:00,205.31211338628992,212.00039184379946,204.80603289763474,208.209716796875,63516400,0.0,0.0
2024-08-08 00:00:00-04:00,211.47445056104476,212.5560815310077,207.22729938249148,211.67291259765625,47161100,0.0,0.0
2024-08-09 00:00:00-04:00,210.47221789303094,215.11629337558463,210.3432107490655,214.5804443359375,42201600,0.0,0.0
2024-08-12 00:00:00-04:00,214.65993379251097,218.07747160820446,214.1929998012183,216.1103973388672,38028100,0.25,0.0
2024-08-13 00:00:00-04:00,217.58072790378117,220.44193777769505,217.58072790378117,219.82598876953125,44155300,0.0,0.0
2024-08-14 00:00:00-04:00,219.13055181670978,221.5744891931242,218.2662191901357,220.27304077148438,41960600,0.0,0.0
2024-08-15 00:00:00-04:00,223.13426697458056,223.8793724762866,221.30626328939533,223.25347900390625,46414000,0.0,0.0
2024-08-16 00:00:00-04:00,222.45869413327577,225.34970708383625,222.19045191126241,224.57479858398438,44340200,0.0,0.0
2024-08-19 00:00:00-04:00,224.2469437652095,224.51518597934856,221.58442566604344,224.41583251953125,40687800,0.0,0.0
2024-08-20 00:00:00-04:00,224.29662301984854,225.68748051768907,223.97870407222223,225.0317840576172,30299000,0.0,0.0
2024-08-21 00:00:00-04:00,225.04172779494317,226.4921913011218,223.58131984717622,224.92250061035156,34765500,0.0,0.0
2024-08-22 00:00:00-04:00,226.30343225653021,226.84984597984075,222.43881906323927,223.06471252441406,43695300,0.0,0.0
2024-08-23 00:00:00-04:00,224.18732719786422,226.7306179936649,222.8660050723941,225.359619140625,38677300,0.0,0.0
2024-08-26 00:00:00-04:00,225.28016094798537,225.79677167752968,222.42889539152742,225.69741821289062,30602200,0.0,0.0
2024-08-27 00:00:00-04:00,224.52511915345738,227.35652605602343,223.4223624308928,226.5418701171875,35934600,0.0,0.0
2024-08-28 00:00:00-04:00,226.43256221050876,228.35990394020044,224.2071752885293,225.01190185546875,38052200,0.0,0.0
2024-08-29 00:00:00-04:00,228.59836441740794,231.39995310375193,227.3863249726349,228.29037475585938,51906300,0.0,0.0
2024-08-30 00:00:00-04:00,228.68776005113654,228.89638108151303,225.9954391052015,227.50552368164062,52990800,0.0,0.0
2024-09-03 00:00:00-04:00,227.05847075546578,227.50553099413642,219.7266282681139,221.31619262695312,50190600,0.0,0.0
2024-09-04 00:00:00-04:00,220.2134333758585,220.33264539565292,216.06070449558098,219.40872192382812,43840200,0.0,0.0
2024-09-05 00:00:00-04:00,220.1836512012438,224.0085170705176,220.07436845302396,220.9287567138672,36615400,0.0,0.0
2024-09-06 00:00:00-04:00,222.4884846157397,223.7700744804958,218.33577084564575,219.37892150878906,48423000,0.0,0.0
2024-09-09 00:00:00-04:00,219.37894424631622,219.82600453136772,215.29576534565257,219.46835327148438,67180000,0.0,0.0
2024-09-10 00:00:00-04:00,217.49131703149231,220.03460793809228,215.31560663834654,218.67355346679688,51591000,0.0,0.0
2024-09-11 00:00:00-04:00,220.01475867053273,221.63411098197892,216.4680492147489,221.20692443847656,44587100,0.0,0.0
2024-09-12 00:00:00-04:00,221.04795042006705,222.09110108310472,218.38544755210194,221.31619262695312,37455600,0.0,0.0
2024-09-13 00:00:00-04:00,222.12089674811224,222.57788625371046,220.461797151476,221.04794311523438,36766600,0.0,0.0
2024-09-16 00:00:00-04:00,215.126845002842,215.80241517960704,212.52394807405793,214.90829467773438,59357400,0.0,0.0
2024-09-17 00:00:00-04:00,214.3419921866889,215.48448109873988,213.10014982176025,215.3751983642578,45519300,0.0,0.0
2024-09-18 00:00:00-04:00,216.1302484418979,221.2565773677011,216.12030400107497,219.249755859375,59894900,0.0,0.0
2024-09-19 00:00:00-04:00,223.52168975444923,228.32017032885514,223.16403855762368,227.37635803222656,66781300,0.0,0.0
2024-09-20 00:00:00-04:00,228.4692229235467,231.56885703306253,226.13455289925716,226.7107696533203,318679900,0.0,0.0
2024-09-23 00:00:00-04:00,225.85638298730962,227.95261380296742,224.33636892980346,224.9920654296875,54146000,0.0,0.0
2024-09-24 00:00:00-04:00,227.15781488965328,227.85325878901892,224.25687274556688,225.88616943359375,43556100,0.0,0.0
2024-09-25 00:00:00-04:00,223.46208007568333,225.80667911779153,222.5580303354434,224.89268493652344,42308700,0.0,0.0
2024-09-26 00:00:00-04:00,225.81662129607273,227.00878694842402,223.93895622483703,226.03518676757812,36636700,0.0,0.0
2024-09-27 00:00:00-04:00,226.9690618971705,228.02214184296878,225.8166284941723,226.3034210205078,34026000,0.0,0.0
2024-09-30 00:00:00-04:00,228.5387415800987,231.47943115234375,228.1512873446241,231.47943115234375,54541900,0.0,0.0
2024-10-01 00:00:00-04:00,228.02214574584622,228.15128705136544,222.2798675150603,224.73374938964844,63285000,0.0,0.0
2024-10-02 00:00:00-04:00,224.41582711263038,225.8861642954019,221.56456176324298,225.30001831054688,32880600,0.0,0.0
2024-10-03 00:00:00-04:00,223.6707104185886,225.3298099915582,221.86259582618194,224.19725036621094,34044200,0.0,0.0
2024-10-04 00:00:00-04:00,226.41271278943105,226.5120662505933,222.66732681912907,225.3199005126953,37245100,0.0,0.0
2024-10-07 00:00:00-04:00,223.0348997045567,224.21713611955545,219.885589131397,220.2432403564453,39505400,0.0,0.0
2024-10-08 00:00:00-04:00,222.83620769655573,224.5052366387564,221.79305702807565,224.29661560058594,31855700,0.0,0.0
2024-10-09 00:00:00-04:00,223.7601370790405,228.25064364916537,223.36275355639287,228.04200744628906,33591100,0.0,0.0
2024-10-10 00:00:00-04:00,226.29350107451606,228.00227752622936,225.68748134269669,227.54527282714844,28183500,0.0,0.0
2024-10-11 00:00:00-04:00,227.8035664938185,227.9128492283195,225.85635099522128,226.0649871826172,31759200,0.0,0.0
2024-10-14 00:00:00-04:00,227.20747392643057,230.21769857807328,227.10813563369229,229.79051208496094,39882100,0.0,0.0
2024-10-15 00:00:00-04:00,232.08544385770335,235.9401275315396,230.853530735341,232.32388305664062,64751400,0.0,0.0
2024-10-16 00:00:00-04:00,230.0885617348273,230.60515724916505,228.34003796565733,230.2673797607422,34082200,0.0,0.0
2024-10-17 00:00:00-04:00,231.9066400773438,232.32391251820164,229.0156421145612,230.63499450683594,32993800,0.0,0.0
2024-10-18 00:00:00-04:00,234.63867690560429,234.63867690560429,232.4828401919167,233.4663848876953,46431500,0.0,0.0
2024-10-21 00:00:00-04:00,232.91995571367772,235.3043021987925,232.91995571367772,234.93670654296875,36254500,0.0,0.0
2024-10-22 00:00:00-04:00,232.36362533760988,234.67842149785605,231.0820505913223,234.32077026367188,38846600,0.0,0.0
2024-10-23 00:00:00-04:00,232.55238437433343,233.60546433739609,226.27362172475395,229.25404357910156,52287000,0.0,0.0
2024-10-24 00:00:00-04:00,228.47914643577636,229.3136761173618,226.91940013747097,229.0653076171875,31109500,0.0,0.0
2024-10-25 00:00:00-04:00,228.24072625952675,231.69801159617745,228.07183749564092,229.8998260498047,38802300,0.0,0.0
2024-10-28 00:00:00-04:00,231.79736647290133,233.1981533252385,231.03238723011694,231.8768310546875,36087100,0.0,0.0
2024-10-29 00:00:00-04:00,231.5787930163908,232.80076177889833,230.80388451731673,232.1450653076172,35417200,0.0,0.0
2024-10-30 00:00:00-04:00,231.09195684474602,231.94634497686565,228.05192923673224,228.5983428955078,47070900,0.0,0.0
2024-10-31 00:00:00-04:00,227.84330777090054,228.330115454563,223.89921505082026,224.43569946289062,64370100,0.0,0.0
2024-11-01 00:00:00-04:00,219.5279346472888,223.87935529424118,218.83250593091054,221.4552764892578,65276700,0.0,0.0
2024-11-04 00:00:00-05:00,219.5477790953966,221.3360197964329,218.27613385238067,220.5611114501953,44944500,0.0,0.0
2024-11-05 00:00:00-05:00,220.35251908634842,222.4884819564664,219.6968226591573,221.9917449951172,28111300,0.0,0.0
2024-11-06 00:00:00-05:00,221.15722727351368,224.59465366535846,219.7464961432124,221.26651000976562,54561100,0.0,0.0
2024-11-07 00:00:00-05:00,223.16404611393824,226.39283627600352,223.1044401056504,225.9954376220703,42137700,0.0,0.0
2024-11-08 00:00:00-05:00,225.93579455138124,227.41770491673495,225.17992905795916,225.72694396972656,38328800,0.25,0.0
2024-11-11 00:00:00-05:00,223.77755477883602,224.4737485807484,220.29657059338746,223.01173400878906,42005600,0.0,0.0
2024-11-12 00:00:00-05:00,223.3300027044557,224.36434561359883,222.14646565326132,223.01173400878906,40398300,0.0,0.0
2024-11-13 00:00:00-05:00,222.79294167641658,225.4185978724207,221.54973296285615,223.89691162109375,48566200,0.0,0.0
2024-11-14 00:00:00-05:00,223.79747584076947,227.62654977508777,223.77758025105393,226.98008728027344,44923900,0.0,0.0
2024-11-15 00:00:00-05:00,225.1699449930133,225.6871240415238,223.05152776948486,223.77755737304688,47923700,0.0,0.0
2024-11-18 00:00:00-05:00,224.0262188410909,228.49183017609323,223.94665165924164,226.7811737060547,44633700,0.0,0.0
2024-11-19 00:00:00-05:00,225.7467938634959,228.90952454109907,225.42854034251505,227.03973388671875,36211800,0.0,0.0
2024-11-20 00:00:00-05:00,226.82093350733243,228.68076882556113,224.66272507245372,227.75582885742188,35169600,0.0,0.0
2024-11-21 00:00:00-05:00,227.63651765548505,228.90956230117874,224.4837418395179,227.27847290039062,42108300,0.0,0.0
2024-11-22 00:00:00-05:00,226.82094518602503,229.46649702017746,226.82094518602503,228.62110900878906,38168300,0.0,0.0
2024-11-25 00:00:00-05:00,230.20248468460477,231.98275293866183,228.49182822914253,231.6048126220703,90152800,0.0,0.0
2024-11-26 00:00:00-05:00,232.06231657216094,234.29015208323423,232.06231657216094,233.7829132080078,45986200,0.0,0.0
2024-11-27 00:00:00-05:00,233.19611792325418,234.40949083683986,232.53970008294309,233.6536102294922,33498400,0.0,0.0
2024-11-29 00:00:00-05:00,233.5342752849028,236.51797629056327,232.698842645531,236.04058837890625,28481400,0.0,0.0
2024-12-02 00:00:00-05:00,235.9809120539101,239.4817769036961,235.8715090788613,238.28829956054688,48137100,0.0,0.0
2024-12-03 00:00:00-05:00,238.5070985351772,241.44106801091166,237.60203896586935,241.3316650390625,38861000,0.0,0.0
2024-12-04 00:00:00-05:00,241.55048900644988,242.78375758332757,239.9392952788925,241.68972778320312,44383900,0.0,0.0
2024-12-05 00:00:00-05:00,242.6644095132275,243.21140922639395,240.81451427308068,241.7195587158203,40033900,0.0,0.0
2024-12-06 00:00:00-05:00,241.59025685240857,243.30091318780651,240.76476447856876,241.5206298828125,36870600,0.0,0.0
2024-12-09 00:00:00-05:00,240.516140724136,245.89675186527563,240.43657354260168,245.40940856933594,44649200,0.0,0.0
2024-12-10 00:00:00-05:00,245.54865007065558,246.861485816723,244.0070681600661,246.4238739013672,36914800,0.0,0.0
2024-12-11 00:00:00-05:00,246.61281718111218,249.43738355757404,244.92204129682997,245.1508026123047,45205800,0.0,0.0
2024-12-12 00:00:00-05:00,245.54865996903848,247.388615093895,244.3452271532981,246.61285400390625,32777500,0.0,0.0
2024-12-13 00:00:00-05:00,246.47359279661413,247.9355922748061,244.90217516923994,246.7819061279297,33155300,0.0,0.0
2024-12-16 00:00:00-05:00,246.64268436980004,250.01426601000418,246.30452004436617,249.6761016845703,51694800,0.0,0.0
2024-12-17 00:00:00-05:00,248.72130738305802,252.45093348613432,248.42293425963442,252.1028289794922,51356400,0.0,0.0
2024-12-18 00:00:00-05:00,250.7900177691265,252.89849494785605,246.39403346062903,246.7023468017578,56774100,0.0,0.0
2024-12-19 00:00:00-05:00,246.15532490458142,250.6308762664829,245.7475488049507,248.43287658691406,60882300,0.0,0.0
2024-12-20 00:00:00-05:00,246.69239156062656,253.6145845456153,244.35516822034685,253.10736083984375,147495300,0.0,0.0
2024-12-23 00:00:00-05:00,253.38583418491564,254.26104280923545,252.07299848460428,253.88311767578125,40858800,0.0,0.0
2024-12-24 00:00:00-05:00,254.101957652135,256.80716624287646,253.90303208844082,256.7972412109375,23234700,0.0,0.0
2024-12-26 00:00:00-05:00,256.78725468311694,258.6868812844183,256.23029959445824,257.61273193359375,27237100,0.0,0.0
2024-12-27 00:00:00-05:00,256.42919055718573,257.29448932345014,251.68511699924173,254.2013702392578,42355300,0.0,0.0
2024-12-30 00:00:00-05:00,250.85962400320443,252.1227283114492,249.38766912858338,250.8297882080078,35557500,0.0,0.0
2024-12-31 00:00:00-05:00,251.0684930674946,251.90392569582917,248.07483671879714,249.05946350097656,39480700,0.0,0.0
2025-01-02 00:00:00-05:00,247.57756417344766,247.74665392379396,240.5062071395791,242.52517700195312,55740700,0.0,0.0
2025-01-03 00:00:00-05:00,242.03782653808594,242.85336358935695,240.5758118291158,242.03782653808594,40244100,0.0,0.0
2025-01-06 00:00:00-05:00,242.98266113735735,245.98625772407811,241.87869116125097,243.66891479492188,45045600,0.0,0.0
2025-01-07 00:00:00-05:00,241.6598944370817,244.21593900697974,240.03876048613398,240.8940887451172,40856000,0.0,0.0
2025-01-08 00:00:00-05:00,240.6056476428208,242.38593107741448,238.74581220273618,241.38140869140625,37628900,0.0,0.0
2025-01-10 00:00:00-05:00,238.70599119102164,238.85518532841934,231.73408283180441,235.56317138671875,61710900,0.0,0.0
2025-01-13 00:00:00-05:00,232.2612269401141,233.39503269669683,228.47192915300568,233.12649536132812,49630700,0.0,0.0
2025-01-14 00:00:00-05:00,233.47460320476435,234.8371551382162,231.20699165927476,232.01258850097656,39435300,0.0,0.0
2025-01-15 00:00:00-05:00,233.36520475508792,237.66174156203553,233.15633900368562,236.57765197753906,39832000,0.0,0.0
2025-01-16 00:00:00-05:00,236.06047699847062,236.7168796666606,226.79110553013876,227.0198516845703,71759100,0.0,0.0
2025-01-17 00:00:00-05:00,230.85888730040747,231.0279618693864,227.2386640256131,228.7305145263672,68488300,0.0,0.0
2025-01-21 00:00:00-05:00,222.78303179337033,223.20074815687613,218.18813661891676,221.430419921875,98070400,0.0,0.0
2025-01-22 00:00:00-05:00,218.59587812819439,222.9023551356524,218.59587812819439,222.6139373779297,64126500,0.0,0.0
2025-01-23 00:00:00-05:00,223.5189735650416,225.7965251191765,221.09222786837518,222.44483947753906,60234800,0.0,0.0
2025-01-24 00:00:00-05:00,223.5587751677507,224.40416321125562,220.207089142254,221.56964111328125,54697900,0.0,0.0
2025-01-27 00:00:00-05:00,222.80290778981754,230.888727332658,222.76311661057002,228.61117553710938,94863400,0.0,0.0
2025-01-28 00:00:00-05:00,229.5957855991,238.88503723433337,229.55599442275542,236.96551513671875,75707600,0.0,0.0
2025-01-29 00:00:00-05:00,232.84800364416722,238.5568232574634,232.73860067537262,238.05953979492188,45486100,0.0,0.0
2025-01-30 00:00:00-05:00,237.37331330002667,239.48179056573835,235.9212539220553,236.29917907714844,55658300,0.0,0.0
2025-01-31 00:00:00-05:00,245.84699474947953,245.84699474947953,232.1716998572169,234.71778869628906,100959800,0.0,0.0
2025-02-03 00:00:00-05:00,228.7404632470789,230.5704628324937,224.47376244068877,226.77120971679688,73063300,0.0,0.0
2025-02-04 00:00:00-05:00,226.01533721300711,231.8633956790269,225.4185909783935,231.53518676757812,45067300,0.0,0.0
2025-02-05 00:00:00-05:00,227.2883741709104,231.4058805611787,227.02979223826367,231.20697021484375,39620300,0.0,0.0
2025-02-06 00:00:00-05:00,230.0334043541599,232.5297773409264,229.17807609142312,231.9529266357422,29925300,0.0,0.0
2025-02-07 00:00:00-05:00,231.33627899238985,232.72866665415378,226.0252799376335,226.39328002929688,39707200,0.0,0.0
2025-02-10 00:00:00-05:00,228.57377553913867,229.58933825388894,226.21404995469493,226.66209411621094,33115600,0.25,0.0
2025-02-11 00:00:00-05:00,227.20971719471092,234.2092091135714,227.1400288616486,231.61053466796875,53718400,0.0,0.0
2025-02-12 00:00:00-05:00,230.19670873650108,235.93172304376256,229.67896101319025,235.84210205078125,45243300,0.0,0.0
2025-02-13 00:00:00-05:00,235.88194100703416,241.28837041996871,234.54775953627293,240.4818878173828,53614100,0.0,0.0
2025-02-14 00:00:00-05:00,240.203075232316,244.48441805735465,239.9442089936196,243.53854370117188,40896200,0.0,0.0
2025-02-18 00:00:00-05:00,243.0905000064508,244.11602908498713,240.7905267294893,243.40911865234375,48822500,0.0,0.0
2025-02-19 00:00:00-05:00,243.5982928571997,244.94242536854557,242.10480216065562,243.807373046875,32204200,0.0,0.0
2025-02-20 00:00:00-05:00,243.87707690453925,245.70908851524857,243.2298884862767,244.76321411132812,32316900,0.0,0.0
2025-02-21 00:00:00-05:00,244.88269415360097,247.61080936192474,244.15586625078134,244.48443603515625,53197400,0.0,0.0
2025-02-24 00:00:00-05:00,243.86711335623195,247.7800669312537,243.3593319822528,246.0277099609375,51326400,0.0,0.0
2025-02-25 00:00:00-05:00,246.92379728169456,248.91511822751468,243.84721006662005,245.96795654296875,48013300,0.0,0.0
2025-02-26 00:00:00-05:00,243.26972892021308,243.91690216055417,238.0922974197643,239.31695556640625,44433600,0.0,0.0
2025-02-27 00:00:00-05:00,238.37109275336516,241.40786042901627,236.0312844149354,236.27024841308594,41153600,0.0,0.0
2025-02-28 00:00:00-05:00,235.9217631442628,241.03945773883657,229.20105446423008,240.79054260253906,56833400,0.0,0.0
2025-03-03 00:00:00-05:00,240.7407483660274,242.97103338088397,235.08540395372597,236.9970703125,47184000,0.0,0.0
2025-03-04 00:00:00-05:00,236.6784633674393,239.02822274747484,233.6615980851158,234.9061737060547,53798100,0.0,0.0
2025-03-05 00:00:00-05:00,234.3983766092207,235.5234777567522,228.23523611666363,234.7169952392578,47227600,0.0,0.0
2025-03-06 00:00:00-05:00,233.42263965762712,236.82779659290307,232.14819548977783,234.30877685546875,45170400,0.0,0.0
2025-03-07 00:00:00-05:00,234.08974000390756,240.32256924437755,233.74125275300776,238.03256225585938,46273600,0.0,0.0
2025-03-10 00:00:00-04:00,234.5178647329352,235.13518456664028,223.24699590534985,226.4928436279297,72071200,0.0,0.0
2025-03-11 00:00:00-04:00,222.83878108425105,224.85997074742775,216.5063794973434,219.8816680908203,76137400,0.0,0.0
2025-03-12 00:00:00-04:00,219.18469713036333,220.78771110845915,213.9773970817033,216.0384063720703,62547500,0.0,0.0
2025-03-13 00:00:00-04:00,215.01287598245443,215.899013195213,207.51555384047248,208.77008056640625,61368300,0.0,0.0
2025-03-14 00:00:00-04:00,210.3332680009786,213.02154815111564,208.67051688888432,212.5635528564453,60107600,0.0,0.0
2025-03-17 00:00:00-04:00,212.3843267022667,214.28604179494317,209.05882446828872,213.0713348388672,48073400,0.0,0.0
2025-03-18 00:00:00-04:00,213.23063555765447,214.21632963340127,210.57222410469132,211.7670135498047,42432400,0.0,0.0
2025-03-19 00:00:00-04:00,213.29039128502816,217.8106832228152,212.8224296395377,214.30596923828125,54385400,0.0,0.0
2025-03-20 00:00:00-04:00,213.0613904363763,216.5462020975973,211.29906714235267,213.17091369628906,48862900,0.0,0.0
2025-03-21 00:00:00-04:00,210.6419412957371,217.8903488075446,210.36315756009637,217.3228302001953,94127800,0.0,0.0
2025-03-24 00:00:00-04:00,220.04097309502072,220.5188858867363,217.63147647971348,219.7721405029297,44299500,0.0,0.0
2025-03-25 00:00:00-04:00,219.81195837594151,223.12750944589686,219.12495024533285,222.77902221679688,34493600,0.0,0.0
2025-03-26 00:00:00-04:00,222.54008343913912,224.0435405886843,219.51328206033222,220.5686798095703,34466100,0.0,0.0
2025-03-27 00:00:00-04:00,220.42928473771144,224.0136687326393,219.60288467242046,222.8786163330078,37094800,0.0,0.0
2025-03-28 00:00:00-04:00,220.7080664246457,222.8387793372666,216.73537546649092,216.9544219970703,39818600,0.0,0.0
2025-03-31 00:00:00-04:00,216.0682695484103,224.6409066608951,215.29165561007284,221.1660614013672,65299300,0.0,0.0
2025-04-01 00:00:00-04:00,218.85612876373423,222.70932997882656,217.95007407622174,222.22146606445312,36412700,0.0,0.0
2025-04-02 00:00:00-04:00,220.35957187069846,224.212772841887,220.06087070560943,222.9184112548828,35905900,0.0,0.0
2025-04-03 00:00:00-04:00,204.64805110026137,206.58960121618028,200.37667426890133,202.30825805664062,103419000,0.0,0.0
2025-04-04 00:00:00-04:00,193.0486144227304,199.01262630823254,186.52703508606032,187.56253051757812,125910900,0.0,0.0
2025-04-07 00:00:00-04:00,176.43103817745248,193.30748067285785,173.86223225537526,180.6725616455078,160466300,0.0,0.0
2025-04-08 00:00:00-04:00,185.88983084847527,189.51403482217904,168.47573669018362,171.6717987060547,120859500,0.0,0.0
2025-04-09 00:00:00-04:00,171.20381523449285,199.7394480269994,171.14407803694525,197.98709106445312,184395900,0.0,0.0
2025-04-10 00:00:00-04:00,188.24955627509658,193.93476977334223,182.20588916182834,189.59368896484375,121880000,0.0,0.0
2025-04-11 00:00:00-04:00,185.2924188893916,198.67408279715283,185.2525839628914,197.2901153564453,87435900,0.0,0.0
2025-04-14 00:00:00-04:00,210.5224325383335,212.01592310379547,200.28704507843972,201.64114379882812,101352900,0.0,0.0
2025-04-15 00:00:00-04:00,200.98403365195668,202.62686743682656,198.93297540670014,201.2628173828125,51343900,0.0,0.0
2025-04-16 00:00:00-04:00,197.49920369317184,199.8290454554037,191.53519224238798,193.4269561767578,59732400,0.0,0.0
2025-04-17 00:00:00-04:00,196.34426016251078,197.96719174329118,193.5763250102755,196.12521362304688,52164700,0.0,0.0
2025-04-21 00:00:00-04:00,192.43131586910098,192.9590147372882,188.98632373298676,192.32179260253906,46742500,0.0,0.0
2025-04-22 00:00:00-04:00,195.26892870764283,200.7151927551101,195.11958571249494,198.87322998046875,52976400,0.0,0.0
2025-04-23 00:00:00-04:00,205.1060461943045,207.0973670311424,201.9199358938783,203.71212768554688,52929200,0.0,0.0
2025-04-24 00:00:00-04:00,204.00086522918792,207.92376976062596,202.05933042602183,207.46575927734375,47311000,0.0,0.0
2025-04-25 00:00:00-04:00,205.47445049920006,208.8397878176709,205.30519003897632,208.371826171875,38222300,0.0,0.0
2025-04-28 00:00:00-04:00,209.088696522261,210.5821872117057,206.55972563953335,209.22808837890625,38743100,0.0,0.0
2025-04-29 00:00:00-04:00,207.78438836336602,211.31898611202763,207.46576971677675,210.29345703125,36827600,0.0,0.0
2025-04-30 00:00:00-04:00,208.39172484027222,212.65315013853834,205.77313312562183,211.5778350830078,52286500,0.0,0.0
2025-05-01 00:00:00-04:00,208.17271138967982,213.62892699621815,207.99348458901505,212.39431762695312,57365700,0.0,0.0
2025-05-02 00:00:00-04:00,205.19567188008233,206.0917754590827,201.2827333487594,204.45889282226562,101010600,0.0,0.0
2025-05-05 00:00:00-04:00,202.21865389928206,203.21431440062256,197.34987465543003,198.02691650390625,69018500,0.0,0.0
2025-05-06 00:00:00-04:00,197.3498735756035,199.77927242381972,196.16503515467957,197.6485595703125,51216500,0.0,0.0
2025-05-07 00:00:00-04:00,198.30570335142838,198.574535944944,192.41139491378883,195.39837646484375,68536700,0.0,0.0
2025-05-08 00:00:00-04:00,196.86199326420865,199.18188402861682,193.83517686729027,196.63299560546875,50478900,0.0,0.0
2025-05-09 00:00:00-04:00,198.1364339272832,199.6697443694255,196.6827629534363,197.66847229003906,36453900,0.0,0.0
2025-05-12 00:00:00-04:00,210.32995926202443,210.6290521628615,206.1227607044075,210.15049743652344,63775800,0.26,0.0
2025-05-13 00:00:00-04:00,209.79158118866218,212.75257189298435,208.36592688565332,212.28399658203125,51909300,0.0,0.0
2025-05-14 00:00:00-04:00,211.78549375335473,213.29092224655892,209.9411156617564,211.68580627441406,49325800,0.0,0.0
2025-05-15 00:00:00-04:00,210.31000386923802,212.31391554357438,208.90427796298633,210.80848693847656,45029500,0.0,0.0
2025-05-16 00:00:00-04:00,211.71573318604425,211.92510277199543,209.1335944967917,210.6190643310547,54737900,0.0,0.0
2025-05-19 00:00:00-04:00,207.27923550566183,208.84446444770495,203.64029993754312,208.14659118652344,46140500,0.0,0.0
2025-05-20 00:00:00-04:00,207.03996203611737,207.83753801206538,204.40797196423648,206.232421875,42496600,0.0,0.0
2025-05-21 00:00:00-04:00,204.54755595275296,206.4118779017609,200.10109516487896,201.47689819335938,59211800,0.0,0.0
2025-05-22 00:00:00-04:00,200.1010930441042,202.13489740214874,199.0941474443519,200.74911499023438,46742400,0.0,0.0
2025-05-23 00:00:00-04:00,193.0824298832746,197.10020219746903,192.8730755135501,194.67758178710938,78432900,0.0,0.0
2025-05-27 00:00:00-04:00,197.6983910952664,200.1309909415137,196.83102019804124,199.60260009765625,56288500,0.0,0.0
2025-05-28 00:00:00-04:00,199.98143310081724,202.11494001836002,199.2935240345892,199.81195068359375,45339700,0.0,0.0
2025-05-29 00:00:00-04:00,202.96236033905296,203.19165828241367,197.90773491315443,199.34336853027344,51396800,0.0,0.0
2025-05-30 00:00:00-04:00,198.7651407343476,201.3472946799051,196.18300200128658,200.24066162109375,70819900,0.0,0.0
2025-06-02 00:00:00-04:00,199.67238359256916,201.51677709467234,199.51286535414474,201.08807373046875,35423300,0.0,0.0
2025-06-03 00:00:00-04:00,200.73914706631285,203.1518034040851,200.35033086337637,202.6533203125,46381600,0.0,0.0
2025-06-04 00:00:00-04:00,202.29440469878628,205.6143037964219,201.48686455307688,202.20468139648438,43604000,0.0,0.0
2025-06-05 00:00:00-04:00,202.8826044104843,204.12881205428334,199.54276184010462,200.0213165283203,55126100,0.0,0.0
2025-06-06 00:00:00-04:00,202.38413874603313,205.07594444547604,201.43702389784912,203.3013458251953,46607700,0.0,0.0
2025-06-09 00:00:00-04:00,203.76990423179717,205.3750202901374,199.41316716451473,200.8388214111328,72862600,0.0,0.0
2025-06-10 00:00:00-04:00,199.99141796230995,203.73004106569937,199.96151019448254,202.0551300048828,54672600,0.0,0.0
2025-06-11 00:00:00-04:00,202.88260699920767,203.8795731269679,197.80805305990708,198.1769256591797,60989900,0.0,0.0
2025-06-12 00:00:00-04:00,198.47602627663701,199.07419684911244,196.7612432530472,198.5956573486328,43904600,0.0,0.0
2025-06-13 00:00:00-04:00,199.12403626091725,199.76209396079906,195.1062640673262,195.85398864746094,51447300,0.0,0.0
2025-06-16 00:00:00-04:00,196.701426450214,198.08720880439395,195.96366601516638,197.81802368164062,43020700,0.0,0.0
2025-06-17 00:00:00-04:00,196.60172782081946,197.7881200100286,194.61777485692886,195.0464630126953,38856200,0.0,0.0
2025-06-18 00:00:00-04:00,195.34553910938874,196.97059871241268,194.4781834746436,195.9835968017578,45394700,0.0,0.0
2025-06-20 00:00:00-04:00,197.63859168364695,201.0880863339216,196.26277341287403,200.3902130126953,96813500,0.0,0.0
2025-06-23 00:00:00-04:00,201.01828233775666,201.686247808318,198.3563846401482,200.888671875,55814300,0.0,0.0
2025-06-24 00:00:00-04:00,201.9753521214132,202.82277936444737,199.59260382672892,199.6923065185547,54064000,0.0,0.0
2025-06-25 00:00:00-04:00,200.83881944772682,203.052085424857,200.01133575244882,200.948486328125,39525700,0.0,0.0
2025-06-26 00:00:00-04:00,200.81890119127095,202.02523702778157,198.85489170599743,200.3902130126953,50799100,0.0,0.0
2025-06-27 00:00:00-04:00,201.27751091280393,202.6034778198992,199.39324535272064,200.469970703125,73188600,0.0,0.0
2025-06-30 00:00:00-04:00,201.39711462840114,206.76079706763053,198.65545787730727,204.5475311279297,91912800,0.0,0.0
2025-07-01 00:00:00-04:00,206.04299395149746,209.55231908550664,205.51460310500556,207.18951416015625,78788900,0.0,0.0
2025-07-02 00:00:00-04:00,208.2761972389462,212.69274987948137,207.5085290616707,211.7954864501953,67941800,0.0,0.0
2025-07-03 00:00:00-04:00,211.5063683517463,213.9987837940836,211.16740350258758,212.90213012695312,34955800,0.0,0.0
2025-07-07 00:00:00-04:00,212.03474730839852,215.57398008038285,208.16652910348648,209.3130340576172,50229000,0.0,0.0
2025-07-08 00:00:00-04:00,209.46258702266434,210.78853856973336,207.81758380403343,209.3728485107422,42848900,0.0,0.0
2025-07-09 00:00:00-04:00,208.8943192909964,210.6888614301138,206.59132988433592,210.4994354248047,48749400,0.0,0.0
2025-07-10 00:00:00-04:00,209.87133445003573,212.83232507172787,209.39279496736208,211.7655792236328,44443600,0.0,0.0
2025-07-11 00:00:00-04:00,209.93115706069412,211.48642172848318,209.22330444266433,210.5193634033203,39765800,0.0,0.0
2025-07-14 00:00:00-04:00,209.29309904361602,210.27013683517245,206.91035052542594,207.98707580566406,38840100,0.0,0.0
2025-07-15 00:00:00-04:00,208.5852528191871,211.24715053377864,208.28615994072268,208.4755859375,42296300,0.0,0.0
2025-07-16 00:00:00-04:00,209.6619745482938,211.75559423754484,208.00700716596054,209.52239990234375,47490500,0.0,0.0
2025-07-17 00:00:00-04:00,209.93117746335784,211.1574416148312,208.95413964633332,209.38284301757812,48068100,0.0,0.0
2025-07-18 00:00:00-04:00,210.23024956462245,211.1474566075158,209.06380098140497,210.539306640625,48974600,0.0,0.0
2025-07-21 00:00:00-04:00,211.45652088357517,215.12534891613055,210.98794558852114,211.83535766601562,51377400,0.0,0.0
2025-07-22 00:00:00-04:00,212.49337032996837,214.29787667610697,211.5861274580158,213.74954223632812,46404100,0.0,0.0
2025-07-23 00:00:00-04:00,214.3477172095632,214.4972560435483,211.76557859278188,213.5002899169922,46989300,0.0,0.0
2025-07-24 00:00:00-04:00,213.25105536667797,215.03563331063384,212.8821827557749,213.11148071289062,46022600,0.0,0.0
2025-07-25 00:00:00-04:00,214.04862920984866,214.58699944946258,212.7525701732737,213.2311248779297,40268800,0.0,0.0
2025-07-28 00:00:00-04:00,213.3806606658472,214.19818019857897,212.41360229785764,213.40060424804688,37858000,0.0,0.0
2025-07-29 00:00:00-04:00,213.53018805628847,214.15828155569844,210.18039662608902,210.6290283203125,51411700,0.0,0.0
2025-07-30 00:00:00-04:00,211.25711581327238,211.74563469104578,207.0898047125579,208.415771484375,45512500,0.0,0.0
2025-07-31 00:00:00-04:00,207.85746883247032,209.2033639475293,206.5315020865265,206.9402618408203,80698400,0.0,0.0
2025-08-01 00:00:00-04:00,210.23023901853355,212.93202387361222,200.88867142379772,201.76600646972656,104434500,0.0,0.0
2025-08-04 00:00:00-04:00,203.8895472057539,207.24933356384108,201.06813110178,202.7330780029297,75109300,0.0,0.0
2025-08-05 00:00:00-04:00,202.78290655256814,204.71702329589334,201.54667827641916,202.3043670654297,44155100,0.0,0.0
2025-08-06 00:00:00-04:00,205.00615029681612,214.72657006985978,204.96626313259566,212.60302734375,108483100,0.0,0.0
2025-08-07 00:00:00-04:00,218.2159523061407,220.1799768073744,215.92292715514498,219.36245727539062,90224800,0.0,0.0
2025-08-08 00:00:00-04:00,220.16003429974123,230.29917810781973,218.58482597462978,228.65419006347656,113854000,0.0,0.0
2025-08-11 00:00:00-04:00,227.4864157407103,229.12329528601256,224.3324234952035,226.74781799316406,61806100,0.26,0.0
2025-08-12 00:00:00-04:00,227.57622481823222,230.36092560837628,226.63802588155738,229.21310424804688,55626200,0.0,0.0
2025-08-13 00:00:00-04:00,230.6304284784954,234.55294488479396,229.99163136972763,232.88612365722656,69878500,0.0,0.0
2025-08-14 00:00:00-04:00,233.61473725595164,234.67271834509882,230.41085227691244,232.33717346191406,51916300,0.0,0.0
2025-08-15 00:00:00-04:00,233.5548328767578,233.834298979768,228.9036945156081,231.1494140625,56038700,0.0,0.0
2025-08-18 00:00:00-04:00,231.2592012143754,232.67649791960375,229.6722297518056,230.45074462890625,37476200,0.0,0.0
2025-08-19 00:00:00-04:00,230.84001516813981,232.42698672077375,228.9136940815642,230.1213836669922,39402600,0.0,0.0
2025-08-20 00:00:00-04:00,229.54248102593337,230.0315543310328,225.3404986724704,225.5800323486328,42263900,0.0,0.0
2025-08-21 00:00:00-04:00,225.8395414786139,226.08906587116957,223.3542730460458,224.47213745117188,30621200,0.0,0.0
2025-08-22 00:00:00-04:00,225.73973438952316,228.65417758009713,224.98118568943215,227.3267059326172,42477800,0.0,0.0
2025-08-25 00:00:00-04:00,226.0491451945495,228.86378779922748,225.79962078901826,226.7278594970703,30983100,0.0,0.0
2025-08-26 00:00:00-04:00,226.43840339540802,229.0534295301293,224.26255788237486,228.87376403808594,54575100,0.0,0.0
2025-08-27 00:00:00-04:00,228.17510050695543,230.46073738560713,227.82576024347395,230.05152893066406,31259500,0.0,0.0
2025-08-28 00:00:00-04:00,230.3809040856524,232.9659733126178,228.90370861616245,232.11758422851562,38074700,0.0,0.0
2025-08-29 00:00:00-04:00,232.0676707602769,232.9360260407387,230.92984008944924,231.69837951660156,39418400,0.0,0.0
2025-09-02 00:00:00-04:00,228.81388239599917,230.4108447009183,226.53822101083426,229.28298950195312,44075600,0.0,0.0
2025-09-03 00:00:00-04:00,236.75874463665696,238.395624134605,233.9141603097862,238.01634216308594,66427800,0.0,0.0
2025-09-04 00:00:00-04:00,237.9963808412042,239.4436193831587,236.28964239378743,239.3238525390625,47549400,0.0,0.0
2025-09-05 00:00:00-04:00,239.54341659874092,240.86091270031892,238.03629475202086,239.2340087890625,54870400,0.0,0.0
2025-09-08 00:00:00-04:00,238.84475646782593,239.69313028194867,235.89038089866295,237.42745971679688,48999500,0.0,0.0
2025-09-09 00:00:00-04:00,236.54912730927947,238.3257397896772,232.9160527142261,233.9041748046875,66313900,0.0,0.0
2025-09-10 00:00:00-04:00,231.7482872752143,231.97784546194652,225.52015268533836,226.35855102539062,83440800,0.0,0.0
2025-09-11 00:00:00-04:00,226.44839058875493,230.01159113632517,226.21881717306923,229.59239196777344,50208600,0.0,0.0
2025-09-12 00:00:00-04:00,228.78394562468256,234.0638755168574,228.58432913969838,233.62472534179688,55824200,0.0,0.0
2025-09-15 00:00:00-04:00,236.54912714503797,237.7368657054393,234.58287368836292,236.24969482421875,42699500,0.0,0.0
2025-09-16 00:00:00-04:00,236.72878926810645,240.76111223381088,235.87043992435724,237.6969451904297,63421100,0.0,0.0
2025-09-17 00:00:00-04:00,238.5153883976145,239.6432435766681,237.27774187166392,238.5353546142578,46508000,0.0,0.0
2025-09-18 00:00:00-04:00,239.5134800259323,240.74113579799257,236.199788714976,237.42745971679688,44249600,0.0,0.0
2025-09-19 00:00:00-04:00,240.77107799962133,245.83144010441063,239.7530294205925,245.032958984375,163741300,0.0,0.0
2025-09-22 00:00:00-04:00,247.82763635806887,256.15178189089505,247.64797087114997,255.5928192138672,105517400,0.0,0.0
2025-09-23 00:00:00-04:00,255.39322235208516,256.8504363399061,253.0975947938589,253.9459686279297,60275200,0.0,0.0
2025-09-24 00:00:00-04:00,254.73446948849343,255.2534845023776,250.56241362070242,251.8300018310547,42303700,0.0,0.0
2025-09-25 00:00:00-04:00,252.72829161839874,256.6807646844572,251.2311452680336,256.3813171386719,55202100,0.0,0.0
2025-09-26 00:00:00-04:00,253.61660096533106,257.10994249251326,253.2972024297037,254.97401428222656,46076300,0.0,0.0
2025-09-29 00:00:00-04:00,254.0757261912774,254.5148915782133,252.52867184357527,253.9459686279297,40127700,0.0,0.0
2025-09-30 00:00:00-04:00,254.37515755125318,255.4331385813304,252.6284867333586,254.14559936523438,37704300,0.0,0.0
2025-10-01 00:00:00-04:00,254.55481135314994,258.29769267334166,254.44502000530687,254.9640350341797,48713900,0.0,0.0
2025-10-02 00:00:00-04:00,256.09186667190835,257.68882891050583,253.66649683440303,256.6408386230469,42630200,0.0,0.0
2025-10-03 00:00:00-04:00,254.18552630266564,258.7468246365968,253.46689477740222,257.5291442871094,49155600,0.0,0.0
2025-10-06 00:00:00-04:00,257.49920544747016,258.5771679771474,254.56481112131073,256.2016906738281,44664100,0.0,0.0
2025-10-07 00:00:00-04:00,256.3214394907812,256.91031341337026,254.94405994391948,255.99208068847656,31955800,0.0,0.0
2025-10-08 00:00:00-04:00,256.03198246417537,258.0281776413904,255.62275879770374,257.5690612792969,36496900,0.0,0.0
2025-10-09 00:00:00-04:00,257.3195337882977,257.50917476461467,252.65841993311406,253.55670166015625,38322000,0.0,0.0
2025-10-10 00:00:00-04:00,254.45500785015722,255.8922708493858,243.53581752909898,244.80340576171875,61999100,0.0,0.0
2025-10-13 00:00:00-04:00,248.90558714178317,249.2149949644775,245.09284695690994,247.18885803222656,38142900,0.0,0.0
2025-10-14 00:00:00-04:00,246.13087266264282,248.37659224814226,244.23447809703134,247.29864501953125,35478000,0.0,0.0
2025-10-15 00:00:00-04:00,249.01537013681215,251.3409393203658,246.99920876557604,248.8656463623047,33893600,0.0,0.0
2025-10-16 00:00:00-04:00,247.7777291727393,248.56621957555782,244.66366953460536,246.979248046875,39777000,0.0,0.0
2025-10-17 00:00:00-04:00,247.5481624372989,252.89796599708643,246.79958926324147,251.81002807617188,49147000,0.0,0.0
2025-10-20 00:00:00-04:00,255.4032084113237,263.87706298772724,255.14370850365398,261.7411193847656,90483000,0.0,0.0
2025-10-21 00:00:00-04:00,261.38182000576944,264.7853366806196,261.33189684706855,262.2701110839844,46695900,0.0,0.0
2025-10-22 00:00:00-04:00,262.15033525743416,262.349966966352,254.94406918261987,257.9583435058594,45015300,0.0,0.0
2025-10-23 00:00:00-04:00,259.4454820834593,260.12418111371363,257.51916110368444,259.0861511230469,32754900,0.0,0.0
2025-10-24 00:00:00-04:00,260.69310343226954,263.6275126875418,258.68691759501684,262.32000732421875,38253700,0.0,0.0
2025-10-27 00:00:00-04:00,264.37609822840903,268.60802232244004,264.1465248140549,268.2986145019531,44888200,0.0,0.0
2025-10-28 00:00:00-04:00,268.4782600095115,269.3765722048576,267.63986169210665,268.4882507324219,41534800,0.0,0.0
2025-10-29 00:00:00-04:00,268.76770579477784,270.8936584399069,266.6018207191691,269.1869201660156,51086700,0.0,0.0
2025-10-30 00:00:00-04:00,271.4725408872279,273.6184749716116,267.969239224885,270.8836669921875,69886500,0.0,0.0
2025-10-31 00:00:00-04:00,276.4630533049319,276.79244258078194,268.647962249571,269.85565185546875,86167100,0.0,0.0
2025-11-03 00:00:00-05:00,269.90556627002525,270.33474092754267,265.74348587775046,268.53814697265625,50194600,0.0,0.0
2025-11-04 00:00:00-05:00,267.8195068636227,270.9734988318123,267.11086611942017,269.5262756347656,49274800,0.0,0.0
2025-11-05 00:00:00-05:00,268.0989800730272,271.18312844251227,266.4221834255846,269.6260986328125,43683100,0.0,0.0
2025-11-06 00:00:00-05:00,267.38037702601645,272.8798740142925,267.38037702601645,269.25677490234375,51204000,0.0,0.0
2025-11-07 00:00:00-05:00,269.28671541495146,271.7719991063764,266.26248096015127,267.9592590332031,48227400,0.0,0.0
2025-11-10 00:00:00-05:00,268.7085692371889,273.4741297822401,267.20997142836535,269.1781311035156,41312400,0.26,0.0
2025-11-11 00:00:00-05:00,269.55775905965567,275.65206242273547,269.5477586519058,274.99267578125,46208300,0.0,0.0
2025-11-12 00:00:00-05:00,274.74292397164845,275.4722525277038,271.4460210796085,273.21435546875,48398000,0.0,0.0
2025-11-13 00:00:00-05:00,273.85374352181776,276.4413491841305,271.83564282199285,272.6948547363281,49602800,0.0,0.0
2025-11-14 00:00:00-05:00,270.7965900477885,275.70200347225597,269.3479639093673,272.15533447265625,47431300,0.0,0.0
2025-11-17 00:00:00-05:00,268.5687054184609,270.2371271729127,265.48159771217263,267.2099609375,45018300,0.0,0.0
2025-11-18 00:00:00-05:00,269.7376065335732,270.4569347049811,265.0719890725528,267.19000244140625,45677300,0.0,0.0
2025-11-19 00:00:00-05:00,265.2817633125939,271.9555110777923,265.2517925781922,268.3089294433594,40424500,0.0,0.0
2025-11-20 00:00:00-05:00,270.5768036466949,275.17250947675234,265.67142054546326,266.0010986328125,45823600,0.0,0.0
2025-11-21 00:00:00-05:00,265.70137680880595,273.0744516711978,265.4216397990326,271.2361755371094,59030800,0.0,0.0
2025-11-24 00:00:00-05:00,270.64675212306133,276.7410558404627,270.64675212306133,275.6620788574219,65585800,0.0,0.0
2025-11-25 00:00:00-05:00,275.012667049666,280.1179060838009,274.9926967216935,276.7110900878906,46914200,0.0,0.0
2025-11-26 00:00:00-05:00,276.70108254872224,279.26868736786383,276.3714044558947,277.29052734375,33431400,0.0,0.0
2025-11-28 00:00:00-05:00,277.0008150112318,278.73917862681736,275.73198274965245,278.5893249511719,20135600,0.0,0.0
2025-12-01 00:00:00-05:00,277.75011957449965,283.1550658399818,275.88187257202503,282.8353576660156,46587700,0.0,0.0
2025-12-02 00:00:00-05:00,282.7354345985028,287.1313151163589,282.36578537497866,285.9224548339844,53669500,0.0,0.0
2025-12-03 00:00:00-05:00,285.9324708384744,288.35019153510143,283.0351573834178,283.8843688964844,43538700,0.0,0.0
2025-12-04 00:00:00-05:00,283.83440686502166,284.46382276925783,278.32954829392816,280.4375915527344,43989100,0.0,0.0
2025-12-05 00:00:00-05:00,280.27774306596746,280.8771882481053,277.79005013345267,278.5193786621094,47265800,0.0,0.0
2025-12-08 00:00:00-05:00,277.86998437615557,279.4085531850005,275.8918244790692,277.6302185058594,38211800,0.0,0.0
2025-12-09 00:00:00-05:00,277.8999627322321,279.7682096639769,276.6611317163261,276.9208679199219,32193300,0.0,0.0
2025-12-10 00:00:00-05:00,277.490342786908,279.48847306800184,276.1815698919154,278.5193786621094,33038300,0.0,0.0
2025-12-11 00:00:00-05:00,278.83908758708685,279.3286197507982,273.5540244422053,277.77008056640625,33248000,0.0,0.0
2025-12-12 00:00:00-05:00,277.64021728323,278.9589906850317,276.5612402656973,278.0198669433594,39532900,0.0,0.0
2025-12-15 00:00:00-05:00,279.8880911943856,279.8880911943856,272.5849275039148,273.8537292480469,50409100,0.0,0.0
2025-12-16 00:00:00-05:00,272.5649667835892,275.2424541197232,271.53593087885605,274.353271484375,37648600,0.0,0.0
2025-12-17 00:00:00-05:00,274.75292651919426,275.90184538512057,271.38608172110213,271.58587646484375,50138700,0.0,0.0
2025-12-18 00:00:00-05:00,273.35420232069225,273.374203136776,266.7004552212896,271.935546875,51630700,0.0,0.0
2025-12-19 00:00:00-05:00,271.8955859651445,274.34330788170604,269.64768928264715,273.4141845703125,144632000,0.0,0.0
2025-12-22 00:00:00-05:00,272.6048920133635,273.62395794129594,270.25711338978425,270.7166748046875,36571800,0.0,0.0
2025-12-23 00:00:00-05:00,270.5868091030317,272.2452609569047,269.30800689497966,272.1053771972656,29642000,0.0,0.0
2025-12-24 00:00:00-05:00,272.085389177814,275.17249671786806,271.9455359163183,273.55401611328125,17910600,0.0,0.0
2025-12-26 00:00:00-05:00,273.9037084592662,275.1125687682936,272.6049054553,273.1444091796875,21521800,0.0,0.0
2025-12-29 00:00:00-05:00,272.4350823114352,274.10350406329195,272.0954038139857,273.50408935546875,23715200,0.0,0.0
2025-12-30 00:00:00-05:00,272.5549704076282,273.82377221524894,272.02546707967076,272.82470703125,22139600,0.0,0.0
2025-12-31 00:00:00-05:00,272.80472532736104,273.42414083736213,271.49595243002375,271.6058349609375,27293600,0.0,0.0
2026-01-02 00:00:00-05:00,272.0054842546519,277.58025431004916,268.7485221479618,270.75665283203125,37838100,0.0,0.0
2026-01-05 00:00:00-05:00,270.38700744645297,271.25618925068443,265.89121426121545,267.0101623535156,45647200,0.0,0.0
2026-01-06 00:00:00-05:00,266.7503924619391,267.2998660934885,261.8749496989937,262.1147155761719,52352100,0.0,0.0
2026-01-07 00:00:00-05:00,262.95395138764474,263.4334831315393,259.56710600115036,260.08660888671875,48309800,0.0,0.0
2026-01-08 00:00:00-05:00,256.7797203952787,259.0476178563403,255.46096229095477,258.7978515625,50419300,0.0,0.0
2026-01-09 00:00:00-05:00,258.8377955175017,259.9667440583015,255.98048371428257,259.1275329589844,39997000,0.0,0.0
2026-01-12 00:00:00-05:00,258.9177364764393,261.05572011368304,256.5599267903311,260.0067138671875,45263800,0.0,0.0
2026-01-13 00:00:00-05:00,258.4781303943212,261.56523797230057,258.148452318208,260.8059387207031,45730800,0.0,0.0
2026-01-14 00:00:00-05:00,259.247418118488,261.57525710051715,256.4700180914029,259.71697998046875,40019400,0.0,0.0
2026-01-15 00:00:00-05:00,260.40631875644857,260.7959687899761,256.8096782083212,257.9685974121094,39388600,0.0,0.0
2026-01-16 00:00:00-05:00,257.6589020182799,258.6579671912775,254.69167723491495,255.29112243652344,72142800,0.0,0.0
2026-01-20 00:00:00-05:00,252.49373739571587,254.55180921698133,243.19244305608962,246.46937561035156,80267500,0.0,0.0
2026-01-21 00:00:00-05:00,248.46750904444812,251.3248360900433,244.9507953165175,247.41848754882812,54641700,0.0,0.0
2026-01-22 00:00:00-05:00,248.96703988447874,250.76536025794266,247.9180183962477,248.1178436279297,39708300,0.0,0.0
2026-01-23 00:00:00-05:00,247.08880782235642,249.17685039145397,244.45126111041233,247.80812072753906,41689000,0.0,0.0
2026-01-26 00:00:00-05:00,251.24490015634893,256.32015295784896,249.5664780183616,255.17123413085938,55969200,0.0,0.0
2026-01-27 00:00:00-05:00,258.92771692213245,261.70511669708895,257.96859246831417,258.0285339355469,49648300,0.0,0.0
2026-01-28 00:00:00-05:00,257.409147241713,258.61800761819165,254.27208306792676,256.2002868652344,41288000,0.0,0.0
2026-01-29 00:00:00-05:00,257.75880668092503,259.4072580677027,254.17216647920577,258.0385437011719,67253000,0.0,0.0
2026-01-30 00:00:00-05:00,254.93144331105526,261.6551472598355,251.94423313215475,259.2374267578125,92443400,0.0,0.0
2026-02-02 00:00:00-05:00,259.7869174093499,270.2371306501278,258.9676766447768,269.7575988769531,73913400,0.0,0.0
2026-02-03 00:00:00-05:00,268.9483513556569,271.6258386480508,267.3598109321867,269.22808837890625,64394700,0.0,0.0
2026-02-04 00:00:00-05:00,272.03545112075,278.68922850453845,272.03545112075,276.23150634765625,90545700,0.0,0.0
2026-02-05 00:00:00-05:00,277.86999494352693,279.2387093202658,272.97458180817284,275.6520690917969,52977400,0.0,0.0
2026-02-06 00:00:00-05:00,276.8609202349588,280.6473855638201,276.67109542368036,277.8599853515625,50453400,0.0,0.0
2026-02-09 00:00:00-05:00,277.9100036621094,278.20001220703125,271.70001220703125,274.6199951171875,44623400,0.26,0.0
2026-02-10 00:00:00-05:00,274.8900146484375,275.3699951171875,272.94000244140625,273.67999267578125,34376900,0.0,0.0
2026-02-11 00:00:00-05:00,274.70001220703125,280.17999267578125,274.45001220703125,275.5,51931300,0.0,0.0
2026-02-12 00:00:00-05:00,275.5899963378906,275.7200012207031,260.17999267578125,261.7300109863281,81077200,0.0,0.0
2026-02-13 00:00:00-05:00,262.010009765625,262.2300109863281,255.4499969482422,255.77999877929688,56290700,0.0,0.0
2026-02-17 00:00:00-05:00,258.04998779296875,266.2900085449219,255.5399932861328,263.8800048828125,58469100,0.0,0.0
2026-02-18 00:00:00-05:00,263.6000061035156,266.82000732421875,262.45001220703125,264.3500061035156,34203300,0.0,0.0
2026-02-19 00:00:00-05:00,262.6000061035156,264.4800109863281,260.04998779296875,260.5799865722656,30845300,0.0,0.0
2026-02-20 00:00:00-05:00,258.9700012207031,264.75,258.1600036621094,264.5799865722656,42070500,0.0,0.0
2026-02-23 00:00:00-05:00,263.489990234375,269.42999267578125,263.3800048828125,266.17999267578125,37308200,0.0,0.0
2026-02-24 00:00:00-05:00,267.8599853515625,274.8900146484375,267.7099914550781,272.1400146484375,47014600,0.0,0.0
2026-02-25 00:00:00-05:00,271.7799987792969,274.94000244140625,271.04998779296875,274.2300109863281,33714300,0.0,0.0
2026-02-26 00:00:00-05:00,274.95001220703125,276.1099853515625,270.79998779296875,272.95001220703125,32345100,0.0,0.0
2026-02-27 00:00:00-05:00,272.80999755859375,272.80999755859375,262.8900146484375,264.17999267578125,72366500,0.0,0.0
2026-03-02 00:00:00-05:00,262.4100036621094,266.5299987792969,260.20001220703125,264.7200012207031,41827900,0.0,0.0
2026-03-03 00:00:00-05:00,263.4800109863281,265.55999755859375,260.1300048828125,263.75,38568900,0.0,0.0
2026-03-04 00:00:00-05:00,264.6499938964844,266.1499938964844,261.4200134277344,262.5199890136719,39803100,0.0,0.0
2026-03-05 00:00:00-05:00,260.7900085449219,261.55999755859375,257.25,260.2900085449219,49658600,0.0,0.0
2026-03-06 00:00:00-05:00,258.6300048828125,258.7699890136719,254.3699951171875,257.4599914550781,41120000,0.0,0.0
2026-03-09 00:00:00-04:00,255.69000244140625,261.1499938964844,253.67999267578125,259.8800048828125,38218500,0.0,0.0
2026-03-10 00:00:00-04:00,257.6499938964844,262.4800109863281,256.95001220703125,260.8299865722656,30590800,0.0,0.0
2026-03-11 00:00:00-04:00,261.0899963378906,262.1300048828125,259.54998779296875,260.80999755859375,26218900,0.0,0.0
2026-03-12 00:00:00-04:00,258.6600036621094,258.95001220703125,254.17999267578125,255.75999450683594,40794000,0.0,0.0
2026-03-13 00:00:00-04:00,255.47999572753906,256.3299865722656,249.52000427246094,250.1199951171875,36930000,0.0,0.0
2026-03-16 00:00:00-04:00,252.11000061035156,253.88999938964844,249.8800048828125,252.82000732421875,32074200,0.0,0.0
2026-03-17 00:00:00-04:00,252.9600067138672,255.1300048828125,252.17999267578125,254.22999572753906,32361600,0.0,0.0
2026-03-18 00:00:00-04:00,252.6300048828125,254.94000244140625,249.0,249.94000244140625,35757900,0.0,0.0
2026-03-19 00:00:00-04:00,249.39999389648438,251.8300018310547,247.3000030517578,248.9600067138672,34864100,0.0,0.0
2026-03-20 00:00:00-04:00,247.97999572753906,249.1999969482422,246.0,247.99000549316406,88331100,0.0,0.0
2026-03-23 00:00:00-04:00,253.97000122070312,254.60000610351562,250.27999877929688,251.49000549316406,40546100,0.0,0.0
2026-03-24 00:00:00-04:00,250.35000610351562,254.8300018310547,249.5500030517578,251.63999938964844,45152300,0.0,0.0
2026-03-25 00:00:00-04:00,254.10000610351562,255.0,251.60000610351562,252.6199951171875,28476700,0.0,0.0
2026-03-26 00:00:00-04:00,252.1199951171875,257.0,250.77000427246094,252.88999938964844,41796700,0.0,0.0
2026-03-27 00:00:00-04:00,253.89999389648438,255.49000549316406,248.07000732421875,248.8000030517578,47900000,0.0,0.0
2026-03-30 00:00:00-04:00,250.07000732421875,250.8699951171875,245.50999450683594,246.6300048828125,39446200,0.0,0.0
2026-03-31 00:00:00-04:00,247.91000366210938,255.47999572753906,247.10000610351562,253.7899932861328,49598100,0.0,0.0
2026-04-01 00:00:00-04:00,254.0800018310547,256.17999267578125,253.3300018310547,255.6300048828125,40059400,0.0,0.0
2026-04-02 00:00:00-04:00,254.1999969482422,256.1300048828125,250.64999389648438,255.9199981689453,31289400,0.0,0.0
2026-04-06 00:00:00-04:00,256.510009765625,262.1600036621094,256.4599914550781,258.8599853515625,29329900,0.0,0.0
2026-04-07 00:00:00-04:00,256.1600036621094,256.20001220703125,245.6999969482422,253.5,62148000,0.0,0.0
2026-04-08 00:00:00-04:00,258.45001220703125,259.75,256.5299987792969,258.8999938964844,41032800,0.0,0.0
2026-04-09 00:00:00-04:00,259.0,261.1199951171875,256.07000732421875,260.489990234375,28121600,0.0,0.0
2026-04-10 00:00:00-04:00,259.9800109863281,262.19000244140625,259.0199890136719,260.4800109863281,31291500,0.0,0.0
2026-04-13 00:00:00-04:00,259.7300109863281,260.17999267578125,256.6600036621094,259.20001220703125,36234700,0.0,0.0
2026-04-14 00:00:00-04:00,259.25,261.92999267578125,257.19000244140625,258.8299865722656,48370700,0.0,0.0
2026-04-15 00:00:00-04:00,258.1600036621094,266.55999755859375,257.80999755859375,266.42999267578125,49913500,0.0,0.0
2026-04-16 00:00:00-04:00,266.79998779296875,267.1600036621094,261.2699890136719,263.3999938964844,43323100,0.0,0.0
2026-04-17 00:00:00-04:00,266.9599914550781,272.29998779296875,266.7200012207031,270.2300109863281,61436200,0.0,0.0
2026-04-20 00:00:00-04:00,270.3299865722656,274.2799987792969,270.2900085449219,273.04998779296875,36590200,0.0,0.0
2026-04-21 00:00:00-04:00,271.5,272.79998779296875,265.3999938964844,266.1700134277344,50209800,0.0,0.0
2026-04-22 00:00:00-04:00,267.82000732421875,273.739990234375,266.8699951171875,273.1700134277344,43249200,0.0,0.0
2026-04-23 00:00:00-04:00,275.04998779296875,275.7699890136719,271.6499938964844,273.42999267578125,33399600,0.0,0.0
2026-04-24 00:00:00-04:00,272.760009765625,273.05999755859375,269.6499938964844,271.05999755859375,38124500,0.0,0.0
